:020000040800F2
:100000000000022059220008ED1A0008EF1A00082B
:10001000F11A0008F31A0008F51A000800000000A1
:10002000000000000000000000000000F71A0008B7
:10003000F91A000800000000FB1A0008FD1A000869
:10004000A9220008A9220008A9220008A922000864
:10005000A9220008A9220008A9220008A922000854
:10006000A9220008A9220008A9220008A922000844
:10007000351B0008A9220008451B0008551B000875
:10008000651B0008751B0008A9220008851B0008D5
:10009000991B0008A9220008A9220008A92200082B
:1000A000A9220008A91B0008A9220008A92200080B
:1000B000A9220008A9220008A9220008B91B0008EB
:1000C000A9220008C91B0008D91B0008A9220008A2
:1000D000A9220008E91B0008F91B0008091C0008F8
:1000E000A9220008A9220008A9220008A9220008C4
:1000F000A9220008A9220008A9220008A9220008B4
:10010000A9220008A9220008A9220008A9220008A3
:10011000A9220008A9220008A9220008A922000893
:10012000191C0008291C0008391C0008491C00087B
:10013000591C0008A9220008A9220008A9220008C9
:10014000A9220008A9220008A9220008A922000863
:10015000691C0008A9220008791C0008A9220008CF
:10016000A9220008A9220008A9220008A922000843
:10017000A9220008A9220008A92200080000000006
:08018000A9220008A9220008D1
:1001880010B5054C237833B9044B13B10448AFF3C9
:1001980000800123237010BD200000200000000013
:1001A8009CED000808B5034B1BB103490348AFF3A6
:1001B800008008BD00000000240000209CED00081D
:1001C80081F0004102E000BF83F0004330B54FEA00
:1001D80041044FEA430594EA050F08BF90EA020F6D
:1001E8001FBF54EA000C55EA020C7FEA645C7FEA00
:1001F800655C00F0E2804FEA5454D4EB5555B8BF23
:100208006D420CDD2C4480EA020281EA030382EA93
:10021800000083EA010180EA020281EA0303362D25
:1002280088BF30BD11F0004F4FEA01314FF4801CF8
:100238004CEA113102D0404261EB410113F0004F0A
:100248004FEA03334CEA133302D0524263EB4303C1
:1002580094EA050F00F0A780A4F10104D5F1200E5F
:100268000DDB02FA0EFC22FA05F2801841F10001BA
:1002780003FA0EF2801843FA05F359410EE0A5F18E
:1002880020050EF1200E012A03FA0EFC28BF4CF0BF
:10029800020C43FA05F3C01851EBE37101F0004575
:1002A80007D54FF0000EDCF1000C7EEB00006EEB82
:1002B8000101B1F5801F1BD3B1F5001F0CD349080C
:1002C8005FEA30004FEA3C0C04F101044FEA445263
:1002D80012F5800F80F09A80BCF1004F08BF5FEAEA
:1002E800500C50F1000041EB045141EA050130BDCA
:1002F8005FEA4C0C404141EB0101013C28BFB1F5DC
:10030800801FE9D291F0000F04BF01460020B1FA26
:1003180081F308BF2033A3F10B03B3F120020CDAF9
:100328000C3208DD02F1140CC2F10C0201FA0CF0D7
:1003380021FA02F10CE002F11402D8BFC2F1200C3C
:1003480001FA02F120FA0CFCDCBF41EA0C019040F2
:10035800E41AA2BF01EB0451294330BD6FEA04043B
:100368001F3C1CDA0C340EDC04F11404C4F1200226
:1003780020FA04F001FA02F340EA030021FA04F338
:1003880045EA030130BDC4F10C04C4F1200220FA8F
:1003980002F001FA04F340EA0300294630BD21FACD
:1003A80004F0294630BD94F0000F83F4801306BF93
:1003B80081F480110134013D4EE77FEA645C18BF87
:1003C8007FEA655C29D094EA050F08BF90EA020F1E
:1003D80005D054EA000C04BF1946104630BD91EA16
:1003E800030F1EBF0021002030BD5FEA545C05D119
:1003F8004000494128BF41F0004130BD14F5800458
:100408003CBF01F5801130BD01F0004545F0FE41CB
:1004180041F470014FF0000030BD7FEA645C1ABF00
:10042800194610467FEA655C1CBF0B46024650EA37
:10043800013406BF52EA033591EA030F41F4002163
:1004480030BD00BF90F0000F04BF0021704730B5E9
:100458004FF4806404F132044FF000054FF00001BE
:1004680050E700BF90F0000F04BF0021704730B57F
:100478004FF4806404F1320410F0004548BF404254
:100488004FF000013EE700BF42004FEAE2014FEAA9
:1004980031014FEA02701FBF12F07F4393F07F4F84
:1004A80081F06051704732F07F4208BF704793F087
:1004B8007F4F04BF41F40021704730B54FF460749A
:1004C80001F0004521F000411CE700BF50EA01029D
:1004D80008BF704730B54FF000050AE050EA010246
:1004E80008BF704730B511F0004502D5404261EBB6
:1004F80041014FF4806404F132045FEA915C3FF4F7
:10050800D8AE4FF003025FEADC0C18BF03325FEA93
:10051800DC0C18BF033202EBDC02C2F1200300FA44
:1005280003FC20FA02F001FA03FE40EA0E0021FA69
:1005380002F11444BDE600BF70B54FF0FF0C4CF457
:10054800E06C1CEA11541DBF1CEA135594EA0C0F09
:1005580095EA0C0F00F0DEF82C4481EA030621EA44
:100568004C5123EA4C5350EA013518BF52EA03357F
:1005780041F4801143F4801338D0A0FB02CE4FF031
:100588000005E1FB02E506F00042E0FB03E54FF061
:100598000006E1FB03569CF0000F18BF4EF0010E59
:1005A800A4F1FF04B6F5007F64F5407404D25FEA55
:1005B8004E0E6D4146EB060642EAC62141EA555108
:1005C8004FEAC52040EA5E504FEACE2EB4F1FD0C4A
:1005D80088BFBCF5E06F1ED8BEF1004F08BF5FEAC8
:1005E800500E50F1000041EB045170BD06F000467A
:1005F80046EA010140EA020081EA0301B4EB5C0427
:10060800C2BFD4EB0C0541EA045170BD41F480111E
:100618004FF0000E013C00F3AB8014F1360FDEBF43
:10062800002001F0004170BDC4F10004203C35DA1F
:100638000C341BDC04F11404C4F1200500FA05F3A2
:1006480020FA04F001FA05F240EA020001F0004243
:1006580021F0004110EBD37021FA04F642EB0601B9
:100668005EEA430E08BF20EAD37070BDC4F10C04E3
:10067800C4F1200500FA04F320FA05F001FA04F2A7
:1006880040EA020001F0004110EBD37041F1000193
:100698005EEA430E08BF20EAD37070BDC4F120059E
:1006A80000FA05F24EEA020E20FA04F301FA05F206
:1006B80043EA020321FA04F001F0004121FA04F2AE
:1006C80020EA020000EBD3705EEA430E08BF20EA7E
:1006D800D37070BD94F0000F0FD101F000464000B8
:1006E80041EB010111F4801F08BF013CF7D041EA3A
:1006F800060195F0000F18BF704703F0004652003E
:1007080043EB030313F4801F08BF013DF7D043EA0E
:100718000603704794EA0C0F0CEA135518BF95EAC4
:100728000C0F0CD050EA410618BF52EA4306D1D14B
:1007380081EA030101F000414FF0000070BD50EA6A
:10074800410606BF1046194652EA430619D094EAF4
:100758000C0F02D150EA013613D195EA0C0F05D1DE
:1007680052EA03361CBF104619460AD181EA030132
:1007780001F0004141F0FE4141F470014FF00000EA
:1007880070BD41F0FE4141F4780170BD70B54FF085
:10079800FF0C4CF4E06C1CEA11541DBF1CEA135505
:1007A80094EA0C0F95EA0C0F00F0A7F8A4EB0504E7
:1007B80081EA030E52EA03354FEA013100F08880DE
:1007C8004FEA03334FF0805545EA131343EA1263A7
:1007D8004FEA022245EA111545EA10654FEA00265C
:1007E8000EF000419D4208BF964244F1FD0404F515
:1007F800407402D25B084FEA3202B61A65EB030571
:100808005B084FEA32024FF480104FF4002CB6EB2D
:10081800020E75EB030E22BFB61A754640EA0C00AD
:100828005B084FEA3202B6EB020E75EB030E22BFED
:10083800B61A754640EA5C005B084FEA3202B6EB2E
:10084800020E75EB030E22BFB61A754640EA9C00ED
:100858005B084FEA3202B6EB020E75EB030E22BFBD
:10086800B61A754640EADC0055EA060E18D04FEA7B
:10087800051545EA16754FEA06164FEAC30343EA1B
:1008880052734FEAC2025FEA1C1CC0D111F4801FE8
:100898000BD141EA00014FF000004FF0004CB6E7E1
:1008A80011F4801F04BF01430020B4F1FD0C88BF80
:1008B800BCF5E06F3FF6AFAEB5EB030C04BFB6EB8B
:1008C800020C5FEA500C50F1000041EB045170BD7E
:1008D8000EF0004E4EEA113114EB5C04C2BFD4EBAB
:1008E8000C0541EA045170BD41F480114FF0000E2F
:1008F800013C90E645EA060E8DE60CEA135594EAAB
:100908000C0F08BF95EA0C0F3FF43BAF94EA0C0FAD
:100918000AD150EA01347FF434AF95EA0C0F7FF422
:1009280025AF104619462CE795EA0C0F06D152EA76
:1009380003353FF4FDAE1046194622E750EA41065A
:1009480018BF52EA43067FF4C5AE50EA41047FF46B
:100958000DAF52EA43057FF4EBAE12E74FEA4102CE
:1009680012F5001215D211D56FF47873B3EB6252F9
:1009780012D94FEAC12343F0004343EA505311F020
:10098800004F23FA02F018BF404270474FF00000B2
:10099800704750EA013005D111F0004008BF6FF0F0
:1009A800004070474FF00000704700BF4A0011D266
:1009B80012F5001211D20DD56FF47873B3EB6252B1
:1009C8000ED44FEAC12343F0004343EA505323FABD
:1009D80002F070474FF00000704750EA013002D132
:1009E8004FF0FF3070474FF0000070474FEA410268
:1009F800B2F1E04324BFB3F5001CDCF1FE5C0DD975
:100A080001F0004C4FEAC0024CEA5070B2F1004FBE
:100A180040EB830008BF20F00100704711F0804FC1
:100A280021D113F13872BCBF01F00040704741F486
:100A380080114FEA5252C2F11802C2F1200C10FA8A
:100A48000CF320FA02F018BF40F001004FEAC1236E
:100A58004FEAD32303FA0CFC40EA0C0023FA02F312
:100A68004FEA4303CCE77FEA625307D150EA0133E8
:100A78001EBF4FF0FE4040F44000704701F00040B8
:100A880040F0FE4040F40000704700BF7BB972B9E7
:100A98000029BEBF00204FF0004106E008BF002833
:100AA8001CBF6FF000414FF0FF3000F0BFB9ADF14F
:100AB800080C6DE904CE002909DB002B1ADB00F0D5
:100AC8004DF8DDF804E0DDE9022304B07047404248
:100AD80061EB4101002B1BDB00F040F8DDF804E07E
:100AE800DDE9022304B0404261EB4101524263EB6D
:100AF80043037047524263EB430300F02FF8DDF8DD
:100B080004E0DDE9022304B0404261EB4101704793
:100B1800524263EB430300F021F8DDF804E0DDE91D
:100B2800022304B0524263EB4303704753B94AB9F6
:100B3800002908BF00281CBF4FF0FF314FF0FF30DD
:100B480000F074B9ADF1080C6DE904CE00F006F8B8
:100B5800DDF804E0DDE9022304B070472DE9F04731
:100B6800089D04468E46002B4DD18A42944669D989
:100B7800B2FA82F252B101FA02F3C2F1200120FA6C
:100B880001F10CFA02FC41EA030E94404FEA1C48BA
:100B9800210CBEFBF8F61FFA8CF708FB16E341EAB6
:100BA800034306FB07F199420AD91CEB030306F13C
:100BB800FF3080F01F81994240F21C81023E63445D
:100BC8005B1AA4B2B3FBF8F008FB103344EA034401
:100BD80000FB07F7A7420AD91CEB040400F1FF3316
:100BE80080F00A81A74240F207816444023840EA53
:100BF8000640E41B00261DB1D4400023C5E900438C
:100C08003146BDE8F0878B4209D9002D00F0EF800E
:100C18000026C5E9000130463146BDE8F087B3FA41
:100C280083F6002E4AD18B4202D3824200F2F98029
:100C3800841A61EB030301209E46002DE0D0C5E92C
:100C4800004EDDE702B9FFDEB2FA82F2002A40F078
:100C58009280A1EB0C014FEA1C471FFA8CFE01267B
:100C6800200CB1FBF7F307FB131140EA01410EFB1F
:100C780003F0884208D91CEB010103F1FF3802D2C6
:100C8800884200F2CB804346091AA4B2B1FBF7F0C0
:100C980007FB101144EA01440EFB00FEA64508D9E3
:100CA8001CEB040400F1FF3102D2A64500F2BB8020
:100CB8000846A4EB0E0440EA03409CE7C6F120076F
:100CC800B34022FA07FC4CEA030C20FA07F401FAB5
:100CD80006F31C43F9404FEA1C4900FA06F3B1FB3E
:100CE800F9F8200C1FFA8CFE09FB181140EA0141A3
:100CF80008FB0EF0884202FA06F20BD91CEB010140
:100D080008F1FF3A80F08880884240F28580A8F197
:100D180002086144091AA4B2B1FBF9F009FB1011E9
:100D280044EA014100FB0EFE8E4508D91CEB010187
:100D380000F1FF346CD28E456AD90238614440EA2A
:100D48000840A0FB0294A1EB0E01A142C846A646AA
:100D580056D353D05DB1B3EB080261EB0E0101FA33
:100D680007F722FA06F3F1401F43C5E90071002690
:100D78003146BDE8F087C2F12003D8400CFA02FCE6
:100D880021FA03F3914001434FEA1C471FFA8CFEF6
:100D9800B3FBF7F007FB10360B0C43EA064300FBE6
:100DA8000EF69E4204FA02F408D91CEB030300F184
:100DB800FF382FD29E422DD9023863449B1B89B23B
:100DC800B3FBF7F607FB163341EA034106FB0EF3C4
:100DD8008B4208D91CEB010106F1FF3816D28B4271
:100DE80014D9023E6144C91A46EA004638E72E463D
:100DF800284605E70646E3E61846F8E64B45A9D235
:100E0800B9EB020864EB0C0E0138A3E74646EAE7A3
:100E1800204694E74046D1E7D0467BE7023B614451
:100E280032E7304609E76444023842E7704700BFBA
:100E380000B585B0002300930193029303932848DB
:100E4800284A02604FF480324260836001220261C6
:100E5800027680F82030C36223498162C36004218E
:100E6800C16180F83020436101F01CFB40BB0023C6
:100E7800009301230193072302936946184801F060
:100E880057FC00BB012300930223019369461448D1
:100E980001F04EFCD0B90223009303230193694665
:100EA8000F4801F045FCA0B91123009304230193D6
:100EB80069460B4801F03CFC70B905B05DF804FBCD
:100EC80000F030FCD3E700F02DFCDBE700F02AFC53
:100ED800E1E700F027FCE7E700F024FCEDE700BFBE
:100EE8003C000020002001400100000F00B585B043
:100EF800002300930193029303932248224A02603D
:100F08004FF480324260836001220261027680F8E9
:100F18002030C3621D498162C3600321C16180F82A
:100F28003020436101F0BEFAF8B90423009301238D
:100F38000193072302936946124801F0F9FBB8B9F7
:100F4800052300930223019369460E4801F0F0FB44
:100F580088B906230093032301936946094801F0E1
:100F6800E7FB58B905B05DF804FB00F0DBFBDCE7F4
:100F780000F0D8FBE4E700F0D5FBEAE700F0D2FB8D
:100F8800F0E700BF84000020002101400100000FAD
:100F980000B585B0002300930193029303931C4886
:100FA8001C4A02604FF48032426083600122026171
:100FB800027680F82030C36217498162C36002213B
:100FC800C16180F83020436101F06CFAB0B90A239E
:100FD8000093012301930723029369460C4801F00B
:100FE800A7FB70B90B2300930223019369460848B5
:100FF80001F09EFB40B905B05DF804FB00F092FBE0
:10100800E5E700F08FFBEDE700F08CFBF3E700BFAE
:10101800CC000020002201400100000F30B58DB047
:10102800044600230793089309930A930B930368D4
:10103800604A934207D0604A934240D05F4A934245
:101048007BD00DB030BD002501955D4B5A6C42F444
:1010580080725A645A6C02F480720192019A029565
:101068001A6B42F001021A631B6B03F0010302932F
:10107800029B072307930323089307A9514802F00B
:10108800E9FA5148514B036045608560C5604FF4EB
:10109800806303614FF4006343614FF4005383613D
:1010A8004FF48073C3610562456202F0E9F818B92C
:1010B800454BA3639C63C4E700F034FBF8E70025C5
:1010C80003953F4B5A6C42F400725A645A6C02F40E
:1010D80000720392039A04951A6B42F001021A6394
:1010E8001B6B03F001030493049B702307930323F2
:1010F800089307A9334802F0ADFA3548354B036029
:101108004FF0007343608560C5604FF480630361EE
:101118004FF4006343614FF4005383614FF48073CD
:10112800C3610562456202F0ABF818B9284BA363A6
:101138009C6386E700F0F6FAF8E700250595204B52
:101148005A6C42F480625A645A6C02F480620592C6
:10115800059A06951A6B42F004021A631B6B03F09A
:1011680004030693069B03230793089307A91A48C9
:1011780002F070FA19481A4B03604FF0806343601D
:101188008560C5604FF4806303614FF40063436179
:101198004FF4005383614FF48073C3610562456265
:1011A80002F06EF818B90D4BA3639C6349E700F091
:1011B800B9FAF8E70020014000210140002201406F
:1011C8000038024000000240140100207064024010
:1011D800740100204064024000080240D40100204D
:1011E8002864024008B50D480D4B03600623436090
:1011F80000238360C3604FF4202202614FF4801201
:101208004261037643768376C3760377437701F0AA
:101218005BFB00B908BD00F085FAFBE7340200204B
:101228000064004010B588B000230393049305932D
:101238000693079302681D4B9A4201D008B010BD6F
:101248000024019403F5EA331A6C42F000721A6420
:101258001A6C02F000720192019A02941A6B42F021
:1012680001021A631B6B03F001030293029B4FF404
:10127800C05303930223049303230693092307937C
:1012880003A90B4802F0E6F922460421132001F0D5
:101298001DFF132001F052FF22460421142001F003
:1012A80015FF142001F04AFFC8E700BF00640040A2
:1012B8000000024010B582B0002400943A4B1A6B2B
:1012C80042F480021A631A6B02F480020092009AB8
:1012D80001941A6B42F400121A631B6B03F4001397
:1012E8000193019B224606210C2001F0EFFE0C2001
:1012F80001F024FF224603210E2001F0E7FE0E2014
:1013080001F01CFF224603210F2001F0DFFE0F2011
:1013180001F014FF22460621102001F0D7FE10200C
:1013280001F00CFF22460621112001F0CFFE11200A
:1013380001F004FF22460321382001F0C7FE3820BF
:1013480001F0FCFE22460221392001F0BFFE3920BF
:1013580001F0F4FE224602213A2001F0B7FE3A20BD
:1013680001F0ECFE224603213B2001F0AFFE3B20BA
:1013780001F0E4FE224602213C2001F0A7FE3C20B9
:1013880001F0DCFE22460621442001F09FFE4420A5
:1013980001F0D4FE22460621462001F097FE4620A1
:1013A80001F0CCFE02B010BD003802402DE9F04F2C
:1013B8008FB0002409940A940B940C940D94019412
:1013C800764B1A6B42F010021A631A6B02F0100285
:1013D8000192019A02941A6B42F004021A631A6B82
:1013E80002F004020292029A03941A6B42F020025D
:1013F8001A631A6B02F020020392039A04941A6B80
:1014080042F080021A631A6B02F080020492049A76
:1014180005941A6B42F001021A631A6B02F001027A
:101428000592059A06941A6B42F002021A631A6B27
:1014380002F002020692069A07941A6B42F008021A
:101448001A631A6B02F008020792079A08941A6B3B
:1014580042F040021A631B6B03F040030893089B99
:10146800DFF84C81224641F6BF71404602F0E4F9AC
:10147800DFF8409122464FF44041484602F0DCF93B
:10148800DFF834B122464FF2EC51584602F0D4F955
:1014980022468021424802F0CFF922464CF203311D
:1014A800404802F0C9F9404F224640F201613846EF
:1014B80002F0C2F93D4E22464FF48041304602F018
:1014C800BBF941F6BF73099301250A950B940C9457
:1014D80009A9404602F0BEF84FF4404ACDF824A0CE
:1014E8000A950B940C9409A9484602F0B3F84FF2F8
:1014F800EC5309930A950B940C9409A9584602F0E9
:10150800A9F8802309930A950B940C9409A92448F7
:1015180002F0A0F8A02309930A940B9409A948465D
:1015280002F098F84CF2033309930A950B940C9443
:1015380009A91C4802F08EF8CDF824A00A940B944F
:1015480009A9404602F086F840F2016309930A951A
:101558000B940C9409A9384602F07CF84FF44053D8
:1015680009930A940B9409A9384602F073F84FF4CA
:10157800FE7309930A940B9409A9304602F06AF89D
:101588004FF4804309930A950B940C9409A93046AB
:1015980002F060F80FB0BDE8F08F00BF00380240DD
:1015A8000000024000040240000C02400018024003
:1015B80000100240000802400014024008B50B4821
:1015C8000B4B03600B4B436000238360C3604FF4F5
:1015D8008042026143618361C361036202F03EFDA0
:1015E80000B908BD00F09EF8FBE700BF5C020020D0
:1015F80000540040A086010008B50B480B4B03605F
:101608000B4B436000238360C3604FF48042026148
:1016180043618361C361036202F020FD00B908BD24
:1016280000F080F8FBE700BFB0020020005800403F
:10163800A086010030B58BB000230593069307936D
:10164800089309930368324A934204D0314A93427B
:101658002CD00BB030BD002501952F4C236B43F0E7
:1016680002032363236B03F002030193019BC0234E
:10167800059312230693032308930423099305A9CA
:10168800264801F0E7FF0295236C43F40013236416
:10169800236C03F400130293029B2A4605211F20A2
:1016A80001F014FD1F2001F049FDD2E70025039544
:1016B800194C236B43F020032363236B03F02003AF
:1016C8000393039B03230593122206920893042392
:1016D800099305A9124801F0BDFF0495236C43F452
:1016E80080032364236C03F480030493049B2A4639
:1016F8000521212001F0EAFC212001F01FFD2A46E6
:101708000521222001F0E2FC222001F017FDA0E7CC
:1017180000540040005800400038024000040240D5
:101728000014024072B6FEE700B595B030220021E1
:1017380008A80DF027FB0023039304930593069351
:1017480007930193224A116C41F080511164126C85
:1017580002F080520192019A02931E4B1A6842F4D9
:1017680080421A601B6803F480430293029B09239A
:1017780008934FF48033099301230D9302230E93AA
:101788004FF480020F92192210924FF4A87211920E
:1017980012930723139308A803F06CFE98B90F233C
:1017A800039302230493002305934FF4A053069355
:1017B8004FF480530793052103A804F0A9F820B932
:1017C80015B05DF804FBFFF7ADFFFFF7ABFF00BFF7
:1017D800003802400070004008B500F089FDFFF7AE
:1017E800A3FFFFF7E3FDFFF765FDFFF721FBFFF719
:1017F8007DFBFFF7CDFBFFF7F5FCFFF7DFFE00F001
:101808001BF800F08FFA00F0C5FA00F07BFB00F03F
:1018180093FB00F0ABFBFFF7EFFE00F031F800F0B0
:1018280039FA044804F056FD0DF0A2F80BF02AFD31
:10183800FEE700BF3405002008B50F480F4B0360D2
:101848004FF48273436000238360C3600222026105
:10185800012242614FF4007282613022C261036248
:10186800436283620A23C36204F00CFA00B908BD1C
:10187800FFF758FFFBE700BF840400200030014059
:1018880008B50F480F4B03604FF482734360002381
:101898008360C36002220261012242614FF4007238
:1018A80082612822C2610362436283620A23C3629F
:1018B80004F0E8F900B908BDFFF734FFFBE700BF03
:1018C800DC040020003800402DE9F0438BB00446CA
:1018D8000023059306930793089309930368664AC0
:1018E800934205D0654A934259D00BB0BDE8F083C6
:1018F80000250095624B5A6C42F480525A645A6C27
:1019080002F480520092009A01951A6B42F002028A
:101918001A631B6B03F002030193019B38230593A1
:1019280002230693032308930523099305A9554821
:1019380001F090FE5448554B03604FF0C06343607C
:1019480040238360C5604FF480630361456185610E
:10195800C5610562456201F093FCD0B94A4BA364A6
:101968009C634B484B4B03604FF0C06343600023BC
:101978008360C3604FF48062026143618361C36125
:101988000362436201F07CFC30B9414BE3649C6321
:10199800ABE7FFF7C7FEE1E7FFF7C4FEF5E7002571
:1019A8000295374B1A6C42F480421A641A6C02F49E
:1019B80080420292029A03951A6B42F004021A635B
:1019C8001A6B02F004020392039A04951A6B42F010
:1019D80002021A631B6B03F002030493049B0C239B
:1019E80005934FF00209CDF818904FF00308CDF891
:1019F80020800527099705A9274801F02BFE4FF4F9
:101A080080660596CDF818900795CDF8208009973F
:101A180005A91C4801F01EFE2048214B03604560C3
:101A280040238360C560066145618561C5610562C3
:101A3800456201F025FCC0B9184BA3649C631948A2
:101A4800194B0360002343608360C3604FF48062D6
:101A5800026143618361C3610362436201F010FC68
:101A680030B9104BE3649C633FE7FFF75BFEE3E7A5
:101A7800FFF758FEF5E700BF00300140003800408E
:101A88000038024000040240640300205864024009
:101A980004030020106402400008024024040020CF
:101AA80070600240C40300205860024082B00021E8
:101AB80000910B4B5A6C42F480425A645A6C02F4FF
:101AC80080420092009A01911A6C42F080521A6486
:101AD8001B6C03F080530193019B02B0704700BF59
:101AE80000380240FEE7FEE7FEE7FEE7FEE7704744
:101AF8007047704708B50A4A136801331360094BE9
:101B08001B78DBB2012B02D000F00CFC08BD054BA2
:101B180000221A70044A136801331360F4E700BF07
:101B2800AC6D0020B86D0020A86D002008B50248F3
:101B380001F09EFC08BD00BF8C07002008B50248D4
:101B480001F096FC08BD00BFC403002008B5024898
:101B580001F08EFC08BD00BF2404002008B502482F
:101B680001F086FC08BD00BFCC06002008B502487D
:101B780001F07EFC08BD00BF2C07002008B500203E
:101B88000AF00AFA014801F069F908BD3402002098
:101B980008B5024801F062F908BD00BF3402002010
:101BA80008B5024804F0DEFB08BD00BF340500207C
:101BB80008B5024803F028FB08BD00BF5C020020FE
:101BC80008B5024803F020FB08BD00BFB0020020A2
:101BD80008B5024803F0E8FB08BD00BFB0020020CA
:101BE80008B5024805F088F908BD00BFEC070020D9
:101BF80008B5024805F080F908BD00BF300800208C
:101C080008B5024805F078F908BD00BF740800203F
:101C180008B5024801F02CFC08BD00BF04030020F1
:101C280008B5024801F024FC08BD00BFD40100201B
:101C380008B5024801F01CFC08BD00BF7401002073
:101C480008B5024801F014FC08BD00BF6403002079
:101C580008B5024801F00CFC08BD00BF14010020C3
:101C680008B5024801F004FC08BD00BF0C060020BE
:101C780008B5024801F0FCFB08BD00BF6C06002057
:101C8800034AD2F8883043F47003C2F888307047AA
:101C980000ED00E000B58DB00023089309930A9386
:101CA8000B9303930493059306930793019302936D
:101CB8001A481B4A0260A7224260836040F2E7325A
:101CC800C26003614361836104F06EFCD0B94FF4D4
:101CD8008053089308A9114804F06BFDA8B90023A4
:101CE8000393049303A90D4804F03EFE80B9002332
:101CF8000193029301A9094804F060FE58B90DB098
:101D08005DF804FBFFF70EFDE1E7FFF70BFDE6E7E3
:101D1800FFF708FDEBE7FFF705FDF0E734050020C6
:101D28000000014000B587B0002304930593009399
:101D380001930293039316484FF080420260436078
:101D480083604FF0FF32C2600361836104F058FC86
:101D5800A8B900230493059304A90D4804F02EFEA6
:101D680080B90022009201230193029203926946EE
:101D7800074804F0AFFC40B907B05DF804FBFFF773
:101D8800D1FCE6E7FFF7CEFCEBE7FFF7CBFCF3E788
:101D98007C05002000B587B00023049305930093C9
:101DA8000193029303931648164A026043608360C6
:101DB8004FF6FF72C2600361836104F021FCA8B989
:101DC80000230493059304A90D4804F0F7FD80B996
:101DD8000022009201230193029203926946084867
:101DE80004F078FC40B907B05DF804FBFFF79AFCF3
:101DF800E6E7FFF797FCEBE7FFF794FCF3E700BF94
:101E0800C40500200004004002680E4B9A4200D02E
:101E1800704700B583B00022019203F59C33596CDA
:101E280041F0010159645B6C03F001030193019BCC
:101E38000121192001F04AF9192001F07FF903B0B6
:101E48005DF804FB0000014000B58BB0002305934A
:101E580006930793089309930368B3F1804F05D05D
:101E6800244A934225D00BB05DF804FB0021019170
:101E780003F50E331A6C42F001021A641A6C02F070
:101E880001020192019A02911A6B42F001021A634F
:101E98001B6B03F001030293029B4FF4004305936D
:101EA800022306930123099305A9134801F0D2FBE5
:101EB800D9E700210391114B1A6C42F002021A640F
:101EC8001A6C02F002020392039A04911A6B42F010
:101ED80004021A631B6B03F004030493049B40235E
:101EE800059302230693099305A9054801F0B2FB5F
:101EF800B9E700BF0004004000000240003802407B
:101F08000008024008B50A480A4B03604FF4E13361
:101F1800436000238360C36003610C2242618361D4
:101F2800C36104F089FE00B908BDFFF7FBFBFBE7BE
:101F3800EC0700200010014008B50A480A4B03606E
:101F48004FF41643436000238360C36003610C228F
:101F580042618361C36104F06FFE00B908BDFFF7F9
:101F6800E1FBFBE7300800200044004008B50A48C0
:101F78000A4B03604FF49643436000238360C360B9
:101F880003610C2242618361C36104F055FE00B90C
:101F980008BDFFF7C7FBFBE77408002000480040B6
:101FA8002DE9F0418CB00446002307930893099368
:101FB8000A930B930368954A934209D0944A934233
:101FC80068D0944A934200F0C4800CB0BDE8F08118
:101FD80000250095904B5A6C42F010025A645A6CD6
:101FE80002F010020092009A01951A6B42F0010269
:101FF8001A631B6B03F001030193019B4FF4C06349
:1020080007930223089303230A9307230B9307A933
:10201800824801F01FFB8248824B03604FF0006347
:1020280043608560C5604FF48063036145618561E5
:102038004FF48073C3610562456201F021F918BB52
:10204800774BA3639C637848784B03604FF0006339
:102058004360402383600023C3604FF480620261C1
:1020680043618361C3610362436201F009F970B996
:102078006D4B63639C6300220621252001F026F83E
:10208800252001F05BF8A0E7FFF74CFBD8E7FFF746
:1020980049FBEDE7002502955F4B1A6C42F40032CC
:1020A8001A641A6C02F400320292029A03951A6BAF
:1020B80042F008021A631B6B03F008030393039BA7
:1020C800602307930223089303230A9307230B93A0
:1020D80007A9574801F0BEFA5648574B03604FF01E
:1020E8000063436040238360C5604FF480630361ED
:1020F80045618561C5610562456201F0C1F810BBA3
:102108004C4B63639C634D484D4B03604FF0006339
:10211800436000238360C3604FF4806202614361BF
:102128008361C3610362436201F0AAF870B9434B4B
:10213800A3639C6300220621262000F0C7FF262007
:1021480000F0FCFF41E7FFF7EDFAD9E7FFF7EAFAFD
:10215800EDE700250495304B1A6C42F480221A648E
:102168001A6C02F480220492049A05951A6B42F0C4
:1021780002021A631A6B02F002020592059A06958A
:102188001A6B42F008021A631B6B03F008030693EC
:10219800069B4FF4006307934FF00208CDF82080A8
:1021A80003270A9707260B9607A9264801F052FA33
:1021B8004FF480730793CDF8208009950A970B9602
:1021C80007A91B4801F046FA1F48204B03604FF04F
:1021D800006343608560C5604FF4806303614561B7
:1021E8008561C5610562456201F04AF858B9164B28
:1021F800A3639C6300220621272000F067FF2720A5
:1022080000F09CFFE1E6FFF78DFAF0E700100140CF
:1022180000440040004800400038024000000240EE
:102228000C060020886402406C060020B864024056
:10223800000C02402C070020A0600240CC060020C1
:1022480088600240000402408C0700202860024099
:10225800DFF834D00D480E490E4A002302E0D45866
:10226800C4500433C4188C42F9D30B4A0B4C0023D6
:1022780001E013600432A242FBD3FFF701FD0CF02A
:102288004FFDFFF7A9FA7047000002200000002068
:102298001C00002034F0000820000020607C002092
:1022A800FEE7000010B504460E4B18784FF47A7319
:1022B800B3FBF0F30C4A1068B0FBF3F000F04CFFEE
:1022C80068B90F2C01D901200AE0002221464FF0FD
:1022D800FF3000F0FBFE054B1C60002000E00120F1
:1022E80010BD00BF040000200000002008000020EE
:1022F80008B50B4B1A6842F400721A601A6842F467
:1023080080621A601A6842F480721A60032000F032
:10231800CBFE0020FFF7C6FFFFF7C8FB002008BD73
:10232800003C0240034A1168034B1B780B441360BE
:10233800704700BFB808002004000020014B18684F
:10234800704700BFB808002038B50446FFF7F6FF0D
:102358000546B4F1FF3F02D0044B1B781C44FFF73D
:10236800EDFF401BA042FAD338BD00BF0400002097
:102378004A4B5A6822F440325A605A6841680A4304
:102388005A600268536823F4807353600268536884
:10239800016943EA012353600268536823F04073DC
:1023A80053600268536881680B43536002689368FE
:1023B80023F40063936002689368C1680B439360D9
:1023C800826A374B9A4257D00268936823F0706349
:1023D800936002689368816A0B439360026893680C
:1023E80023F04053936002689368C16A0B4393607B
:1023F8000268936823F00203936002689368017E81
:1024080043EA4103936090F82030002B3FD00268E4
:10241800536843F4006353600268536823F46043CD
:10242800536001684B68426A013A43EA42334B60A1
:102438000268D36A23F47003D3620168CB6AC26965
:10244800013A43EA0253CB620268936823F40073AB
:1024580093600268936890F8301043EA41239360D0
:102468000268936823F48063936002689368416903
:1024780043EA8123936070470268936823F070638E
:1024880093600268936823F040539360B0E7026852
:10249800536823F400635360CAE700BF0023014078
:1024A8000100000F38B310B50446036C43B1236C28
:1024B80013F0100F0BD00120002384F83C3010BD1E
:1024C800FEF7ACFD0023636484F83C30EFE7236C2F
:1024D80023F4885323F0020343F0020323642046C5
:1024E800FFF746FF00206064236C23F0030343F0EA
:1024F80001032364E0E701207047000010B582B0B3
:1025080013460022019290F83C20012A00F0AE8088
:102518000446012280F83C200268906810F0010F00
:1025280013D1906840F001009060534A1068534AF4
:10253800A2FB0020800C00EB4000019002E0019813
:102548000138019001980028F9D12268906810F4A8
:10255800807F03D0906820F4807090602268906833
:1025680010F0010F77D0206C20F4E06020F001001B
:1025780040F480702064526812F4806F05D0226C99
:1025880022F4405242F480522264226C12F4805F9A
:1025980036D0626C22F006026264002284F83C2085
:1025A800A26B3748D063A26B36481064A26B3648DA
:1025B800D06422686FF0220010602068426842F000
:1025C800806242602068826842F48072826020687B
:1025D8000A4600F14C01A06B00F0B8FE2B4B5B687B
:1025E80013F01F0F27D12368294A934211D002F50F
:1025F8008072934207D0274A934214D0002033E0D8
:1026080000226264C9E702F50072526812F01F0FD7
:10261800F1D19A6812F0405F2AD19A6842F080425C
:102628009A60002020E002F58072526812F0100FC4
:10263800EFD0002018E02368154A934201D000200B
:1026480012E09A6812F0405F14D19A6842F0804212
:102658009A60002008E0236C43F010032364636C45
:1026680043F001036364002002B010BD0220FBE7C1
:102678000020F9E70020F7E70000002083DE1B4375
:10268800C5260008A3260008AF260008002301403D
:102698000020014000220140704708B5806BFFF719
:1026A800FBFF08BD704708B5806B40230364436C8B
:1026B80043F004034364FFF7F5FF08BD08B503467C
:1026C800806B026C12F0500F25D1036C43F4007339
:1026D800036403689A6812F0405F19D1027EBAB9A0
:1026E800DA6A12F4700F03D09A6812F4806F0FD16F
:1026F8005A6822F020025A60036C23F48073036442
:10270800036C13F4805F03D1036C43F0010303648B
:1027180008F0B8FE08BD026C12F0100F04D1826BED
:10272800D26C18469047F5E7FFF7BCFFF2E70000C8
:1027380030B482B00023019390F83C30012B00F0B4
:10274800BB80012380F83C300B68092B41D9046811
:10275800E2689BB203EB43031E3B4FF0070C0CFAF5
:1027680003F322EA0303E3600468E2680B8803EBDF
:1027780043031E3B8D6805FA03F31343E3604B687C
:10278800062B3DD80468626B03EB8303053B4FF0CF
:102798001F0C0CFA03F322EA030363630468626BF9
:1027A8004B6803EB8303053BB1F800C00CFA03F355
:1027B800134363630268414B9A4251D002683F4B0E
:1027C8009A4256D0002380F83C30184602B030BCFC
:1027D8007047046822699BB203EB43034FF0070C70
:1027E8000CFA03F322EA03032361046822690B88C5
:1027F80003EB43038D6805FA03F313432361BEE734
:102808000C2B16D805682A6B03EB8303233B1F2484
:1028180004FA03F322EA03032B6305682A6B4B6867
:1028280003EB8303233B0C8804FA03F313432B6362
:10283800C0E70568EA6A03EB8303413B1F2404FAF7
:1028480003F322EA0303EB620568EA6A4B6803EBC9
:102858008303413B0C8804FA03F31343EB62A9E7B3
:102868000B68122BAAD1164A536843F480035360AD
:10287800A4E70B68103B012BA4D8114A536843F412
:10288800000353600B68102B9CD10E4B1B6802F1A0
:10289800467202F52E3202F28332A2FB03239B0C0E
:1028A80003EB83035B00019302E0019B013B01936F
:1028B800019B002BF9D185E7022087E70020014022
:1028C8000023014000000020002800F0A18038B556
:1028D800044690F82030D3B12268136843F001030E
:1028E8001360FFF72BFD054623685A6812F0010FA5
:1028F80010D1FFF723FD401B0A28F5D9636A43F47A
:1029080000336362052384F82030012038BDFEF7C8
:1029180089FCE1E71A6822F002021A60FFF70EFD4F
:10292800054623685A6812F0020F0DD0FFF706FD1E
:10293800401B0A28F5D9636A43F400336362052310
:1029480084F820300120E1E7227E012A3DD01A6870
:1029580022F080021A60637E012B3BD02268136844
:1029680023F040031360A37E012B39D0226813683B
:1029780023F020031360E37E012B37D0226813680D
:1029880043F010031360237F012B35D022681368AE
:1029980023F008031360637F012B33D02268136888
:1029A80023F004031360A368E26813432269134306
:1029B800626913436268013A21681343CB610020BE
:1029C8006062012384F82030A0E71A6842F0800290
:1029D8001A60C0E72268136843F040031360C2E737
:1029E8002268136843F020031360C4E72268136861
:1029F80023F010031360C6E72268136843F0080346
:102A08001360C8E72268136843F004031360CAE739
:102A18000120704790F82030013BDBB2012B05D92B
:102A2800436A43F4802343620120704730B5464B24
:102A3800D3F8002242F00102C3F80022D3F80022A2
:102A480022F47C52C3F80022D3F80022486A42EAF2
:102A58000022C3F800224A6902F01F02012000FA8E
:102A680002F2D3F81C026FEA020C20EA0200C3F853
:102A78001C02CB69C3B9344BD3F80C020CEA000032
:102A8800C3F80C028C884869CD6844EA054448308C
:102A980043F830408C68088840EA04404C6904F1E7
:102AA800480E03EBCE035860CB69012B1ED08B690F
:102AB800002B33D12448D0F804320CEA0303C0F8C1
:102AC80004320B698BBB2048D0F814320CEA03039C
:102AD800C0F814320B6A012B2ED01B4AD2F80032F0
:102AE80023F00103C2F80032002030BD164BD3F8A2
:102AF8000C021043C3F80C028C8848690D6844EA3C
:102B08000544483043F8304088894C698D6840EA6C
:102B18000540483403EBC4035860C8E70A48D0F8B6
:102B280004321343C0F80432CBE70748D0F8143214
:102B38001343C0F81432CDE70349D1F81C321A43C5
:102B4800C1F81C22C9E700BF0064004070B5044604
:102B580090F82050EDB2012D06D0436A43F40023CB
:102B680043620125284670BD022380F820300268A0
:102B7800136823F001031360FFF7E0FB06462368A0
:102B88005B6813F0010F0CD0FFF7D8FB831B0A2BEF
:102B9800F5D9636A43F400336362052384F820306F
:102BA800E0E700256562DDE730B590F820C00468ED
:102BB800A4680CF1FF3C5FFA8CFCBCF1010F6BD8E8
:102BC80014F0E05F62D0C4F3016CBCF1020F05D9C8
:102BD800436A43F400034362012062E0012404FADB
:102BE8000CF41C608B68002B3DD10D68CB68046821
:102BF80043EA45550CF118031B01E55003680C69BD
:102C08000CF1180E03EB0E135C600B7D012B35D015
:102C1800D17993791B0443EA0163517943EA01238B
:102C280014790168234301EB0C11C1F88C31D17878
:102C380093781B0443EA0163517843EA012311782E
:102C480002680B4302EB0C12C2F8883102680CF1DF
:102C5800180C4FEA0C1C52F80C3043F0010342F8F0
:102C68000C3000201DE04C6843EAC403CC682343C1
:102C78000CF11804240105682B51BFE7036803EB26
:102C88000E13596841F480715960C1E7436A43F4EF
:102C980000134362012004E0436A43F48023436243
:102CA800012030BD90F82030013BDBB2012B01D967
:102CB800002070470368986810F0806000D00120F9
:102CC8009A6812F0006F00D001309B6813F0805FA3
:102CD800EFD00130704790F820C00CF1FF3C5FFA4C
:102CE8008CFCBCF1010F00F2958030B451B9046836
:102CF800E46814F0030F10D1436A43F400134362ED
:102D0800012077E00468246914F0030F05D1436AB1
:102D180043F40013436201206CE001F11B04240119
:102D280005682C5904F004049460002C64D101F166
:102D38001B04240105682C59640D1460046801F112
:102D48001B0C4FEA0C1C54F80C4004F00204D4602D
:102D580004686444646804F00F04146104686444FB
:102D68006468C4F307249461046864446468240CA8
:102D78005461026802EB0112D2F8B8211A70026895
:102D880002EB0112D2F8B821C2F307225A70026886
:102D980002EB0112D2F8B821C2F307429A70026816
:102DA80002EB0112D2F8B821120EDA70026802EBB7
:102DB8000112D2F8BC211A71026802EB0112D2F892
:102DC800BC21C2F307225A71026802EB0112D2F841
:102DD800BC21C2F307429A71026802EB0112D2F8D1
:102DE800BC21120EDA7179B90268D36843F0200366
:102DF800D360002030BC704701F11B042401056832
:102E08002C59E408546099E70268136943F02003D9
:102E18001361EEE7436A43F480234362012070475D
:102E280090F82030013BDBB2012B05D9436A43F40B
:102E38008023436201207047026853691943516136
:102E48000020704770477047704770477047704759
:102E58007047704770477047704770472DE9F84FC3
:102E6800054603685C69D3F804809F68D3F80CB002
:102E7800D3F810A0D3F8189014F001063BD017F03F
:102E8800010616D001229A6017F0020F08D117F038
:102E9800040F0CD117F0080606D04FF4805608E04E
:102EA800FFF7D0FF002604E0FFF7CFFF01E04FF463
:102EB800006617F4807F0DD02B684FF480729A60FB
:102EC80017F4007F40F0868017F4806F00F086804A
:102ED80046F4005617F4803F0DD02B684FF480322B
:102EE8009A6017F4003F40F0838017F4802F00F0B9
:102EF800838046F4004614F0080F07D01BF0100F2B
:102F080004D046F400762B681022DA6014F0040F1F
:102F180002D01BF0080F79D114F0020F04D02B68EF
:102F2800DB6813F0030F78D114F0400F07D01AF0C4
:102F3800100F04D046F480662B6810221A6114F032
:102F4800200F02D01AF0080F6BD114F0100F04D024
:102F58002B681B6913F0030F6AD114F4003F02D0E9
:102F680018F0100F68D114F4803F02D018F0080F41
:102F780069D114F4004F7AD018F0040F74D014F407
:102F8800807F04D019F0010F01D046F0010614F437
:102F9800007F04D019F0020F01D046F0020614F4A5
:102FA800806F04D019F0040F01D046F0040614F421
:102FB800006F59D019F0700956D0B9F1400F65D09B
:102FC80058D8B9F1200F5ED0B9F1300F42D146F090
:102FD800200644E02846FFF736FF7BE717F4006F2A
:102FE80002D046F4804675E72846FFF72FFF71E7C1
:102FF8002846FFF729FF7EE717F4002F02D046F492
:10300800803678E72846FFF722FF74E72B68082206
:10301800DA602846FFF71CFF7EE7284609F032F8F9
:1030280082E72B6808221A612846FFF713FF8CE70E
:103038002846FFF70EFF90E72B6810225A602846B3
:10304800FFF709FF8FE72B6808225A602846FFF729
:1030580003FF8EE7B9F1100F01D146F008062A6880
:10306800936923F0700393612B6804225A609EB918
:10307800BDE8F88FB9F1500F0BD0B9F1600FEED160
:1030880046F48076EBE746F01006E8E746F040069F
:10309800E5E746F08006E2E76B6A1E436E62284663
:1030A800FFF7DBFEE4E70000074AD36823F4E06398
:1030B8001B041B0C000200F4E060034343F0BF63F1
:1030C80043F40033D360704700ED00E000B5194BBE
:1030D800DB68C3F30223C3F1070CBCF1040F28BF5C
:1030E8004FF0040C03F1040EBEF1060F18D9033B90
:1030F8004FF0FF3E0EFA0CFC21EA0C0199400EFA43
:1031080003F322EA0303194300280BDB0901C9B2C0
:1031180000F1604000F5614080F800135DF804FBA1
:103128000023E5E700F00F000901C9B2024B19546A
:10313800F4E700BF00ED00E014ED00E0002807DB35
:1031480000F01F02400901239340024A42F8203050
:10315800704700BF00E100E00138B0F1807F0BD27A
:103168004FF0E0235861054AF02182F8231000202F
:10317800986107221A6170470120704700ED00E04E
:1031880030B405682C6824F480242C6004686360DB
:103198008368402B05D0036899600368DA6030BC07
:1031A800704703689A600368D960F8E710B4036849
:1031B800D9B210390C4AA2FB014212090B4CA25C8D
:1031C800C2655F2909D923F47F7323F0030304330D
:1031D8008365806D5DF8044B704723F47F7323F09B
:1031E80003038365F5E700BFABAAAAAA00EE0008AF
:1031F800836A826992B9012B0AD0022B02D00BB1E3
:1032080000207047C36A13F0807F28D100207047E0
:10321800C36AB3F1C07F24D000207047B2F5005FC5
:1032280009D0022B25D9032B25D1C36A13F0807F3F
:1032380023D100207047032B03D8DFE803F01404E0
:10324800140A00207047C36A13F0807F0DD1002054
:103258007047C36AB3F1C07F09D0002070470120CE
:1032680070470120704701207047012070470120F6
:103278007047012070470020704701207047000008
:1032880070B50446FFF75AF8002C5BD005460223B8
:1032980084F83530002384F834302268136823F02A
:1032A8000103136023681A6812F0010F0AD0FFF7B0
:1032B80045F8431B052BF5D920236365032084F8C3
:1032C800350070BD1A68204810406168A2680A433A
:1032D800E1680A4321690A4361690A43A1690A430B
:1032E800E1690A43216A0A430243616A04291ED03C
:1032F8001A602668756925F00705636A1D43042B63
:1033080007D1A36A1D43E36A1BB12046FFF770FF8C
:1033180090B975612046FFF749FFE26D3F2393405E
:10332800836000206065012384F83530C9E7E16ACD
:10333800206B01430A43DBE740236365012084F8DF
:103348003500BEE70120BCE73F8010F038B50446E1
:10335800856D90F8340001282BD0012084F83400C2
:1033680094F83500C0B2012804D0002384F8343022
:10337800022038BD022084F8350000206065204610
:10338800FFF7FEFEE26D3F239340AB6022681368AF
:1033980043F016031360236C23B12268136843F0CB
:1033A800080313602268136843F0010313600020C8
:1033B800DFE70220DDE770B50446866DFEF7BEFF45
:1033C80094F83530DBB2022B06D0802363650023E6
:1033D80084F83430012070BD05462268136823F054
:1033E800160313602268536923F080035361236C2A
:1033F800E3B12268136823F0080313602268136896
:1034080023F00103136023681B6813F0010F11D028
:10341800FEF794FF431B052BF5D920236365032092
:1034280084F83500002384F83430D4E7A36C002BEB
:10343800DFD1E3E7E26D3F239340B360012384F8D3
:103448003530002084F83400C5E790F83530DBB219
:10345800022B03D08023436501207047052380F8A1
:1034680035300268136823F00103136000207047A9
:10347800F0B583B0044600230193724B1D68724B6C
:10348800A3FB0535AD0A876D3E68C26D08239340DE
:10349800334210D003681A6812F0040F0BD01A6870
:1034A80022F004021A60C26D08239340BB60436D8A
:1034B80043F001034365E26D01239340334209D091
:1034C8002268526912F0800F04D0BB60636D43F02C
:1034D80002036365E26D04239340334209D02268F6
:1034E800126812F0020F04D0BB60636D43F004034E
:1034F8006365E26D10239340334224D0226812683A
:1035080012F0080F1FD0BB6023681A6812F4802FCE
:103518000DD01B6813F4002F04D1236C9BB12046F7
:10352800984710E0A36C73B1204698470BE01A68DF
:1035380012F4807F03D11A6822F008021A60236C03
:103548000BB120469847E26D20239340334255D073
:103558002268126812F0100F50D0BB6094F8353012
:10356800DBB2052B0ED023681A6812F4802F33D0F3
:103578001B6813F4002F2AD1636C002B3ED0204621
:1035880098473BE02268136823F01603136022680B
:10359800536923F080035361236CA3B12268136835
:1035A80023F008031360E26D3F239340BB600123BF
:1035B80084F83530002384F83430236D002B3FD055
:1035C800204698473CE0A36C002BE7D1EBE7E36B80
:1035D800A3B12046984711E01A6812F4807F09D1F8
:1035E8001A6822F010021A60012384F8353000238B
:1035F80084F83430E36B0BB120469847636DFBB118
:10360800636D13F0010F17D0052384F83530226855
:10361800136823F001031360019B01330193AB424C
:1036280004D823681B6813F0010FF5D1012384F82F
:103638003530002384F83430E36C0BB120469847CA
:1036480003B0F0BD00000020B5814E1B90F8350096
:103658007047000000230F2B00F2E48070B582B0A1
:1036680060E085685E000324B44025EA0405CC6860
:10367800B4402C438460456825EA02054C68C4F3CD
:1036880000129A402A4342605AE0DC08083450F895
:10369800246003F0070295000F22AA4026EA020ED2
:1036A8000A69AA4042EA0E0240F824205CE0072298
:1036B80000E0002202FA0EF22A4302345A4D45F87D
:1036C80024205A4A94686FEA0C0224EA0C054E68D2
:1036D80016F4801F01D04CEA0405544CA560E46838
:1036E80002EA04054E6816F4001F01D04CEA0405EE
:1036F8004E4CE560646802EA04054E6816F4003F23
:1037080001D04CEA0405494C6560246822404D68A4
:1037180015F4803F01D04CEA0402444C2260013386
:103728000F2B7DD801229A400C6804EA020C32EA79
:103738000404F4D14C6804F00304013C012C90D932
:103748004A6802F00302032A09D0C4685D00032214
:10375800AA4024EA02048A68AA402243C2604A684E
:1037680002F00302022A90D004684FEA430E0322B3
:1037780002FA0EF224EA02044A6802F0030202FA8C
:103788000EF2224302604A6812F4403FC7D000227A
:103798000192274A546C44F480445464526C02F4F5
:1037A80080420192019A9C08A51C1F4A52F8255094
:1037B80003F003024FEA820E0F2202FA0EF225EA04
:1037C80002051C4A90423FF474AF02F580629042B1
:1037D8001AD002F58062904218D002F580629042B9
:1037E80016D002F58062904214D002F580629042B1
:1037F80012D002F58062904210D002F580629042A9
:103808003FF455AF082255E7012253E7022251E75A
:1038180003224FE704224DE705224BE7062249E73A
:1038280002B070BD704700BF00380140003C014045
:1038380000380240000002400AB181617047090463
:103848008161704790F83E30DBB2402B10D003699D
:10385800B3F5804F1BD0036D002B39D1436CC3F3F4
:10386800C813026803F0060343F0F00313617047BE
:10387800036D2BB9436C026803F0FE0313617047B4
:10388800436C026843F00103DBB21361704790F8A0
:103898003D30DBB2212B0FD0436C026843F00103AB
:1038A800DBB21361436B6BB1DB6B5BB102685368CE
:1038B80043F4006353607047436C026803F0FE03EF
:1038C8001361EFE7836B33B1DB6B002BEED102E0C2
:1038D800036D012B00D07047436CC3F3C813026813
:1038E80003F0060343F0F1031361F4E7436C026845
:1038F800DBB21361436B3BB1DB6B2BB102685368DE
:1039080043F4006353607047836B002BFBD0DB6B81
:10391800002BF3D1F7E710B48BB090F83E30DAB251
:10392800C16A046B90F83D30DBB2222B0BD0002328
:10393800099303685A6909929B690993099B0BB01B
:103948005DF8044B7047036D0BB9402A17D0036D1F
:103958001BB90369B3F5404F19D0438D9BB2002BB7
:1039680025D1029303685A6902929A690292029ACF
:103978001A6842F400721A6000230365DFE70093B7
:1039880003685A6900929B690093009BD7E700235C
:10399800019303685A6901929A690192019A1A6817
:1039A80042F480721A60036D01330365C7E7438DE3
:1039B8009BB2012B25D0438D9BB2022B7BD0026892
:1039C800136843F48063136003685A6812F4006F45
:1039D8000ED011F5803F07D0012905D0082903D062
:1039E800102901D0202903D15A6842F480525A6024
:1039F8000023089303685A6908929B690893089BF7
:103A0800BAE711F5803F11D0082934D0202932D0E7
:103A1800122C2ED0042940D002293ED010293CD0A7
:103A28000268136823F4806313603BE0026813683C
:103A380023F48063136003685A6812F4006F0CD093
:103A48001A6822F480621A600023039303685A6993
:103A580003929B690393039B8EE7002204925A69A1
:103A680004929A690492049A1A6842F400721A60DD
:103A780082E70129CED00268136823F480631360BB
:103A88000023069303685A6906929A690692069A71
:103A98001A6842F400721A606EE70268136843F409
:103AA800806313600023059303685A6905929B6934
:103AB8000593059B60E704290ED002290CD0102934
:103AC8000AD00268136823F48063136002681368DD
:103AD80043F40063136004E00268136843F48063EE
:103AE800136003685A6812F4006F0ED011F5803F16
:103AF80007D0012905D0082903D0102901D0202991
:103B080003D15A6842F480525A600023079303682D
:103B18005A6907929B690793079B2DE7438D9BB2D0
:103B28005BB1426A036812781A61436A01334362DF
:103B3800438D9BB2013B9BB243857047438D9BB23B
:103B48005BB103681A69436A1A70436A01334362B6
:103B5800438D9BB2013B9BB24385704782B00023E3
:103B680001930E4B1B68DB080D4AA2FB03231B0ABB
:103B780003EB83030193019B013B0193019B33B149
:103B880003681B6813F4007FF5D1002004E0036C80
:103B980043F020030364012002B0704700000020B6
:103BA80089B5F81403685A6912F4806F01D10020AE
:103BB80070476FF480625A6100230363202280F803
:103BC8003D2080F83E30026C42F00402026480F826
:103BD8003C3001207047C36AB3F52A0F04D0C36A8A
:103BE800B3F12A4F03D070470123C36270470823FB
:103BF800C362F8E72DE9F04107460D4690461E4698
:103C080024E0FEF79BFB069BC01AB04200D8EEB931
:103C180000233B63202287F83D2087F83E303A6C2A
:103C280042F020023A6487F83C3001201EE03B68ED
:103C38009C6925EA040C1FFA8CFCBCFA8CFC4FEA40
:103C48005C1CE04511D1B6F1FF3FDAD1C5F307435B
:103C5800012BECD13B685B6925EA030C1FFA8CFC4D
:103C6800BCFA8CFC4FEA5C1CEBE70020BDE8F08155
:103C78002DE9F04105460E46174698463DE01A687C
:103C880042F400721A602B686FF480625A61002354
:103C98002B63202285F83D2085F83E302A6C42F0BF
:103CA80004022A6485F83C30012034E0FEF746FB24
:103CB800A0EB0800B84200D8FFB900232B632022EC
:103CC80085F83D2085F83E302A6C42F020022A64AF
:103CD80085F83C3001201EE02B689C6926EA040424
:103CE800A4B2003C18BF0124A4B12B685A6912F48D
:103CF800806FC4D1B7F1FF3FD8D1C6F30743012B7A
:103D0800EAD12B685C6926EA0404A4B2003C18BF17
:103D18000124E9E70020BDE8F08170B504460D46AE
:103D2800164623685B6913F0800F1CD12046FFF705
:103D380039FFD0B9B5F1FF3FF3D0FEF7FFFA801B8A
:103D4800A84201D8002DECD100232363202284F857
:103D58003D2084F83E30226C42F02002226484F830
:103D68003C30012000E0002070BD0120FCE700008D
:103D78002DE9F04385B004460D4691461F46DDF80F
:103D880030800D9E0368196841F4807119600096AF
:103D9800434600224FF00111FFF72CFF60B923685A
:103DA80005F0FE051D613346424626492046FFF7C9
:103DB8005FFF68B1012008E023681B6813F4807F67
:103DC80002D04FF400732364032005B0BDE8F083EC
:103DD8000023039323685A6903929B690393039B07
:103DE800324641462046FFF798FF30B9012F0FD1E0
:103DF80023685FFA89F61E61E7E7236C042B01D07C
:103E08000120E2E72268136843F400731360F7E7C0
:103E180023684FEA19221A61324641462046FFF7C5
:103E28007CFF20B923685FFA89F61E61CDE7236C11
:103E3800042B01D00120C8E72268136843F40073FB
:103E48001360F7E7020001002DE9F04784B004464B
:103E58000D46164699460C9FDDF8348002681368B3
:103E680043F4806313600368196841F48071196032
:103E7800CDF800803B4600224FF00111FFF7BAFE53
:103E880070B95FFA85FA236805F0FE051D6143469F
:103E98003A4641492046FFF7EBFE68B1012008E0A9
:103EA80023681B6813F4807F02D04FF400732364E7
:103EB800032004B0BDE8F0870023039323685A6900
:103EC80003929B690393039B424639462046FFF7BA
:103ED80024FF80B9B9F1010F18D12368F6B21E6129
:103EE800424639462046FFF718FF68B3236C042B77
:103EF80024D00120DDE7236C042B01D00120D8E772
:103F08002268136843F400731360F7E72368320AE2
:103F18001A61424639462046FFF7FFFE18B9236862
:103F2800F6B21E61DCE7236C042B01D00120C0E748
:103F38002268136843F400731360F7E72268136874
:103F480043F400731360D4E72268136843F4807362
:103F58001360CDF800803B4600224FF00111204647
:103F6800FFF748FE68B922684AF001031361434627
:103F78003A4609492046FFF77BFE002899D00120E0
:103F880097E723681B6813F4807F02D04FF400730F
:103F9800236403208DE700BF0200010070B50446CA
:103FA8000D46164623685B6913F0040F1CD12046A2
:103FB800FFF7F8FDD0B9B5F1FF3FF3D0FEF7BEF932
:103FC800801BA84201D8002DECD1002323632022B6
:103FD80084F83D2084F83E30226C42F020022264AE
:103FE80084F83C30012000E0002070BD0120FCE78F
:103FF80070B505460C4616462B68596911F0400FF6
:1040080029D1596911F0100F15D1FEF797F9801BC6
:10401800A04201D8002CEFD100232B63202285F881
:104028003D2085F83E302A6C42F020022A6485F84B
:104038003C30012070BD6FF010025A6100232B63E1
:10404800202285F83D2085F83E302A6C2A6485F8C0
:104058003C300120EEE70020ECE70000002800F0EB
:10406800CC8070B5044690F83D30002B77D02423DF
:1040780084F83D302268136823F001031360226836
:10408800136843F4004313602268136823F4004361
:10409800136001F0F3FC62685A4B9A4264D85A4B99
:1040A80098428CBF00230123002B40F0A880574979
:1040B800A1FB00318B0C25686A6822F03F0242EAB6
:1040C80091426A6021680A6A22F03F0266684D4D93
:1040D800AE424FD8013313430B622168CA6922F4F8
:1040E8004F4222F0FF026668464B9E424CD8431E60
:1040F8007600B3FBF6F3013340F6FC70034278D048
:10410800C3F30B031343CB6121680B6823F0C0038F
:10411800E269206A024313430B6021688B6823F429
:10412800034323F0FF032269E068024313438B60D3
:104138002168CB6823F0FF036269A0690243134337
:10414800CB602268136843F00103136000202064E9
:10415800202384F83D30206384F83E0070BD80F849
:104168003C30FDF767FA82E7294B98428CBF002361
:10417800012399E74FF4967505FB03F3254DA5FB3D
:1041880003539B090133A6E7A368BBB9451E06EB99
:10419800460CB5FBFCF50135C5F30B05B5FA85F5FD
:1041A8006D0945BBC3B9013806EB4603B0FBF3F311
:1041B8000133C3F30B0343F40043A3E7451E06EBA7
:1041C800860C0CEB8C0CB5FBFCF50135C5F30B0527
:1041D800B5FA85F56D09E4E7013806EB860303EBCC
:1041E8008303B0FBF3F30133C3F30B0343F44043FE
:1041F80088E7042386E7012384E70120704701202C
:10420800ACE700BFA08601007F841E0083DE1B434D
:10421800FF083D00D34D62102DE9F04383B00446FA
:104228000F46904699460C9EFEF788F8054694F886
:104238003D00C0B2202803D0022003B0BDE8F083BF
:104248000095192301224B492046FFF7D3FC00288B
:1042580040F0898094F83C30012B00F086800123DF
:1042680084F83C3023681A6812F0010F03D11A68E9
:1042780042F001021A602268136823F40063136095
:10428800212384F83D30402384F83E300023236402
:104298000A9B6362BDF82C306385638D2385364B9A
:1042A800E362019500964B46424639462046FFF7A1
:1042B8005FFD00285BD1238D002B35D02A4631467F
:1042C8002046FFF72AFD20BB626A236812781A612C
:1042D800626A531C6362218D013989B22185638D1D
:1042E8009BB2013B9BB263852368586910F0040FA9
:1042F800E1D00029DFD052781A61636A0133636222
:10430800238D013B2385638D9BB2013B9BB2638563
:10431800D1E7236C042B01D001208EE722681368B3
:1043280043F400731360F7E72A4631462046FFF747
:1043380035FE50B1236C042B01D001207DE72268A3
:10434800136843F400731360F7E72268136843F4B3
:1043580000731360202384F83D30002384F83E3036
:1043680084F83C3069E7022067E7022065E701200E
:1043780063E700BF020010000000FFFF2DE9F043D3
:1043880087B004460F4690469946109EFDF7D6FF23
:10439800054694F83D00C0B2202804D002273846CC
:1043A80007B0BDE8F083009519230122884920460B
:1043B800FFF720FC002840F0438194F83C30012BA3
:1043C80000F04081012384F83C3023681A6812F019
:1043D800010F03D11A6842F001021A6022681368BB
:1043E80023F400631360222384F83D30402384F8CB
:1043F8003E30002323640E9B6362BDF83C30638526
:10440800638D2385734BE362019500964B464246C4
:1044180039462046FFF718FD0746002840F014816A
:10442800238D5BB9029323685A6902929A690292B2
:10443800029A1A6842F400721A6075E0012B0AD0D9
:10444800022B1AD00023059323685A6905929B69A9
:104458000593059B68E02268136823F48063136062
:104468000023039323685A6903929A690392039A73
:104478001A6842F400721A6056E02268136823F43E
:10448800806313602268136843F400631360002399
:10449800049323685A6904929B690493049B43E03C
:1044A8002A4631462046FFF7A3FD002840F0CE807B
:1044B80023681A69636A1A70636A01336362238D19
:1044C800013B2385638D9BB2013B9BB263852BE047
:1044D80000953346002240492046FFF78BFB002811
:1044E80040F0B6802268136843F4007313602368B1
:1044F8001A69636A1A70626A531C6362238D013BEE
:104508002385638D9BB2013B9BB2638523681B693E
:104518005370636A01336362238D013B2385638D86
:104528009BB2013B9BB26385238D002B7FD0032B6D
:1045380054D8012BB4D0022BCAD0009533460022A0
:1045480025492046FFF756FB002840F08380226863
:10455800136823F48063136023681A69636A1A7006
:10456800636A01336362238D013B2385638D9BB2AC
:10457800013B9BB2638500953346002216492046CD
:10458800FFF738FB002867D12268136843F40073EB
:10459800136023681A69636A1A70626A531C63623B
:1045A800238D013B2385638D9BB2013B9BB26385C1
:1045B80023681B695370636A01336362238D013B6F
:1045C8002385638D9BB2013B9BB26385ACE700BF3B
:1045D800020010000000FFFF040001002A463146D7
:1045E8002046FFF705FD002838D123681A69636A59
:1045F8001A70626A531C6362238D013B2385638DA5
:104608009BB2013B9BB263852368596911F0040F83
:104618008AD01B695370636A01336362238D013B3F
:104628002385638D9BB2013B9BB263857CE7202386
:1046380084F83D30002384F83E3084F83C30AEE600
:104648000227ACE60227AAE60127A8E60127A6E684
:104658000127A4E60127A2E60127A0E601279EE696
:1046680030B482B00024019490F83D40E4B2202C8C
:104678005CD1314C2468E408304DA5FB0454240A6D
:1046880004EB840404EB84040194019C013C019430
:10469800019C002C3BD00468A56915F0020FF4D1E9
:1046A80090F83C50012D45D0012580F83C502568F4
:1046B80015F0010F03D1256845F00105256005684F
:1046C8002C6824F400642C60212480F83D404024A8
:1046D80080F83E4000240464049D4562BDF81450EF
:1046E8004585458D0585164DC56241648264C36460
:1046F80004650268136843F48073136080F83C40D3
:104708000268536843F4E063536020460FE00023D7
:104718000363202280F83D2080F83E30026C42F08E
:104728002002026480F83C30012000E0022002B040
:1047380030BC70470220FAE70000002089B5F81461
:104748000000FFFF30B482B00024019490F83D408F
:10475800E4B2202C63D1354C2468E408344DA5FB21
:104768000454240A04EB840404EB84040194019C9B
:10477800013C0194019C002C42D00468A56915F005
:10478800020FF4D190F83C50012D4CD0012580F84F
:104798003C50256815F0010F03D1256845F0010547
:1047A800256005682C6824F400642C60222480F8B5
:1047B8003D40402480F83E4000240464049D456246
:1047C800BDF814504585458D05851A4DC56241646F
:1047D8008264C36404650268136843F480631360E9
:1047E8000268136843F48073136080F83C40038DBB
:1047F80023B10268536843F4E063536000200FE07C
:1048080000230363202280F83D2080F83E30026CAC
:1048180042F02002026480F83C30012000E00220CF
:1048280002B030BC70470220FAE700BF0000002049
:1048380089B5F8140000FFFF70477047704708B546
:1048480090F83D30DAB2438D9BB283B1416A036878
:1048580009781961436A01334362438D9BB2013B76
:104868009BB24385438D9BB20BB9292A00D008BD62
:104878000268536823F48063536021230363282369
:1048880080F83D30FFF7DAFFF1E7704708B590F898
:104898003D30DAB2438D9BB283B103681969436A2C
:1048A8001970436A01334362438D9BB2013B9BB24B
:1048B8004385438D9BB20BB92A2A00D008BD0268F4
:1048C800536823F48063536022230363282380F80A
:1048D8003D30FFF7DAFFF1E7704700B583B090F895
:1048E8003D3003F02803282B0CD0002301930268E5
:1048F8005169019192690192019A80F83C3003B0A4
:104908005DF804FB0268536823F48063536011F078
:10491800040F0BD0002311F0800F09D182890021E8
:1049280080F83C101946FFF7D7FFE8E70123F2E7C4
:10493800028BF4E77047000008B590F83D30DBB211
:10494800C26A082A01D0202A01D1282B06D0212B9F
:104958001ED003686FF480625A6108BD1A4BC362A7
:104968000268536823F4E063536003686FF480625D
:104978005A610268136823F4806313600023036399
:10498800202280F83D2080F83E30FFF7D3FFE4E78F
:104998000D4BC36221230363202380F83D3000239D
:1049A80080F83E300268536823F4E063536003687C
:1049B8006FF480625A610268136823F4806313609D
:1049C800FFF73CFFC9E700BF0000FFFF704708B5CD
:1049D800C26A90F83D30DBB2212B00D008BD438D70
:1049E8009BB263B1426A036812781A61436A013361
:1049F8004362438D9BB2013B9BB24385EEE7082A95
:104A080004D0202A02D012F5803F19D102685368D9
:104A180023F4E06353600268136843F4007313607F
:104A280000230363202380F83D3090F83E30DBB24A
:104A3800402B15D0002380F83E30FFF7FDFECDE770
:104A48000268536823F4E06353601123036300236F
:104A580080F83E30202380F83D30FFF7EDFEBDE7BB
:104A6800002380F83E30FFF7B1FFB7E708B590F8AC
:104A78003D30026D9AB9C36C012B08D0836CC3F327
:104A8800072302681361036D0133036508BD836C56
:104A98000268DBB21361036D02330365F6E7DBB22C
:104AA800026D012A23D0026D022AEFD1222B26D0D3
:104AB800428D92B20AB1212B2AD0428D92B2002A9D
:104AC800E4D1212BE2D10268536823F4E0635360F8
:104AD8000268136843F40073136000230363202201
:104AE80080F83D2080F83E30FFF770FFCEE7836CFA
:104AF8000268DBB21361036D01330365C6E7026820
:104B0800136843F480731360036D01330365BDE7D5
:104B1800426A036812781A61436A01334362438D1B
:104B28009BB2013B9BB24385B0E710B590F83D308E
:104B3800DBB290F83E20D2B2C46A018D09B9212BAC
:104B480004D0212B3BD0402A37D010BD082C04D0EC
:104B5800202C02D014F5803F19D10268536823F441
:104B6800E06353600268136843F400731360002322
:104B78000363202380F83D3090F83E30DBB2402BB1
:104B880015D0002380F83E30FFF756FEDDE70268B7
:104B9800536823F4E063536011230363002380F810
:104BA8003E30202380F83D30FFF746FECDE7002356
:104BB80080F83E30FFF70AFFC7E7222BC5D1438DA7
:104BC8009BB22BB90268536823F480635360BCE737
:104BD80090F83E30DBB2402B0CD0426A0368127862
:104BE8001A61436A01334362438D9BB2013B9BB216
:104BF8004385AAE7FFF73AFFA7E7704708B5C26AF7
:104C0800438D9BB2042B14D0438D9BB2032B22D02F
:104C1800438D9BB2022B39D003681A69436A1A7014
:104C2800436A01334362438D9BB2013B9BB2438588
:104C380010E00268536823F48063536003681A69BC
:104C4800436A1A70436A01334362438D9BB2013B46
:104C58009BB2438508BD01684B6823F480634B60B1
:104C6800042A06D0022A04D00268136823F4806359
:104C7800136003681A69436A1A70436A013343620E
:104C8800438D9BB2013B9BB24385E3E7012A0BD0DE
:104C9800102A09D0042A38D0022A36D002681368AC
:104CA80043F40073136004E00268136823F480631C
:104CB800136003681A69436A1A70426A531C436294
:104CC800438D9BB2013B9BB2438503681B695370BC
:104CD800436A01334362438D9BB2013B9BB24385D8
:104CE8000268536823F440735360202380F83D30F2
:104CF80090F83E30DBB2402B0DD0002380F83E30D8
:104D080012230363FFF799FDA4E70268136843F4CD
:104D180080631360CDE7002380F83E300363FFF71C
:104D28006CFF97E7704790F83D30DBB2222B00D03C
:104D3800704710B50446438D9BB2032B15D9036801
:104D48001A69436A1A70436A01334362438D9BB2FE
:104D5800013B9BB24385438D9BB2032B0FD1026865
:104D6800536823F48063536009E0C26A022A01D0C1
:104D7800012B05D92268536823F48063536010BD62
:104D8800FEF7ECFE00282ED12268136823F4806316
:104D980013602268536823F4E063536023681A6938
:104DA800636A1A70636A01336362638D9BB2013B65
:104DB8009BB26385202384F83D3094F83E30DBB203
:104DC800402B08D0002384F83E301223236320466A
:104DD800FFF733FDD3E7002384F83E3023632046F2
:104DE800FFF70BFFCBE72268536823F4E0635360B7
:104DF80023681A69636A1A70636A01336362638D90
:104E08009BB2013B9BB26385202384F83D3000238D
:104E180084F83E302046FFF785FFB0E77047000072
:104E280000B583B000230193806B90F83D20D2B287
:104E3800324B1B68DB083249A1FB03131B0A03EB47
:104E48008303C3EBC3030193019B43B1019B013B64
:104E5800019303681B6813F4007FF5D103E0036C2A
:104E680043F020030364436B0BB10021D963836BC8
:104E78000BB10021D96301680B6823F480630B60D0
:104E880000234385436B0BB100211965836B0BB17C
:104E98000021196501680B6823F001030B6090F885
:104EA8003D30DBB2602B0ED002F02802282A14D045
:104EB800202380F83D30002380F83E30FFF732FF92
:104EC80003B05DF804FB202380F83D30002380F810
:104ED8003E300364FFF7A2FFF2E70268136843F06D
:104EE800010313600268136843F4806313600023AE
:104EF8000363282380F83D30E0E700BF000000206E
:104F080089B5F81410B5044690F83D30DBB290F836
:104F18003E20D2B2102A36D0402A34D003F02802DC
:104F2800282A38D02268526812F4006F07D1602B03
:104F380005D0202384F83D30002384F83E30002338
:104F4800236323685A6812F4006F48D05A6822F421
:104F580000625A60626B92F83530DBB2012B20D0C8
:104F6800444B1365606BFEF770FA002849D022683D
:104F7800136823F001031360202384F83D30606B2D
:104F8800036D98473DE0222BC8D121680A6822F4B6
:104F980000620A60C2E700232363282384F83D30B7
:104FA800CFE7A36B334A1A65A06BFEF74EFA40B3FE
:104FB80023685A6912F0400F05D01A69636A1A709B
:104FC800636A013363622268136823F00103136084
:104FD800202384F83D30A06B036D984711E094F8C6
:104FE8003D20D2B2602A1FD05A6912F0400F05D076
:104FF8001A69636A1A70636A013363622046FFF7AD
:1050080091FE236C13F00F0F04D02268536823F429
:10501800E063536094F83D30DBB2226C12F0040F69
:1050280001D0282B18D010BD202284F83D20002262
:1050380022645A6912F0400F05D01A69636A1A701F
:10504800636A013363622268136823F00103136003
:105058002046FFF7E3FED4E7074BE3620023236310
:10506800202284F83D2084F83E302046FFF762FC79
:10507800D9E700BF294E00080000FFFF30B583B014
:10508800044690F83D50EDB20268536823F4E0639B
:1050980053600023019303685A6901921A6842F029
:1050A80001021A60019B0268136823F4806313608D
:1050B80003685A6812F4006F38D0222D21D02A2DA7
:1050C8001FD0426B1268526892B24285428D92B2EA
:1050D8001AB1026C42F0040202645A6822F40062B7
:1050E8005A60606BFEF7B2FA01281FD0636B444A1E
:1050F8001A65606BFEF7A9F9C0B1606B036D98473C
:1051080014E0A26B1268526892B26285628D92B204
:105118001AB1226C42F0040222645A6822F4006236
:105128005A60A06BFEF792FA012842D1638D9BB2B8
:1051380033B323685A6912F0040F0AD01A69636AF4
:105148001A70636A01336362638D9BB2013B9BB241
:10515800638523685A6912F0400F0AD01A69636A96
:105168001A70636A01336362638D9BB2013B9BB221
:105178006385638D9BB21BB1236C43F004032364E6
:10518800236C13BB2A2D25D094F83D30DBB2282B95
:1051980029D0236B222B01D0222D19D10023236380
:1051A800202284F83D2084F83E302046FFF76DFB2E
:1051B8000EE0A36B124A1A65A06BFEF746F90028A9
:1051C800B4D0A06B036D9847B0E72046FFF79AFE6E
:1051D80003B030BD00232363282384F83D302046E4
:1051E800FFF753FBD0E7074BE3620023236320223A
:1051F80084F83D2084F83E302046FFF79BFBE7E724
:10520800294E00080000FFFFF8B5044602685568FB
:10521800C66A90F83E30DBB290F83D10C8B2102B49
:1052280013D0402B11D0236C002B7AD05369002166
:1052380013F0020F78D015F4007F75D0236C03B1FA
:1052480091692046FFF749FBF8BDD2F818C05169AB
:1052580011F0010705D1B6F52A0FF5D0B6F12A4F9E
:10526800F2D017B115F4007F29D111F0080F02D040
:1052780015F4007F2AD111F0020F02D015F4007F37
:1052880028D11CF0040F31D0526812F4006FDBD122
:1052980011F0800F05D015F4806F02D011F0040FC3
:1052A8001CD011F0040FCFD015F4007FCCD02128EA
:1052B80018D0402BC8D12046FFF7D8FBC4E72046BA
:1052C800FEF789FC2046FEF7BDFABDE72046FEF74B
:1052D8000DFBB9E72046FEF71EFBB5E72046FFF7B2
:1052E80024FCB1E72046FFF772FBADE7536813F4DF
:1052F800006FA9D111F0400F05D015F4806F02D0CE
:1053080011F0040F09D011F0040F9DD015F4007F9F
:105318009AD02046FFF772FC96E72046FFF703FD78
:1053280092E79169536983E713F0100F02D015F4DF
:10533800007F18D121281AD0292818D013F0400F3F
:1053480005D015F4806F02D013F0040F28D013F0A5
:10535800040F3FF479AF15F4007F3FF475AF204692
:10536800FEF7ECFB70E72046FFF788FE6CE713F0CA
:10537800800F05D015F4806F02D013F0040F0BD006
:1053880013F0040F3FF460AF15F4007F3FF45CAFF7
:105398002046FEF7C3FB57E72046FFF750FA53E7CE
:1053A8002046FFF773FA4FE7F8B5044603685D69CE
:1053B8005F6890F83E20D2B215F4807F07D017F4CA
:1053C800807F3CD06FF480715961012600E000268F
:1053D80015F4007F08D017F4807F05D046F0020648
:1053E80023686FF40071596115F4806F19D017F4B0
:1053F800807F16D0638D99B294F83D30DBB2206B74
:10540800202A1ED023686FF48061596146F0040693
:10541800102A01D0402A04D12268136843F400738B
:10542800136015F4006F08D017F4807F05D046F09C
:10543800080623686FF400625A6186B9F8BD002631
:10544800C6E70029DED1212B05D0292B03D0282B34
:10545800D8D12128D6D12046FFF76EFAE1E7236C90
:105468001E4326642046FFF74DFDE7E790F83D0010
:1054780070470000002800F0E08170B582B0044653
:10548800036813F0010F3BD09F4B9B6803F00C039C
:10549800042B2CD09C4B9B6803F00C03082B21D0C9
:1054A8006368B3F5803F4FD0B3F5A02F52D0964B29
:1054B8001A6822F480321A601A6822F480221A606C
:1054C8006368002B50D0FCF739FF05468E4B1B68EC
:1054D80013F4003F14D1FCF731FF401B6428F5D9C1
:1054E8000320B1E1884B5B6813F4800FD8D0864B5A
:1054F8001B6813F4003F03D06368002B00F09F8102
:10550800236813F0020F54D07F4B9B6813F00C0FE5
:105518003ED07D4B9B6803F00C03082B33D0E36827
:10552800002B68D0794B01221A60FCF707FF05466B
:10553800754B1B6813F0020F54D1FCF7FFFE401B9C
:105548000228F5D903207FE16F4A136843F48033BA
:105558001360B5E76C4B1A6842F480221A601A6827
:1055680042F480321A60ABE7FCF7E8FE0546664B6A
:105578001B6813F4003FC3D0FCF7E0FE401B64280F
:10558800F5D9032060E1604B5B6813F4800FC6D146
:105598005D4B1B6813F0020F03D0E368012B40F04A
:1055A8005081594A136823F0F803216943EAC1037B
:1055B8001360236813F0080F42D063696BB3534B31
:1055C8000122C3F8802EFCF7B9FE05464E4B5B6FEF
:1055D80013F0020F34D1FCF7B1FE401B0228F5D9B5
:1055E800032031E1484A136823F0F803216943EAAC
:1055F800C1031360DDE7454B00221A60FCF79EFEED
:105608000546414B1B6813F0020FD2D0FCF796FEFB
:10561800401B0228F5D9032016E13C4B0022C3F8B1
:10562800802EFCF78BFE0546374B5B6F13F0020F9D
:1056380006D0FCF783FE401B0228F5D9032003E1BE
:10564800236813F0040F77D02F4B1B6C13F0805F87
:1056580033D1002301932C4B1A6C42F080521A6408
:105668001B6C03F080530193019B0125284B1B6899
:1056780013F4807F23D0A368012B34D0052B38D0B6
:10568800214B1A6F22F001021A671A6F22F00402E6
:105698001A67A368002B3DD0FCF750FE06461A4B4C
:1056A8001B6F13F0020F46D1FCF748FE801B41F236
:1056B80088339842F3D90320C6E00025D6E7144A78
:1056C800136843F480731360FCF738FE0646104BEA
:1056D8001B6813F4807FCED1FCF730FE801B0228B4
:1056E800F5D90320B0E0084A136F43F001031367AC
:1056F800CFE7054B1A6F42F004021A671A6F42F09F
:1057080001021A67C5E700BF00380240000047429F
:1057180000700040FCF712FE0646524B1B6F13F058
:10572800020F08D0FCF70AFE801B41F2883398422A
:10573800F3D9032088E0EDB9A369002B00F083803A
:10574800484A926802F00C02082A51D0022B17D05E
:10575800454B00221A66FCF7F1FD0446414B1B68D5
:1057680013F0007F42D0FCF7E9FD001B0228F5D9B1
:10577800032069E03B4A136C23F080531364DBE792
:10578800394B00221A66FCF7D9FD0546354B1B68D4
:1057980013F0007F06D0FCF7D1FD401B0228F5D995
:1057A800032051E0E369226A1343626A43EA8213E1
:1057B800A26A5208013A43EA0243E26A43EA0263F0
:1057C800284A5360284B01221A66FCF7B7FD0446A5
:1057D800244B1B6813F0007F06D1FCF7AFFD001BBC
:1057E8000228F5D903202FE000202DE000202BE02F
:1057F800012B2BD01B4B5B6803F48001E2699142BB
:1058080026D103F03F02216A8A4223D1616A47F612
:10581800C0721A40B2EB811F1ED103F44031A26A54
:105828005208013AB1EB024F18D103F07063E26AF3
:10583800B3EB026F14D1002006E00120704701206D
:1058480002E0012000E0002002B070BD0120FBE76B
:105858000120F9E70120F7E70120F5E70120F3E748
:105868000120F1E7003802400000474208B5254B07
:105878009B6803F00C03042B3FD0082B3FD1214B2E
:105888005A6802F03F025B6813F4800F12D01D4B78
:105898005968C1F388111C480023A1FB0001FBF7DC
:1058A80045F9184B5B68C3F3014301335B00B0FB58
:1058B800F3F025E0134B5968C1F3881C4FEA4C11EB
:1058C800B1EB0C006EEB0E0E4FEA8E1343EA9063B9
:1058D8008101091A63EB0E03DB0043EA5173C90027
:1058E80011EB0C0C43F10003990200234FEA8C20C2
:1058F80041EA9C51FBF71AF9D3E7034800E0034853
:1059080008BD00BF0038024040787D010024F40043
:10591800002800F09B8070B50D4604464F4B1B686D
:1059280003F007038B4208D2CBB24C4A13701368BA
:1059380003F007038B4240F08B80236813F0020FBB
:1059480017D013F0040F04D0454A936843F4E0538A
:105958009360236813F0080F04D0414A936843F416
:10596800604393603E4A936823F0F003A1680B43B9
:105978009360236813F0010F32D06368012B21D0A4
:105988009A1E012A25D9364A126812F0020F61D0F0
:1059980033498A6822F0030213438B60FCF7CEFC7C
:1059A80006462F4B9B6803F00C036268B3EB820F2B
:1059B80016D0FCF7C3FC801B41F288339842F0D91B
:1059C800032042E0264A126812F4003FE0D1012089
:1059D8003BE0234A126812F0007FD9D1012034E05D
:1059E8001E4B1B6803F00703AB4207D9EAB21B4BF7
:1059F8001A701B6803F00703AB422DD1236813F01C
:105A0800040F06D0164A936823F4E053E1680B4369
:105A18009360236813F0080F07D0114A936823F4A2
:105A28006043216943EAC1039360FFF71FFF0C4BF2
:105A38009B68C3F303130B4AD35CD8400A4B186026
:105A48000A4B1868FCF72EFC002070BD0120704737
:105A58000120FAE70120F8E70120F6E7003C0240C0
:105A680000380240E8ED000800000020080000208F
:105A7800014B1868704700BF0000002008B5FFF709
:105A8800F7FF044B9B68C3F38223034AD35CD840D7
:105A980008BD00BF00380240F8ED000808B5FFF760
:105AA800E7FF044B9B68C3F34233034AD35CD840F7
:105AB80008BD00BF00380240F8ED00082DE9F047A6
:105AC80082B00546884617461E46FCF737FC0A9BF7
:105AD8001B1A03EB0609FCF731FC82462B4B1B68AB
:105AE800C3F3CB3309FB03F301932B689C6838EAB3
:105AF80004030CBF4FF0010C4FF0000CBC4540D024
:105B0800B6F1FF3FF1D0FCF719FCA0EB0A004845BD
:105B18000AD2B9F1000F07D0019A02B14A46019B97
:105B2800013B01939146E0E72A68536823F0E003BC
:105B380053606B68B3F5827F0BD0AB6AB3F5005F37
:105B480014D0012385F85130002385F85030032004
:105B580018E0AB68B3F5004F02D0B3F5806FECD115
:105B68002A68136823F040031360E6E72A6813687D
:105B780023F4005313602A68136843F40053136036
:105B8800DFE7002002B0BDE8F08700BF000000207A
:105B980010B584B00446164B1868164BA3FB0030AA
:105BA800400D4FF47A7303FB00F003906368B3F57C
:105BB800827F0BD0039BBBB1039B013B03932368FC
:105BC8009B6813F0800FF5D100200EE000920B4681
:105BD800002280212046FFF771FF30B1636D43F04A
:105BE80020036365032000E0002004B010BD00BF5F
:105BF80000000020819F5E1610B582B004460B4657
:105C08004168B1F5827F14D06168B1F5827F2AD1ED
:105C1800A168B1F5806F19D000920022802120463A
:105C2800FFF74CFF30B3636D43F020036365032037
:105C380020E08168B1F5004F02D0B1F5806FE3D163
:105C48002068016821F040010160DDE70092002230
:105C580001212046FFF732FF60B1636D43F0200356
:105C68006365032006E00092002201212046FFF729
:105C780025FF08B902B010BD636D43F020036365CA
:105C88000320F7E700285AD010B50446436A33B911
:105C98004368B3F5827F05D00023C36102E0002387
:105CA800036143610023A36294F85130002B40D074
:105CB800022384F851302268136823F040031360EC
:105CC800636803F48273A26802F404421343E2682F
:105CD80002F400621343226902F00202134362696C
:105CE80002F001021343A26902F400721343E2694D
:105CF80002F038021343226A02F080021343A26AB8
:105D080002F40052216813430B60638B03F0040311
:105D1800626A02F01002216813434B602268D3695B
:105D280023F40063D36100206065012384F85130B7
:105D380010BD84F850302046FBF7C6FDB8E70120B7
:105D480070472DE9F04383B01F460A9D90F8503004
:105D5800012B00F01081044688469146012380F803
:105D68005030FCF7EBFA064694F85130DBB2626823
:105D7800012B0AD0B2F5827F40F0E380A268002AA6
:105D880040F0E980042B40F0E880B8F1000F00F003
:105D9800E680B9F1000F00F0E480002F00F0E38006
:105DA80094F85130DBB2042B02D0052384F851302B
:105DB80000236365C4F83890E787A787C4F8308064
:105DC800E786A7862364636423681A6812F0400F85
:105DD80003D11A6842F040021A60E368B3F5006F15
:105DE80011D063680BB1012F0BD1226B2368127895
:105DF8001A73236B01332363E38E9BB2013B9BB27F
:105E0800E38601276BE063680BB1012F0BD1226B8E
:105E180023681288DA60236B02332363E38E9BB214
:105E2800013B9BB2E38601271CE023689A6812F0C5
:105E3800010F0ED0E28F92B25AB1DA68A36B1A80C2
:105E4800A36B0233A363E38F9BB2013B9BB2E3874F
:105E58000127FCF773FA801BA84203D3B5F1FF3F73
:105E680040F08380E38E9BB21BB9E38F9BB2002B7B
:105E780053D023689A6812F0020FD6D0E28E92B2FD
:105E8800002AD2D0002FD0D0226B1288DA60236B80
:105E980002332363E38E9BB2013B9BB2E386002768
:105EA800C3E723689A6812F0010F0ED0E28F92B20E
:105EB8005AB1DA68A36B1A70A36B0133A363E38F3B
:105EC8009BB2013B9BB2E3870127FCF737FA831BA0
:105ED800AB4202D3B5F1FF3F49D1002D49D0E38E43
:105EE8009BB213B9E38F9BB2BBB123689A6812F0D7
:105EF800020FD6D0E28E92B2002AD2D0002FD0D094
:105F0800226B12781A73236B01332363E38E9BB2DF
:105F1800013B9BB2E3860027C3E732462946204669
:105F2800FFF736FE48B9A36863B901932368DA68B6
:105F380001929B680193019B04E020236365012083
:105F480000E00220012384F85130002384F8503007
:105F580003B0BDE8F0830220F4E70220F2E7012055
:105F6800F0E70120EEE70120ECE70320EAE7032051
:105F7800E8E70320E6E70220EAE7000038B5044630
:105F880090F85000012800F09480012084F8500017
:105F980094F85100C0B26568012807D0B5F5827F32
:105FA80078D1A568002D7AD104287AD100297AD031
:105FB800002A7AD0002B7AD094F85100C0B2042875
:105FC80002D0052084F85100002060652163A38673
:105FD800E386A263A387E3872064606494F8513062
:105FE800DBB2042B1CD0E36C334A1A64E36C334AEB
:105FF800DA63E36C324ADA64E36C00221A652168DA
:10600800E38F9BB2A26B0C31E06CFDF79FF970B186
:10601800636D43F010036365012084F851003AE092
:10602800E36C284A1A64E36C274ADA63E1E72268DA
:10603800536843F001035360A26C00231364A26CFD
:10604800D363A26CD364A26C13652268E38E9BB2FF
:106058000C32216BA06CFDF779F998B923681A689E
:1060680012F0400F03D11A6842F040021A60226809
:10607800536843F0200353602268536843F00203D7
:10608800536008E0636D43F010036365012084F8F2
:10609800510000E00220002384F8503038BD02206F
:1060A800F9E70220F7E70120F5E70120F3E70120EF
:1060B800F1E70220F2E700BFE5600008816100080F
:1060C800F1600008D9600008136100087047704744
:1060D80008B5806BFFF7FBFF08BD704708B5806BFC
:1060E800FFF7FBFF08BD704708B5806B026853686F
:1060F80023F003035360436D43F01003436501230A
:1061080080F85130FFF7EFFF08BD38B50546846BBE
:10611800FCF714F92B681B6813F4807F1ED1024624
:1061280021684B6823F020034B60A3681BB96368A0
:10613800B3F5827F16D021684B6823F001034B60CA
:1061480064212046FFF758FD08B12023636500232A
:10615800E387012384F85130636D4BB92046FFF77C
:10616800B5FF38BD21684B6823F003034B60E7E7B0
:106178002046FFF7B8FFF4E738B50546846BFCF70F
:10618800DDF82B681B6813F4807F1BD10246216859
:106198004B6823F020034B6064212046FFF7F8FC8E
:1061A80018B1636D43F0200363652268536823F0D8
:1061B800030353600023E386E387012384F8513007
:1061C800636D1BB9204608F069FB38BD2046FFF710
:1061D8008AFFFAE710B4036A046A24F0010404622F
:1061E800846924F0F00C4CEA021223F00A030B43F2
:1061F800826103625DF8044B704730B4046A24F08E
:10620800100404628469056A24F4407C4CEA022C78
:106218002CF4704C1B039BB243EA0C0325F0A00539
:10622800090101F0A00129438361016230BC704774
:1062380010B4046A24F0100404628469036A24F424
:10624800704C4CEA023223F0A00343EA0113826146
:1062580003625DF8044B704730B4046A24F4807418
:106268000462C469056A24F0030C4CEA020C2CF0A1
:10627800F00C1B01DBB243EA0C0325F4206509028C
:1062880001F420612943C361016230BC704730B416
:10629800046A24F480540462C469056A24F4407CC6
:1062A8004CEA022C2CF4704C1B039BB243EA0C03FF
:1062B80025F42045090301F420412943C361016203
:1062C80030BC7047836823F070030B4343F0070327
:1062D8008360704790F83D30DBB2012B37D1022341
:1062E80080F83D300268D36843F00103D360036847
:1062F800194A934220D0B3F1804F1DD0A2F57C42B9
:10630800934219D002F58062934215D002F580625B
:10631800934211D002F5784293420DD002F57052A3
:10632800934209D0A2F59432934205D01A6842F0FC
:1063380001021A60002070479A6802F00702062AD4
:1063480007D01A6842F001021A6000207047012045
:1063580070470020704700BF000001407047704739
:106368007047704710B5044603681A6912F0020FA7
:1063780011D0DA6812F0020F0DD06FF002021A6124
:106388000123037703689B6913F0030F70D0FFF7AD
:10639800E6FF0023237723681A6912F0040F12D04E
:1063A800DA6812F0040F0ED06FF004021A610223AB
:1063B800237723689B6913F4407F5FD02046FFF75B
:1063C800CEFF0023237723681A6912F0080F12D032
:1063D800DA6812F0080F0ED06FF008021A61042371
:1063E80023772368DB6913F0030F4ED02046FFF7AD
:1063F800B6FF0023237723681A6912F0100F12D012
:10640800DA6812F0100F0ED06FF010021A6108232C
:1064180023772368DB6913F4407F3DD02046FFF7DC
:106428009EFF0023237723681A6912F0010F03D017
:10643800DA6812F0010F36D123681A6912F0800F5A
:1064480003D0DA6812F0800F34D123681A6912F089
:10645800400F03D0DA6812F0400F32D123681A696E
:1064680012F0200F03D0DA6812F0200F30D110BDDF
:10647800FFF774FF2046FFF773FF8AE72046FFF710
:106488006DFF2046FFF76CFF9BE72046FFF766FF8E
:106498002046FFF765FFACE72046FFF75FFF204681
:1064A800FFF75EFFBDE76FF001021A61204608F0B2
:1064B800F3FAC1E76FF080021A61204600F0C5FACE
:1064C800C3E76FF040021A612046FFF74AFFC5E7AD
:1064D8006FF020021A61204600F0B6FAC7E7000004
:1064E8000368304A904212D0B0F1804F0FD0A2F525
:1064F8007C4290420BD002F58062904207D002F5B0
:106508008062904203D002F57842904203D123F092
:1065180070034A681343234A90422AD0B0F1804F4F
:1065280027D0A2F57C42904223D002F580629042A7
:106538001FD002F5806290421BD002F5784290424B
:1065480017D002F57052904213D002F58062904243
:106558000FD002F5806290420BD0A2F5983290429B
:1065680007D002F58062904203D002F58062904223
:1065780003D123F44073CA68134323F080034A69A4
:10658800134303608B68C3620B688362054B9842B0
:1065980003D003F58063984201D10B69036301239B
:1065A800436170470000014040B310B5044690F8BD
:1065B8003D30F3B1022384F83D30214651F8040BF5
:1065C800FFF78EFF012384F8463084F83E3084F8C4
:1065D8003F3084F8403084F8413084F8423084F801
:1065E800433084F8443084F8453084F83D30002046
:1065F80010BD80F83C30FBF707FCDBE70120704753
:1066080040B310B5044690F83D30F3B1022384F846
:106618003D30214651F8040BFFF762FF012384F84F
:10662800463084F83E3084F83F3084F8403084F8AF
:10663800413084F8423084F8433084F8443084F898
:10664800453084F83D30002010BD80F83C30FBF721
:10665800FBFBDBE70120704770B49446046A24F022
:10666800010404628469066A184DA8421CD0B0F17E
:10667800804F19D0164A904216D002F58062904297
:1066880012D002F5806290420ED002F57842904214
:106698000AD002F57052904206D0A2F59432904288
:1066A80002D044F0010203E024F0030242EA0C02A3
:1066B80022F0F0021B01DBB2134326F00A0201F0BC
:1066C8000A0111438361016270BC704700000140F8
:1066D8000004004038B590F83C30012B5AD00446ED
:1066E8000D46012380F83C3052B1042A1AD0082AFA
:1066F8002BD00C2A3BD00120002384F83C3038BD35
:10670800CB684A6809680068FFF7A6FF22689369A2
:1067180023F00C03936122689369A9680B43936182
:106728000020E9E7CB684A6809680068FFF765FD5B
:106738002268936923F44063936122689369A96886
:1067480043EA012393610020D6E7CB684A680968C9
:106758000068FFF781FD2268D36923F00C03D36139
:106768002268D369A9680B43D3610020C4E7CB68CA
:106778004A6809680068FFF78AFD2268D36923F42C
:106788004063D3612268D369A96843EA0123D361CE
:106798000020B1E70220B2E710B4846824F47F4CEB
:1067A80042EA03220A4342EA0C0282605DF8044B83
:1067B800704790F83C30012B78D010B5044601237F
:1067C80080F83C30022380F83D300268936823F457
:1067D8007F4323F0770393600B68602B4CD029D854
:1067E800402B54D00CD9502B22D1CA684968006874
:1067F800FFF7F0FC50212068FFF764FD002005E05A
:10680800202B0DD009D9302B0AD00120012384F880
:106818003D30002384F83C3010BD0BB1102B05D15E
:1068280019462068FFF74EFD0020EFE70120EDE74D
:106838000120EBE7B3F5805F34D0B3F5005F0CD1EE
:10684800CB684A6889680068FFF7A6FF22689368E2
:1068580043F4804393600020D8E7702B24D1CB68A1
:106868004A6889680068FFF797FF2268936843F0D1
:10687800770393600020C9E7CA6849680068FFF792
:10688800D7FC60212068FFF71DFD0020BEE7CA681D
:1068980049680068FFF79EFC40212068FFF712FD59
:1068A8000020B3E70020B1E70120AFE702207047DE
:1068B80010B50468A26822F070024B68134323F0F5
:1068C80007030A681343A3604B68502B32D00BD9D7
:1068D800602B36D0702B43D10B698A68C968006871
:1068E800FFF75AFF00200FE0402B0ED001D90120FE
:1068F8000AE0202B2CD003D9302B2FD1002003E025
:1069080043B3102B28D1002010BD0B68052B29D0CC
:1069180003681C6A1A6A22F001021A620268936903
:1069280023F0F003096943EA0113936103681C62C9
:106938000020E9E70A6989680068FFF74BFC002036
:10694800E2E70A6989680068FFF772FC0020DBE764
:106958000020D9E70020D7E70120D5E70120D3E7B9
:106968000120D1E70120CFE790F83C30012B22D05D
:1069780010B50446012380F83C30022380F83D30EE
:10698800FFF796FF80B92268D36823F04003D360ED
:106998002268D36823F48043D360012384F83D3010
:1069A800002384F83C3010BD012084F83D0000230A
:1069B80084F83C30F7E702207047000090F83C303C
:1069C800012B3DD010B4012380F83C30022380F81D
:1069D8003D3003685A689C6822F0700C0A6842EAE5
:1069E8000C025A600368174A93421AD0B3F1804FD9
:1069F80017D0A2F57C42934213D002F580629342ED
:106A08000FD002F5806293420BD002F57842934290
:106A180007D002F57052934203D0A2F59432934204
:106A280004D124F080044A6814439C60012380F850
:106A38003D30002380F83C3018465DF8044B704721
:106A4800022070470000014070477047026802F159
:106A58000C0353E8003F23F0C0030C3242E8003136
:106A68000029F3D1202380F83D307047026802F1F5
:106A78000C0353E8003F23F490730C3242E80031D2
:106A88000029F3D1026802F1140353E8003F23F010
:106A98000103143242E800310029F3D1036B012BC2
:106AA80005D0202380F83E30002303637047026836
:106AB80002F10C0353E8003F23F010030C3242E8C4
:106AC80000310029F3D1ECE790F83D30DBB2212BFF
:106AD80001D0022070478368B3F5805F17D0036A3E
:106AE8005A1C02621A7803685A60C38C9BB2013B35
:106AF8009BB2C3844BB90268D36823F08003D36088
:106B08000268D36843F04003D360002070470369EC
:106B1800002BE4D1036A1B880268C3F3080353609F
:106B2800036A02330362E0E738B504460268136972
:106B380023F44053C1680B4313618368026913430C
:106B480042691343C2691A430168CB6823F41643A8
:106B580023F00C031343CB600268536923F440739A
:106B680081690B4353610368314A934206D002F5A9
:106B78008062934202D0FEF781FF01E0FEF78EFFAC
:106B8800E369B3F5004F29D00021031849411B18C8
:106B980041F10001C90041EA5371DB00181863682C
:106BA8004FEA83024FEA937341F10001F9F7BEFF00
:106BB800204DA5FB00325109642303FB11031B017F
:106BC8003233A5FB03235B0903F0F00202EB011249
:106BD80003F00F03216813448B6038BD00230218AB
:106BE80043EB0301121841F10001C90041EA527157
:106BF800D200101841F10001626892185B41F9F760
:106C080095FF0C4DA5FB00325109642303FB1103CA
:106C1800DB003233A5FB03235B095A0002F4F87248
:106C280002EB011203F00703216813448B60D4E7D9
:106C3800001001401F85EB5158B310B5044690F879
:106C48003D300BB3242384F83D302268D36823F405
:106C58000053D3602046FFF767FF2268136923F4C7
:106C6800904313612268536923F02A035361226811
:106C7800D36843F40053D36000202064202384F8B1
:106C88003D3084F83E3010BD80F83C30FBF788F981
:106C9800D8E701207047000038B590F83D30DBB2E6
:106CA800202B38D10446002937D0002A37D090F855
:106CB8003C30012B35D0012380F83C3001628284BE
:106CC800C28400250564212380F83D30436B1648B3
:106CD800D863636B15481864636B1548D864636B95
:106CE8001D6520681346021D606BFCF72FFB2368A7
:106CF8006FF040021A6084F83C50226802F11403D5
:106D080053E8003F43F08003143242E80031002981
:106D1800F3D1002000E0022038BD0120FCE701206B
:106D2800FAE70220F8E700BF3D6D0008A56D0008EE
:106D3800B36D000808B50346806B1B681B6813F425
:106D4800807F1AD10023C384026802F1140353E838
:106D5800003F23F08003143242E800310029F3D1C8
:106D6800026802F10C0353E8003F43F040030C3281
:106D780042E800310029F3D108BD07F0F2FEFBE735
:106D880008B50168CA6822F04002CA60202280F86B
:106D98003D2007F0E6FE002008BD704708B5806B6F
:106DA800FFF7FBFF08BD7047704710B5846B236879
:106DB8005A6994F83D30DBB2212B10D023685A6908
:106DC80002F0400294F83E30DBB2222B11D0236C43
:106DD80043F0100323642046FFF7E6FF10BD02F0DE
:106DE8008002002AEAD00023E3842046FFF72EFE23
:106DF800E4E7002AEBD00023E3852046FFF736FEC0
:106E0800E5E708B5806B0023C385C384FFF7CCFF93
:106E180008BD704790F83E30DBB2222B67D18368FB
:106E2800B3F5805F4DD0826AB3F5805F04D0002B44
:106E380054D10369002B51D103685B681370836ACE
:106E480001338362C38D9BB2013B9BB2C385002B88
:106E58004FD100B583B00268D36823F02003D36014
:106E68000268D36823F48073D3600268536923F0FF
:106E780001035361202380F83E30036B012B33D18B
:106E880000230363026802F10C0353E8003F23F078
:106E980010030C3242E800310029F3D103681A6864
:106EA80012F0100F06D0002201921A6801925B6856
:106EB8000193019B818DFFF7ACFF002003B05DF8C3
:106EC80004FB0269002AAED1826A03685B68C3F3D7
:106ED80008031380836A02338362B3E703685B683D
:106EE80003F07F031370AAE707F03AFEE5E70220F4
:106EF800704700207047000030B583B00446026830
:106F08001368D068516913F00F0505D113F0200FED
:106F180002D010F0200F19D12DB111F0010119D1B3
:106F280010F4907F16D1216B01297DD013F0800FCA
:106F380003D010F0800F40F0158113F0400F03D0FC
:106F480010F0400F40F0128103B030BD2046FFF72B
:106F580061FFF9E713F0010F06D010F4807F03D02A
:106F6800226C42F00102226413F0040F04D019B11C
:106F7800226C42F00202226413F0020F04D019B10D
:106F8800226C42F00402226413F0080F07D010F0BC
:106F9800200F00D119B1226C42F008022264226C41
:106FA800002AD1D013F0200F02D010F0200F29D1E1
:106FB80023685B6903F04003226C12F0080F00D1CC
:106FC80063B32046FFF752FD23685B6913F0400F57
:106FD80020D0226802F1140353E8003F23F0400355
:106FE800143242E800310029F3D1A36B73B1614A2E
:106FF8001A65A06BFCF729FA0028A5D0A06B036DD1
:107008009847A1E72046FFF705FFD1E72046FFF79D
:10701800CBFE99E72046FFF7C7FE95E72046FFF726
:10702800C3FE002323648FE713F0100F3FF47EAFF5
:1070380010F0100F3FF47AAF002301931368019307
:1070480053680193019B536913F0400F50D0A26B12
:1070580013685B689BB2002B3FF476AFA18D994211
:107068007FF672AFE385D369B3F5807F37D02268A6
:1070780002F10C0353E8003F23F480730C3242E81A
:1070880000310029F3D1226802F1140353E8003FCC
:1070980023F00103143242E800310029F3D12268B9
:1070A80002F1140353E8003F23F04003143242E88E
:1070B80000310029F3D1202384F83E3000232363D4
:1070C800226802F10C0353E8003F23F010030C324E
:1070D80042E800310029F3D1A06BFCF76CF9A18DCF
:1070E800E38D9BB2C91A89B22046FFF792FE2BE7BF
:1070F800A18DE38D9BB2C91A89B2E38D9BB2002B97
:107108003FF422AF00293FF41FAF226802F10C03BD
:1071180053E8003F23F490730C3242E80030002813
:10712800F3D1226802F1140353E8003F23F001036E
:10713800143242E800300028F3D1202384F83E308E
:1071480000232363226802F10C0353E8003F23F075
:1071580010030C3242E800300028F3D12046FFF734
:1071680058FEF1E62046FFF7AFFCEDE62046FFF7B4
:1071780007FEE9E60B6E000808B5806B036B012B70
:1071880002D0FFF710FE08BD818D4908FFF741FEC8
:10719800F9E708B50346806B1B681B6813F4807F0A
:1071A8002BD10023C385026802F10C0353E8003F8A
:1071B80023F480730C3242E800310029F3D10268CD
:1071C80002F1140353E8003F23F00103143242E8AC
:1071D80000310029F3D1026802F1140353E8003F9B
:1071E80023F04003143242E800310029F3D1202370
:1071F80080F83E30036B012B05D0036B012B0FD0B9
:1072080007F0AEFC08BD026802F10C0353E8003F2A
:1072180023F010030C3242E800310029F3D1ECE7E7
:10722800818DFFF7F6FDEDE7006C704730B583B050
:10723800044613468162828500250564222280F86F
:107248003E20826B2048D063A26B20481064A26B5A
:107258001F48D064A26B156520680A46011DA06B03
:10726800FCF774F8019523681A6801925B6801932A
:10727800019B84F83C5023695BB1226802F10C033E
:1072880053E8003F43F480730C3242E80031002990
:10729800F3D1226802F1140353E8003F43F00103DD
:1072A800143242E800310029F3D1226802F11403B4
:1072B80053E8003F43F04003143242E8003100290C
:1072C800F3D1002003B030BD9B7100088171000824
:1072D800B36D000808B590F83E30DBB2202B0DD115
:1072E80071B17AB190F83C30012B0DD0012380F8B0
:1072F8003C3000230363FFF799FF00E0022008BD3C
:107308000120FCE70120FAE70220F8E70023102219
:107318008B4213D210B410F803C08CEAD21C094C6B
:1073280034F91CC08CEA022292B201339BB28B4220
:10733800F1D3500080B25DF8044B7047500080B222
:10734800704700BF640C002030B505464FF0000CB4
:1073580010230FE015F80CE08EEA930E5FFA8EFE0C
:107368001B029BB2124C34F81E0043400CF1010C76
:107378005FFA8CFC5FFA81FEE645EBD8012A01D062
:10738800062209E06A5C920002F47C725340F7E737
:107398005B009BB2013AD2B23AB113F4007FF7D046
:1073A8005B009BB283F08F03F4E7C3F3090030BDA1
:1073B800640A0020002113E05B009BB2013A92B2FC
:1073C8004AB113F4804FF7D05B009BB283F48B4330
:1073D80083F01903F2E7064A22F81130013189B225
:1073E800FF2903D8CB019BB20822E9E7704700BF09
:1073F800640C0020002113E05B009BB2013A92B2BA
:107408003AB113F4007FF7D05B009BB283F08F038F
:10741800F4E7C3F30903064A22F81130013189B2AF
:10742800FF2903D88B009BB20822E9E7704700BF09
:10743800640A002038B590B9C1B902210125154C5C
:10744800012A1DD000222046FCF7F6F90122294620
:107458002046FCF7F1F90A2007F0AEFA38BD49B921
:107468004FF400414FF480450B4CE9E70121022518
:10747800084CE5E74FF480414FF40045064CDFE740
:107488002046FCF7D9F9002229462046FCF7D4F912
:10749800E1E700BF001002400008024070B5064650
:1074A8000D46002404B170BD012229463046FFF77D
:1074B800C1FF022007F080FA002229463046FFF774
:1074C800B9FF022007F078FA0134EBE7F0B585B090
:1074D8000C46064660BB174F002503950295130A14
:1074E8008DF80C308DF80D20022103A8FFF70EFF50
:1074F800C0F307238DF80E308DF80F0001222146C6
:107508003046FFF797FF0A2007F056FA1423009336
:10751800042302AA03A93846FEF713FC2A4621468B
:107528003046FFF787FF0A2007F046FA05B0F0BD9E
:10753800014FD1E784040020DC0400202DE9F0414C
:107548000F4615460446B8BBDFF8B0804FEA132C47
:10755800284805EB450204EBC401890001EB8202CF
:10756800861800F802C0737002213046FFF7CEFE7D
:10757800C0F30723B370F0704FF0000EBEF1000F98
:1075880035D0012239462046FFF754FF0A2007F07C
:1075980013FA05EB450504EBC404A40004EB8505C8
:1075A8000C23154A2A4431464046FEF7E7FC0A20D8
:1075B80007F002FABDE8F081DFF84480C6E703EB84
:1075C800CE02043205EB450004EBC40C4FEA8C0CE8
:1075D8000CEB800007490844FF2181540133DBB2DA
:1075E800072BECD90EF1010E5FFA8EFEC6E7734643
:1075F800F6E700BF9C0E0020780E002084040020CF
:10760800DC0400202DE9F04188B00E461C460546F2
:10761800002844D1344F4FF00008CDF81480CDF83D
:107628001880CDF81C80CDF80880CDF80C80CDF8F6
:107638001080130A8DF814308DF81520022105A842
:10764800FFF764FEC0F307238DF816308DF8170096
:1076580005EB450304EB4304424606212046FFF7A9
:1076680073FE4246002A3DD0012231462846FFF7E4
:10767800E1FE0A2007F0A0F9142300930C2302AAC4
:1076880005A93846FEF75DFB002231462846FFF77C
:10769800D1FE0A2007F090F908B0BDE8F081134F39
:1076A800B9E703F1040C0CEBC20C02EB420104EB4A
:1076B8004101C95C0CF1200CEC440CF80C1C0133A2
:1076C800DBB2052BEDD9D300C0F3072C03F12A0157
:1076D800694401F80CCC2B336B4403F80C0C0132D1
:1076E800D2B2BFE71346ECE784040020DC04002094
:1076F8002DE9F8439DF820609DF8247000242CB1F2
:10770800214B0122FFF77EFFBDE8F883A44642F033
:1077180084081D4D00EB040E0EEB4E0905F8198088
:1077280005EB490E8EF80130012E21D0051905EB25
:107738004505DFF854E00EEB45054FF0000E85F8DF
:1077480002E0114D84440CEB4C0E05EB4E0E4FF04D
:1077580027088EF803800CEB4C0E05EB4E0E4FF00D
:1077680000088EF804808EF805800134E4B2C6E77C
:1077780046EA070848F00608DFF80CE00EEB490572
:1077880085F80280DDE700BF640E00202DE9F04790
:1077980088B0884699460746002837D1DFF8D4A034
:1077A8000025059506950795029503950495130AF6
:1077B8008DF814308DF81520022105A8FFF7A6FDD5
:1077C800C0F307238DF816308DF817000DB3414626
:1077D8003846FFF763FE012241463846FFF72AFE86
:1077E8000A2007F0E9F8142300930C2302AA05A93C
:1077F8005046FEF7A6FA002241463846FFF71AFE21
:107808000A2007F0D9F808B0BDE8F087DFF868A0CB
:10781800C6E707EB470609EB46062C4605EB45008D
:107828000022062106EB4000FFF78EFD2A460DE0F8
:10783800131D03EBC40304EB440106EB4101895C0F
:1078480020336B4403F80C1C0132D2B2052AEFD95D
:10785800E400C0F3072204F12A036B4403F80C2C5C
:1078680004F12B030DEB030404F80C0C0135EDB205
:10787800ACE700BF84040020DC0400200B4691B96B
:1078880030B101280CD07047114B18540130C0B2E8
:107898000028F9D0704759420D4AD1540133DBB260
:1078A800002BF8D0704740B10128ECD100230BE041
:1078B8004242074B1A540130C0B20028F8D0704732
:1078C800034AD3540133DBB2002BF9D0DBE700BF06
:1078D800740E0020034600B10023014AD05C7047B3
:1078E800740E0020F0B583B005460E4600238DF8CF
:1078F80004301D4B1B78012B08D01B4B01221A703A
:1079080055270024012C06D1002323E0164B002222
:107918001A70AA27F5E70020FFF7DCFF04F1080337
:107928006B4403F8040C0134E4B2EBE70F4A2A4431
:107938001A44507C03F108026A4412F8042C2A44C1
:1079480002EB42020A4901EB420200EA0701117107
:107958000133DBB2002BE9D0054B242231462846FF
:10796800FFF714FF03B0F0BDBC080020C0080020DA
:107978006C0E00200388C3F309020280980A70473E
:107988002DE9F04F8DB006468A4690F8FC7090F8C5
:10799800029007EB4703DBB2039300248DF82C40D9
:1079A8000994ADF82840ADF822400794ADF820407E
:1079B800049405940694224641784846FFF73AFD18
:1079C8001CB1002302931C4641E02046FFF782FFCA
:1079D80004F130036B4403F8040C0134E4B2EFE71C
:1079E80001944FEAC40808F10A01DFF834B307EB41
:1079F800470509EBC9039B0003EB85050BEB050263
:107A0800515C08F10B03D35C03EB0123ADF8223082
:107A18000DF12200FFF7AEFF08F1040805EB08009E
:107A2800012206215844FFF78FFCBDF8223083421B
:107A380012D0BAF1010F00F04281BAF1020F00F042
:107A48005681BAF1000F00F01F810134E4B2002C16
:107A5800C6D00DB0BDE8F08F2346052B13D808EB30
:107A6800030007EB470209EBC901890001EB820219
:107A7800AB490A44115C03F130026A4402F80C1C59
:107A88000133DBB2E9E7BAF1000F43D0BAF1010FD5
:107A9800DBD1002F00F08680012F00F0D780022F65
:107AA800D3D19DF825209DF82430019930316944BF
:107AB80011F8048C43EA022303EB830003EB400034
:107AC800984BA3FB0030C0F3CF00C84406EBC805B1
:107AD800A5F8D20006F0E4FEA5F8CA009DF8292012
:107AE8009DF8283043EA0223ADF81C3007EE903A9F
:107AF800F8EE677A9FED8C7A67EE877ACDED047A97
:107B0800FCEEE77A08F1780306EB430317EE902AB8
:107B18009A809AE79DF825209DF8243043EA0223AD
:107B2800ADF81C3007EE903AF8EE677A9FED7E7A52
:107B380067EE877ACDED047AADF81E30CDED057A83
:107B4800039A052A03D8ADF82030CDED067A019BBB
:107B580030336B4413F8040CFCEEE77A17EE903AD6
:107B680009EB0005039A02EBC501083106EB410158
:107B78004B801146013202EBC502083206EB420285
:107B8800538005293FF661AF8B1CDDED067AFCEECC
:107B9800E77A03EBC503083306EB430317EE902A95
:107BA8005A8052E79DF825209DF8243043EA0223A5
:107BB800ADF81C3007EE903AF8EE677A9FED5A7AE6
:107BC80067EE877ACDED047A019B30336B4413F866
:107BD800045CFCEEE77A4D4405F1780306EB4303B9
:107BE80017EE902A5A809DF827209DF8263043EA00
:107BF800022303EB830003EB4000DFF82881A8FB96
:107C08000030C0F3CF0005F1190306EBC3039880D9
:107C180006F046FE05F1180306EBC30398809DF8AD
:107C280029209DF8283043EA022303EB830003EB65
:107C38004000A8FB0030C0F3CF0006EBC505A5F84F
:107C4800CE0006F02DFEA5F8C600FEE69DF825201C
:107C58009DF8243001993031694411F8045C43EAF5
:107C6800022303EB830003EB40002E4BA3FB003001
:107C7800C0F3CF004D4406EBC505A5F8D00006F0CB
:107C88000FFEA5F8C800E0E6B9F1010F14D0019B7A
:107C980030336B4413F8041C029B5A18324492F890
:107CA800F8300133DBB282F8F830FF2B7FF4CDAE29
:107CB800314481F8F830C8E6CDF80890E7E7B9F123
:107CC800010F11D0019B30336B4413F8042CB11809
:107CD80091F8F9300133DBB281F8F930FF2B7FF4EA
:107CE800B4AE81F8F930B0E6CDF80890EAE7B9F11A
:107CF800010F11D0019B30336B4413F8042CB118D9
:107D080091F8FA300133DBB281F8FA30FF2B7FF4B7
:107D18009CAE81F8FA3098E6CDF80890EAE700BF03
:107D2800780E0020CDCCCCCCCDCCCC3D10B52424C5
:107D3800224600210F4807F025F8224600210E4868
:107D480007F020F80D4CFD220021204607F01AF814
:107D58000B4B0020186098800A4B186098800146E9
:107D6800FFF78CFDFFF726FBFFF744FB0123A37207
:107D780010BD00BF9C0E0020780E0020C008002017
:107D8800640E00206C0E002030B584468E46B0F894
:107D98005230B0F857209B1A9BB291F8FB20012A69
:107DA80022D0042B24D90122DCF8303013F5FA6FE5
:107DB80000DB002242F20F718B4200DD0022BCF88A
:107DC800501040F6AB53994200D80022DCF800303E
:107DD80083B100238EF8FB30284B5B7D012B0DD03F
:107DE8000023002B47D030BD132BDDD80022DBE762
:107DF8000022D9E78EF8FB20012AEDD100202AE0E5
:107E0800012404FA02F50EEB00030B445C7C24EA1F
:107E180005045C740132D2B2072A16D8431802EB63
:107E2800C30308330EEB43035C88BCF850309C4214
:107E3800E6D9012404FA02F50EEB00030B445C7C3E
:107E48002C435C74E6E70A46E6E70131C9B200292B
:107E5800F9D00130C0B20028C5D10146F7E70EEBD2
:107E680003011144002048740132D2B2002AF6D02E
:107E78000133DBB2B5E71A46F8E700BF506D0020C2
:107E880010B50C4BB3F8053013F0800F0DD0094B2B
:107E98001A7E094B5A74084C6178A078FFF7FEFAED
:107EA8006178A078FFF71EFD10BD03490348FFF76E
:107EB8006BFFF0E7506D0020C00800202C6C0020FC
:107EC80010B584B00D4B93E803000290ADF80C1088
:107ED8000B4C6178A078FFF7E1FA0022019200923A
:107EE80013466178A078FFF703FC4FF45872617865
:107EF800A078FFF7EBFA04B010BD00BFBCED000896
:107F0800C008002030B583B005460B4B93E803004A
:107F18000090ADF80410094C6178A078FFF7BEFA1C
:107F280002AB03EB450333F8083C2A466178A07896
:107F3800FFF704FB03B030BDBCED0008C00800200B
:107F480000B583B00246084B93E803000090ADF8F3
:107F58000410064880F8FC2000221146FFF710FDA7
:107F680003B05DF804FB00BFBCED0008C0080020AA
:107F780010B582B0094B93E803000090ADF80410E7
:107F8800074C6178A078FFF789FA4FF4A06261780E
:107F9800A078FFF79BFA02B010BD00BFC4ED00083F
:107FA800C008002030B583B005460B4B93E80300AA
:107FB8000090ADF80410094C6178A078FFF76EFACC
:107FC80002AB03EB450333F8083C2A466178A078F6
:107FD800FFF7B4FA03B030BDC4ED0008C0080020B4
:107FE80000B583B00246084B93E803000090ADF853
:107FF8000410064880F8FC2000220121FFF7C0FC8D
:1080080003B05DF804FB00BFC4ED0008C008002001
:108018002DE9F04F8FB081460D4604920393847882
:1080280090F80180002C5DD1DFF864A305EB4503CF
:10803800DBB2059300268DF83460ADF832600B96FC
:10804800ADF83060089609960A960696ADF81C6059
:10805800002E4AD0CA4F242632460021384606F060
:1080680091FE32460021C74806F08CFE0498010AAA
:1080780005EB450304EBC402920002EB8303FE18F0
:10808800F954707002213046FFF740F9C0F3072316
:10809800B370F0700027002F47D0012241462046D8
:1080A800FFF7C8F90A2006F087FC05EB450204EB48
:1080B800C4039B0003EB8202142300930C23B149F1
:1080C8000A4431465046FDF73CFE00224146204610
:1080D800FFF7B0F90A2006F06FFC00263EB30FB098
:1080E800BDE8F08FDFF8ACA2A0E73046FFF7F2FB5F
:1080F80006F138036B4403F8040C0136F6B2A7E71F
:10810800181D00EBC70005EB450204EBC40189000C
:1081180001EB82029A490A44FF2111540133DBB270
:10812800072BEDD90137FFB2B5E73B46F8E7B24672
:108138004FEAC60808F10A01DFF848B205EB45071F
:1081480004EBC4039B0003EB87070BEB0702515CAE
:1081580008F10B03D35C03EB0123ADF832300DF1CA
:108168003200FFF707FC08F1040807EB08000122BA
:1081780006215844FFF7E8F8BDF83230834200F092
:108188008F80A3196622039902FB03139B8F022B8E
:1081980005D8A24402FB0A1A0133AAF83C3001367A
:1081A800F6B29BE708EB030005EB450204EBC401BC
:1081B800890001EB820273490A44115C724AD15466
:1081C8000133DBB2052BEDD9039B5B78013B312BE7
:1081D800E5D801A252F823F0AD820008BB8200085E
:1081E800A781000801830008A7810008A78100086B
:1081F800E7830008A7810008B9840008A781000860
:1082080045850008A7810008DD850008A7810008CA
:108218008B870008A781000891880008A7810008BB
:10822800A7810008A7810008A7810008998900088C
:10823800A7890008A7810008A7810008DD89000830
:10824800A7810008A7810008E3890008A781000822
:10825800C18B0008A7810008A78100080B8C0008C3
:10826800A7810008A7810008A78100081B8C0008C7
:10827800A7810008A7810008318C0008418C0008FC
:10828800518C0008618C0008718C0008818C0008F2
:10829800A7810008A7810008A7810008698D000848
:1082A80033468FE7384B5B7813F0080F40F0C280F5
:1082B80075E7354B5A781B7843EA0223ADF82C3022
:1082C80007EE903AF8EE677A9FED307A67EE877A94
:1082D800CDED087AFCEEE77A17EE901A8BB204EB34
:1082E8000A02783209EB42025180A3F6B1339BB2FD
:1082F8000E2B00F29F8052E7234B5A781B7843EAF3
:108308000223ADF82C3007EE903AF8EE677A9FED2D
:108318001F7A67EE877ACDED087AADF82E30CDED6D
:10832800097A059A052A03D8ADF83030CDED0A7AD6
:108338000AF138036B4413F8041CFCEEE77A17EED5
:10834800902A6018059F07EBC003183309EB430315
:108358005A807B1C03EBC003183309EB43035A8094
:10836800052F38D8BB1CDDED0A7AFCEEE77A03EB63
:10837800C003183309EB430317EE902A5A800EE71F
:108388009C0E0020780E0020C00E0020CDCCCC3DE5
:1083980084040020DC04002004EB0A01203109EBEE
:1083A800410148800132D2B2072A40D804EB0A01C1
:1083B80002EBC101183109EB4101B1F9021047F68E
:1083C800BF7C6145E8DCB1F5347FE5DD012303FAC4
:1083D80002F080B2E0E7324633460020E4E71DBBF6
:1083E800D04B5A791B7943EA0223ADF82C3007EEBB
:1083F800903AF8EE677A9FEDCC7A67EE877ACDED02
:10840800087AFCEEE77A17EE901A8BB204EB0A02B0
:10841800743209EB42029180A3F58C53143B9BB252
:10842800B3F57A7F06D8BAE6012D1ED03346012B64
:108438007FF4B5AE0398427804EB0A0303EB4303D9
:1084480003EB03131344043330F8131002293FF6E7
:10845800A6AEA2440AEB4A0A0AEB0A1A0AEB02037E
:108468000433013120F8131099E6AE4B5A781B7883
:1084780043EA0223ADF82E3007EE903AF8EE677A19
:108488009FEDA97A67EE877ACDED097AFCEEE77A57
:1084980017EE901A8BB204EB0A02743209EB42020F
:1084A800D180A3F68C239BB2B3F5617FC2D876E660
:1084B8009C4BD9789A7842EA0122ADF82C2007EE35
:1084C800902AB8EE677ADFED986A27EE267A8DED66
:1084D800087A5A791B7943EA0223ADF82E3007EE61
:1084E800903AF8EE677A67EEA67ACDED097ABCEE97
:1084F800C77A04EB0A0303F1700209EB420217EE94
:10850800101AD180FCEEE77A743317EE902A29F816
:10851800132009F1E6031BB209F1E80212B29B1A13
:1085280003F57F42FF3281498A4283D8002BB8BFC6
:108538005B429BB2072B3FF67DAF30E665B94FF43F
:10854800EC73ADF818301923ADF81A305A23ADF88A
:108558001C303346324625E0012D09D0022D12D0B9
:108568000023ADF81830ADF81A30ADF81C30F0E73C
:108578009B23ADF81830DC23ADF81A3040F21D13F8
:10858800ADF81C30E5E74FF4AF73ADF8183040F2A2
:108598009F13ADF81A304FF4F073ADF81C30D8E7DC
:1085A8000132D2B2022A3FF642AF50000EA901EBC7
:1085B800420131F8207CDFF86CC11CF81210013040
:1085C8001CF8000041EA0021C1F30B01B942E7D0D1
:1085D8000123E5E7049B132B63D0524B59781A7893
:1085E80042EA0122ADF82C2007EE902AB8EE677A0D
:1085F800DFED4D6A27EE267A8DED087ADA789B78DA
:1086080043EA0223ADF82E3007EE903AF8EE677A87
:1086180067EEA67ACDED097A059B052B10D8414B5C
:108628005A791B7943EA0223ADF8303006EE903AC6
:10863800F8EE666A9FED3C6A66EE866ACDED0A6AD8
:108648003B4B1978C1BB0AF138030DEB030A1AF842
:10865800042CBCEEC77AA118059800EBC10330338F
:1086680009EB430317EE107A9F80431CFCEEE77A70
:1086780003EBC103303309EB430317EE901A9980DB
:10868800052815D8831CDDED0A7AFCEEE77A22442A
:1086980003EBC203303309EB430317EE902A9A80A9
:1086A8007DE5204B93F90130002BBFF678ADC1E68C
:1086B8001F4B01221A7072E501297FF470AD0AF18F
:1086C80038036B4413F8042CBCEEC77A04EB020C95
:1086D800059F07EBCC03383309EB430317EE100A69
:1086E80098807B1CFCEEE77A03EBCC03383309EB6C
:1086F800430317EE900A9880052F0DD8BB1CDDEDBB
:108708000A7AFCEEE77A03EBCC03383309EB430330
:1087180017EE902A9A8042E5054B002018703346E0
:1087280037460AE0C00E0020CDCCCC3DFEFF01004C
:10873800C70E00200B460137FFB2072F3FF677AE72
:1087480004EB020C07EBCC0C0CF1300009EB4000F9
:1087580080880CF1380C09EB4C0CBCF804C0A0EB79
:108768000C0000F57F4C0CF1FF0CDFF870E3F445CA
:10877800E0D80028B8BF404280B21E28DBD90B469B
:10878800D9E7D14B59781A7842EA0122ADF82C2062
:1087980007EE902AB8EE677ADFEDCC6A27EE267AE4
:1087A8008DED087ADA789B7843EA0223ADF82E300B
:1087B80007EE903AF8EE677A67EEA67ACDED097A79
:1087C8000AF138036B4413F8042CBCEEC77AA118DD
:1087D800059800EBC103483309EB430317EE107A01
:1087E8009F80431CFCEEE77A03EBC103483309EB97
:1087F800430317EE901A9980052842D8B24B59794D
:108808001B7943EA0123ADF8303007EE903AF8EED1
:10881800677A67EEA67ACDED0A7A831CFCEEE77AD2
:10882800224403EBC203483309EB430317EE902AB3
:108838009A80B4E40130C0B207283FF6F8ADA11819
:1088480000EBC10101F1480709EB4707BF8807EEB4
:10885800907AF8EE677A083109EB4101498807EE0A
:10886800101AB8EE477AB1F57A7FE3D9F6EE086ABE
:1088780027EE267AB4EEE77AF1EE10FADADD012374
:10888800D8E730463346D7E78F4B5A78187840EA0E
:108898000220ADF82C0007EE900AF8EE677A9FEDFB
:1088A8008B7A67EE877ACDED087AD9789A7842EA9A
:1088B8000122ADF82E2007EE902AF8EE677A67EECF
:1088C800877ACDED097A0AF138036B4413F8041C52
:1088D8006718059B03EBC703103309EB4303588064
:1088E8000598431C03EBC703103309EB43035A8075
:1088F8000746052849D8744B58791A7942EA002264
:10890800ADF8302007EE902AF8EE677A67EE877A9E
:10891800CDED0A7ABB1C214403EBC103103309EBEC
:1089280043035A803BE401230132D2B2072A3FF6BF
:108938007EAD601802EBC000103009EB40004088A3
:1089480007EE900AF8EE677A04EB0A0002EBC00023
:10895800083009EB4000408807EE100AF8EE476A35
:10896800B0F57A7FE0D987EEA67ADFED587AB4EED3
:10897800E77AF1EE10FAD6D4DFED557AB4EEE77A5D
:10898800F1EE10FAD0DD0123CEE732463346CDE7CB
:108998004D4B93F90130002BBFF601AC4AE54A4B29
:1089A8005B7813F0010F7FF445ADFFF7F8BB013298
:1089B800D2B2052A3FF63BAD43498F5C04EB0A016E
:1089C80001EB4101434800EB4101895C8F42EED045
:1089D8000123ECE732463346EBE73B4B59781A78EC
:1089E80042EA0122ADF82C2007EE902AF8EE677AC9
:1089F8009FED366A67EE867ACDED087AD9789A784F
:108A080042EA0122ADF82E2007EE102AF8EE476A56
:108A180066EE866ACDED096A5A791B7943EA022324
:108A2800ADF8303007EE103AB8EE477A27EE067AFE
:108A38008DED0A7A284B1978002951D1CDB90AF160
:108A480038030DEB030A1AF8043CFCEEE66A2344EB
:108A580003F11A0209EBC20216EE901A9180BCEEDD
:108A6800C77A09EBC30317EE102AA3F8D620FFF73D
:108A780096BB012D16D0022D7FF491AB0AF1380375
:108A88000DEB030A1AF8043CFCEEE77A234409EBE1
:108A9800C30317EE902AA3F8DA200F4B01221A70AD
:108AA800FFF77DBB0AF138030DEB030A1AF8043C03
:108AB800FCEEE77A234409EBC30317EE902AA3F8E8
:108AC800D820FFF76CBB00BFC00E0020CDCCCC3D3A
:108AD8006666663F640E0020C60E0020FEFF010099
:108AE80001297FF45CAB0DBB0AF138036B4413F822
:108AF800043CFCEEE66A234403F11B0209EBC202C4
:108B080016EE900A9080BCEEC77A09EBC30317EE05
:108B1800102AA3F8DE20C94B1B78022B7FF43FAB49
:108B2800C64B00221A703046334626E0012D13D07A
:108B3800022DF0D10AF138036B4413F8043CFCEE23
:108B4800E77A234409EBC30317EE902AA3F8E2203F
:108B5800BA4B02221A70DEE70AF138036B4413F8A5
:108B6800043CFCEEE77A234409EBC30317EE902A92
:108B7800A3F8E020CFE70130C0B203283FF657AC96
:108B88000AF138026A4412F8042C224400EB8202EB
:108B980002F1680709EB4707BF886C3209EB42020C
:108BA8009288BA1A002AB8BF524292B240F62827D1
:108BB800BA42E0D90B46DEE7A14B5A791B7943EA62
:108BC8000223ADF82C3007EE903AF8EE677A9FED65
:108BD8009D7A67EE877ACDED087AFCEEE77A17EE94
:108BE800901A8BB204EB0A02783209EB42029180A8
:108BF800A3F596539BB2B3F5C87F3FF61BACFFF7BE
:108C0800CEBA8F4B5B7813F0020F7FF413ACFFF7EB
:108C1800C6BA8B4AD378927843EA0223B3F5E04F79
:108C28003FF608ACFFF7BBBA854B93F90130002B30
:108C3800BFF600ACFFF7B3BA814B1B7813F0F00F07
:108C48003FF4F8ABFFF7ABBA7D4B5B7813F0080F36
:108C58003FF4F0ABFFF7A3BA794B5B7813F0020F40
:108C68003FF4E8ABFFF79BBA754B5B7813F0010F45
:108C78003FF4E0ABFFF793BA7DB1012D33D0022D5D
:108C88007FF48DAA40F21243ADF8183040F25343F6
:108C9800ADF81A30334632464DE040F20C43ADF899
:108CA800183040F24D43ADF81A3040F28E43ADF81B
:108CB8001C302B462A4601E00132D2B2022A3FF686
:108CC800B6AB51005E4F17F8120001F1010C17F80E
:108CD8000C7040EA07203831694431F8201C814281
:108CE800EAD00123E8E740F2CF43ADF818304FF45B
:108CF800A263ADF81A3040F25153ADF81C30334638
:108D0800324601E00132D2B2022A3FF690AB51005E
:108D18004B4F17F8120001F1010C17F80C7040EADC
:108D280007203831694431F8201C8142EAD02B46AB
:108D3800E8E70132D2B2012A3FF679AB5100404F41
:108D480017F8120001F1010C17F80C7040EA07201F
:108D58003831694431F8201C8142EAD00123E8E720
:108D68009DB1012D3ED0022D7FF419AA4FF6FF7355
:108D7800ADF818304FF4B563ADF81A3040F2A95386
:108D8800ADF81C303346324660E040F22123ADF89E
:108D9800183040F26223ADF81A3040F2A323ADF840
:108DA8001C302B462A4601E00132D2B2022A3FF695
:108DB8003EAB0EA901EB420131F8207C4FF6FF7162
:108DC8008F42F1D05000DFF878C01CF81210013043
:108DD8001CF8000041EA0021C1F30B018F42E3D0E7
:108DE8000123E1E74FF43973ADF818304FF6FF73FC
:108DF800ADF81A30ADF81C303346324601E0013286
:108E0800D2B2022A3FF613AB0EA901EB420131F8A8
:108E1800207C4FF6FF718F42F1D05000DFF820C060
:108E28001CF8121001301CF8000041EA0021C1F3BF
:108E38000B018F42E3D02B46E1E700BFC60E0020AE
:108E4800C00E0020CDCCCC3D0132D2B2022A3FF672
:108E5800EEAA0EA901EB420131F8207C4FF6FF7112
:108E68008F42F1D05000DFF81CC01CF812100130FE
:108E78001CF8000041EA0021C1F30B018F42E3D046
:108E88000123E1E7C00E002030B583B00446124D3F
:108E980001236B7041788078FEF700FB0022019275
:108EA800009213466178A078FEF722FC40F2157212
:108EB8006178A078FEF70AFB4FF47A6005F07CFD34
:108EC8006178A078FEF7EAFA2B46132202212046A1
:108ED800FFF79EF803B030BDC009002070B582B01E
:108EE8000446134E0223737041788078FEF7D6FA51
:108EF8000025019500952B462A466178A078FEF753
:108F0800F7FB4FF4A0626178A078FEF7DFFA4FF420
:108F1800FA6005F051FD6178A078FEF7BFFA334694
:108F28000C2229462046FFF773F802B070BD00BF37
:108F3800C009002030B587B00546234B53F8042BF1
:108F4800ADF81420120C8DF8162093E80300039056
:108F5800ADF810101D4B04225A706978A878FEF7F6
:108F68009DFA0024019480230093234622466978C1
:108F7800A878FEF7BDFB4FF4FA7005F01DFD4FF41D
:108F880042726978A878FEF7A1FA40F6B83005F081
:108F980013FD14E06978A878FEF780FA06AB03EBB6
:108FA800440204F118030DEB0301084B32F80C2CB2
:108FB80011F8041C2846FFF72BF80134E4B2022C00
:108FC800E8D907B030BD00BFCCED0008C0090020CB
:108FD80070B582B004461E4E0723737041788078BE
:108FE800FEF75CFA0025019500952B462A46617824
:108FF800A078FEF77DFBC82005F0DEFC40F26B523E
:109008006178A078FEF762FA4FF4FA6005F0D4FCB4
:109018006178A078FEF742FA3346102229462046A6
:10902800FEF7F6FF40F26C526178A078FEF74EFA30
:109038004FF4FA6005F0C0FC6178A078FEF72EFACC
:109048003346122201212046FEF7E2FF02B070BD2E
:10905800C009002030B583B00446124D09236B7057
:1090680041788078FEF71AFA00220192009213469E
:109078006178A078FEF73CFB40F201326178A07875
:10908800FEF724FA4FF4FA6005F096FC6178A078B0
:10909800FEF704FA2B46132201212046FEF7B8FFFB
:1090A80003B030BDC009002070B582B004462E4E12
:1090B8000D23737041788078FEF7F0F940F217724B
:1090C8006178A078FEF702FA6178A078FEF7E6F9F1
:1090D8000025019500952B4610226178A078FEF7AF
:1090E80007FB4FF458726178A078FEF7EFF94FF458
:1090F800FA6005F061FC6178A078FEF7CFF9334695
:10910800132202212046FEF783FF6178A078FEF73C
:10911800C5F9019500952B4620226178A078FEF7C5
:10912800E7FA4FF458726178A078FEF7CFF94FF458
:10913800FA6005F041FC6178A078FEF7AFF9334694
:10914800132202212046FEF763FF6178A078FEF71C
:10915800A5F9019500952B462A466178A078FEF777
:10916800C7FA02B070BD00BFC009002030B587B093
:109178000446574B0F225A70564B53F80C2BADF838
:109188001420120C8DF8162093E803000390ADF814
:1091980010100023FBB16178A078FEF77FF9402317
:1091A80001938023009300231A466178A078FEF784
:1091B8009FFA494B24226178A078FEF723FA4FF4EE
:1091C8005C726178A078FEF781F94FF4FA6005F0D7
:1091D800F3FB002520E0A2781A4402EB42023E4944
:1091E80001EB4202AA2111710133DBB2D2E76178A7
:1091F800A078FEF753F906AB03EB450205F1180317
:109208000DEB0301324B32F80C2C11F8041C2046EC
:10921800FEF7FEFE0135EDB2022DE8D90023ABB111
:109228006178A078FEF73AF92B4B24226178A07870
:10923800FEF7E8F94FF45C726178A078FEF746F91A
:109248004FF4FA6005F0B8FB002520E0A2781A4434
:1092580002EB4202204901EB420255211171013310
:10926800DBB2DCE76178A078FEF718F906AB03EB10
:10927800450205F118030DEB0301154B32F80C2CD0
:1092880011F8041C2046FEF7C3FE0135EDB2022D8D
:10929800E8D900237BB16178A078FEF7FFF80E4B80
:1092A80024226178A078FEF7ADF94FF4FA7005F042
:1092B80083FB07B030BDA2781A4402EB420206498C
:1092C80001EB4202002111710133DBB2E2E700BF7A
:1092D800C0090020CCED00086C0E002030B587B026
:1092E8000546284B53F8042BADF81420120C8DF8C2
:1092F800162093E803000390ADF81010224B1122BA
:109308005A706978A878FEF7C9F800240194009487
:10931800234622466978A878FEF7EAF98CB11B4BF8
:1093280024226978A878FEF76DF94FF4BC72697841
:10933800A878FEF7CBF84FF4FA6005F03DFB00245F
:109348001CE0AB78234403EB4303104A02EB4303CE
:1093580000221A710134E4B2E0E706AB03EB4402E1
:1093680004F118030DEB0301074B32F80C2C11F82C
:10937800041C2846FEF74CFE0134E4B2022CECD95A
:1093880007B030BDCCED0008C00900206C0E0020ED
:1093980030B583B00446174D16236B70417880783A
:1093A800FEF77CF840F217726178A078FEF78EF825
:1093B8006178A078FEF772F80022019200921346B5
:1093C8006178A078FEF794F94FF458726178A07824
:1093D800FEF77CF84FF4FA6005F0EEFA6178A078B1
:1093E800FEF75CF82B46132202212046FEF710FEFA
:1093F80003B030BDC009002030B583B00446174D16
:1094080017236B7041788078FEF748F840F217729E
:109418006178A078FEF75AF86178A078FEF73EF8F0
:1094280000220192009213466178A078FEF760F955
:109438004FF458726178A078FEF748F84FF4FA6054
:1094480005F0BAFA6178A078FEF728F82B461322BF
:1094580002212046FEF7DCFD03B030BDC009002024
:1094680030B587B005463A4B1D225A70394B53F830
:10947800142BADF81420120C8DF8162093E8030075
:109488000390ADF81010002401940094234622465E
:109498006978A878FEF72CF940F212726978A878F2
:1094A800FEF714F84FF4FA6005F086FA6978A878A0
:1094B800FDF7F4FF402301938023009323462246BF
:1094C8006978A878FEF714F94FF4AA626978A87841
:1094D800FDF7FCFF4FF4FA6005F06EFA10E006ABFA
:1094E80003EB440204F118030DEB0301184B32F8A7
:1094F8000C2C11F8041C2846FEF78AFD0134E4B24E
:10950800022CECD96978A878FDF7C8FF4FF4A2625D
:109518006978A878FDF7DAFF4FF4FA6005F04CFA9D
:10952800002410E006AB03EB440204F118030DEB32
:109538000301074B32F80C2C11F8041C2846FEF7DF
:1095480067FD0134E4B2022CECD907B030BD00BF8E
:10955800C0090020CCED000870B582B004468678BA
:10956800104D1F236B7041783046FDF797FF00229E
:109578000192009213466178A078FEF7B9F84FF48B
:10958800A06261783046FDF7A1FF4FF4FA6005F05C
:1095980013FA2B460D2202212046FEF739FD02B0B0
:1095A80070BD00BFC009002070B582B004461C4ED3
:1095B8002C23737041788078FDF770FF00250195A2
:1095C800009504232A466178A078FEF791F84FF4B5
:1095D800A0626178A078FDF779FF4FF4FA6005F092
:1095E800EBF96178A078FDF759FF33461322022181
:1095F8002046FEF70DFD6178A078FDF74FFF019535
:1096080000952B462A466178A078FEF771F840F25B
:1096180017726178A078FDF759FF02B070BD00BFDE
:10962800C009002070B582B00446234E2D23737004
:1096380041788078FDF732FF0025019500950123D8
:109648002A466178A078FEF753F84FF4587261788B
:10965800A078FDF73BFF4FF4FA6005F0ADF96178AB
:10966800A078FDF71BFF3346132202212046FEF7A0
:10967800CFFC6178A078FDF711FF019500952B4686
:109688002A466178A078FEF733F84FF4587261786B
:10969800A078FDF71BFF4FF4FA6005F08DF96178AB
:1096A800A078FDF7FBFE3346132202212046FEF781
:1096B800AFFC02B070BD00BFC009002010B5584B08
:1096C8001C78584B5C7259789878FDF7E7FE631E52
:1096D800312B00F2A080DFE803F019239E2A9E9E1A
:1096E800319E389E3F9E439E4A9E519E9E9E9E5806
:1096F8005F9E9E9E9E9E669E6D9E9E749E9E9E787A
:109708009E9E7C8084888F969E9E9E9A4548FFF7F1
:10971800BBFB434B02221A70434B83F86E4010BDCB
:109728004048FFF7DBFB3E4B04221A70F4E73D4844
:10973800FFF700FC3A4B07221A70EDE73948FFF7AC
:1097480047FC374B09221A70E6E73648FFF782FCD8
:10975800334B0B221A70DFE7314B0D221A70DBE70F
:109768003048FFF7A1FC2E4B0F221A70D4E72D4882
:10977800FFF7FCFC2A4B11221A70CDE72948FFF7A6
:10978800ADFD274B16221A70C6E72648FFF700FEE4
:10979800234B17221A70BFE72248FFF72DFE204BF4
:1097A8001D221A70B8E71F48FFF75AFE1C4B1F22EC
:1097B8001A70B1E71B48FFF7CFFE194B22221A7027
:1097C800AAE7174B26221A70A6E7154B29221A700A
:1097D800A2E7134B2A221A709EE7114B2B221A700C
:1097E8009AE70F4B2C221A7096E70E48FFF7DCFE1B
:1097F8000B4B2D221A708FE70A48FFF713FF084B0F
:109808002E221A7088E7064B32221A7084E7044B1E
:1098180001221A7080E7024B01221A707CE700BF10
:109828000C000020C0080020C009002008B5A422B0
:109838000021024805F0A6FA08BD00BFC0090020B3
:1098480010B4384A384BD3F886001060B3F88A0051
:1098580093F88C10908091711988A2F80710997963
:109868009172197AD172D97A1173B3F80910A2F8E2
:109878000D1019692D48A0FB0101C1F3CF01A2F811
:109888000F10196B2A4880FB0140C917C1EB601102
:10989800A2F81110B3F87C10A2F81310B3F8501006
:1098A800A2F81510B3F85210A2F81710B3F8571011
:1098B8005183B3F95E10A2F81D10B3F96010A2F835
:1098C8001F1093F8620093F8631001EB800182F88F
:1098D8002110B3F96410518493F8660093F8671067
:1098E80001EB800182F82410B3F88010A2F825104B
:1098F800D3F86E000F4CA4FB0010C00AC2F8270072
:10990800596CA4FB0101C90AC2F82B10B3F87610F0
:10991800A2F82F10D3F86A30C2F833305DF8044B40
:10992800704700BFD00E00202C6C0020CDCCCCCCD2
:109938001F85EB51C5B3A29110B582B04B4B1C7873
:10994800621C1A70032C5FD8DFE804F0023E054E53
:10995800474B1B780BB902B010BD454B00221A705B
:10996800444B01221A70FFF76BFF434BB3F87A3070
:109978004FF6FF72934214D03F49B1F87A203F4B1B
:10998800A3FB02031B0A03EB4303D801131A9B0131
:109998003B4A1380B1F878203A4BA3F83120412292
:1099A8000CE0A3F5C073344AA2F87A30E4E7354BEB
:1099B8001B5D5340344AD25C0134E4B2362CF6D9EC
:1099C800304B83F83720C6E72A4B1B78002BC2D0D0
:1099D800382301932B4B00931023294A1288A02186
:1099E8002A48FAF73DFEB6E7224B1B78002BB2D087
:1099F80038230193264B00931023214A1288A02173
:109A08002248FAF79FFEA6E71A4B1B780BBB174BA9
:109A180000221A709FE71B49C81890F83800C95CE3
:109A2800884200D001220133DBB2372BF3D9124927
:109A3800B1F87A300133A1F87A306AB18B7913F032
:109A4800400FE4D143F040038B71094B01221A7097
:109A5800DDE700221346E8E7074A937923F040033D
:109A68009371044B00221A70D1E700BFC90E002081
:109A78000D000020460F00202C6C0020ABAAAAAADB
:109A8800CC0E0020D00E002008EE00085C0200205A
:109A9800080F002000B583B0544B1B68544A126865
:109AA8009A4207D0524A1360524B1B786BB1524B03
:109AB80001221A70514A1378591C1170042B66D868
:109AC800DFE803F0064165505F00FFF7B9FEEEE7F7
:109AD800494A12782AB1484A00211170454A0121A1
:109AE8001170444A1278002A51D0404AB2F87820BE
:109AF8004FF6FF718A4214D03C4AB2F87810404AB7
:109B0800A2FB01029209742000FB121202F5C07236
:109B180092013C48028001313B4AA2F831104121B0
:109B28000BE0743A3149A1F87820E5E7364AD25C6F
:109B38004A403649895C0133DBB2362BF6D9324BC1
:109B480083F8371023E02B4B1B7803B3382301939A
:109B58002D4B009310232B4A1288A0212C48FAF78A
:109B68007FFD14E0234B1B788BB138230193294BDD
:109B780000931023234A1288A0212548FAF7E2FD12
:109B880005E01C4B1B7893B91C4B00221A7003B0DC
:109B98005DF804FB0133DBB2372B0BD81A4AD11816
:109BA80091F83810D25C9142F4D00120F2E70020FD
:109BB8000346F1E70D4AB2F878300133A2F878305D
:109BC80040B90A4A937923F040039371094B002264
:109BD8001A70D9E7937913F0400FD5D143F04003B9
:109BE8009371054B01221A70CEE700BF2C6C002040
:109BF800400F0020450F0020440F0020C80E002011
:109C080009CB3D8DCA0E0020D00E002008EE0008BA
:109C18005C020020080F002030B585B014460128EA
:109C280003D002283DD005B030BDB9B93A4BB3F8DE
:109C38007A30B3F5C07F01D34FF4C0732380364B1D
:109C4800B3F87A20013A354BA3FB02131B0A03EB46
:109C58004303A2EBC313324A1380E4E7304B1B885B
:109C68004A1E934212D35D1A0135AD01ADB23223BB
:109C7800029338230193009410232A46A0212948EF
:109C8800FAF77CFB03460028F1D107E05D1A05F2DC
:109C98008115AD01ADB2EAE70133DBB2362BFBD952
:109CA800C1E7A1B91C4BB3F87830732B00D97423E2
:109CB8002380194BB3F87820013A1B4BA3FB0213FE
:109CC8009B09742101FB1323154A1380ABE7144B3E
:109CD8001B884A1E934213D35D1A05F28115AD0104
:109CE800ADB23223029338230193009410232A46FD
:109CF800A0210C48FAF742FB03460028F1D107E0FF
:109D08005D1A05F2F515AD01ADB2EAE70133DBB234
:109D1800362BFBD987E700BF2C6C0020ABAAAAAA78
:109D2800CE0E00205C02002009CB3D8D02280BD00E
:109D3800032810D0012800D07047104B002283F868
:109D48007A2083F87B2070470C4B002283F8782018
:109D580083F879207047094B002283F86A2083F83A
:109D68006B2083F86C2083F86D2083F87A2083F8C1
:109D78007B2083F8782083F87920DDE72C6C00209D
:109D8800F0B58BB000250CE0954B03EB84034FF046
:109D98007E521A60934B03EB840400232360013541
:109DA800EDB2032D00F2C780AEB205F5FA522C468B
:109DB8008D4B03EB8503920092B21421029104218A
:109DC800019100931023A0218848FAF7D7FA0228B6
:109DD800EAD006F5FA520432854B03EB84031421CA
:109DE800029104210191009310239200A0217F4841
:109DF800FAF7C4FA0228ECD0A7007B4B03EB8403E4
:109E08001868F6F741FB00227A4BF6F795FB0246F5
:109E18000B46CDE906230022764BF6F7D5F9024624
:109E28000B46CDE90823F6F799FD714B3B44D3ED7A
:109E3800007AFDEEE77A17EE903A80EAE072A2EB3C
:109E4800E072049283EAE371A1EBE3710591B2F544
:109E5800AF7F05DC42F21072914201DC58B953B968
:109E6800614B03EB84034FF07E521A60604B03EBA7
:109E7800840300221A6006F5FA520832584B03EBA5
:109E8800840314210291042101910093102392006C
:109E9800A0215648FAF772FA0228ECD006F5FA52D1
:109EA8000C32504B03EB84031421029104210191DD
:109EB800009310239200A0214C48FAF75FFA022879
:109EC800ECD0A600464B03EB84031868F6F7DCFADF
:109ED8000022484BF6F730FB02460B46CDE9062335
:109EE8000022444BF6F770F902460B46CDE90823E9
:109EF800F6F734FD3B4B3344D3ED007AFDEEE77AB9
:109F080017EE903A80EAE072A2EBE072049283EADC
:109F1800E371A1EBE3710591FA2A3FF735AF42F2FD
:109F2800107291423FF730AF00287FF438AF002B12
:109F38007FF435AF28E714230293042301932E4BB3
:109F48000093102347F64052A0212848FAF716FA42
:109F58000228F0D01423029304230193274B009383
:109F6800102347F64452A0212048FAF707FA02289E
:109F7800F0D0214B1868F6F787FA00221D4BF6F748
:109F8800DBFA02460B46CDE906230022194BF6F709
:109F98001BF902460B46CDE90823F6F7DFFC174B01
:109FA800D3ED007AFDEEE77A17EE903A80EAE07298
:109FB800A2EBE072049283EAE371A1EBE3710591ED
:109FC800FA2A04DCB1F5FA6F01DC38B933B90A4B67
:109FD8004FF07E521A60094B00221A600BB0F0BD98
:109FE800286D00201C6C0020186D00205C020020E9
:109FF8000C6C002000408F40146D0020086C00207D
:10A0080000B585B01423029303230193174B0093E3
:10A0180010234FF4FE42A0211548FAF7AFF90028A3
:10A02800F0D1144B93F88E300C2B03D9114B00222E
:10A0380083F88E200F4B93F88F301F2B03D90D4BCD
:10A04800002283F88F2014230293022301930A4BE2
:10A058000093102347F60372A0210548FAF78EF9FA
:10A068000028F0D105B05DF804FB00BFB96C0020F2
:10A078005C0200202C6C0020B06C0020014B0022F8
:10A088001A707047470F0020274B1B6913F4805F35
:10A098001ED00123244A126912F4005F1AD001224B
:10A0A800D3B903B96ABB93B98AB9204A1378013383
:10A0B800DBB213701D2B05D913461E221A701C4BD8
:10A0C80000221A7000231B4A13701B4A1370704732
:10A0D8000023DFE70022E3E7002AE2D1154A1378DC
:10A0E8000133DBB213701D2B05D913461E221A70DB
:10A0F8000F4B01221A7000230F4A13700B4A13707A
:10A1080070470D4A13780133DBB213701D2B05D944
:10A1180013461E221A70064B02221A700023054AA3
:10A128001370024A13707047000C0240480F002059
:10A13800470F0020490F00204A0F002008B5FFF7FD
:10A14800A3FF08BD10B5064B20229A61054C2222B8
:10A158000021204604F016FE0123237210BD00BF23
:10A16800001402404C0F002008B5827B0B78437224
:10A1780007EE903AF8EE677A9FED317A77EEC77A74
:10A1880017EE903A036191F801C08B7843EA0C23EB
:10A19800438107EE903AF8EE677A9FED2A7A67EEE8
:10A1A800877A17EE903A4361CB7803F00103437046
:10A1B800CB78C3F340038370CB78C3F38003C370B9
:10A1C800CB78C3F3C0030371CB78C3F30013437197
:10A1D800CB78C3F340138371CB78C3F38013C37177
:10A1E8000B79037307EE903AF8EE677A9FED167ACB
:10A1F80067EE877A17EE903A83614B79437307EEDF
:10A20800903AF8EE677AB6EE007A67EE877A17EE3C
:10A21800903AC3618B7903F00F038373934208D09C
:10A228000023C37300230372F8F788F8074B1860FC
:10A2380008BDC37BFF2BF5D00133C373F2E700BF22
:10A2480000005C420AD7233CCDCCCC3D700F0020E7
:10A2580010B50446F8F772F8054B1B68C31AB3F536
:10A26800FA7F03D301232372014B186010BD00BF8E
:10A27800700F0020C37B042B46D90123C373437896
:10A28800012B44D0028C22F0010202848278012A38
:10A2980042D0028C22F002020284C278012A40D005
:10A2A800028C22F0040202840279012A3ED0028C38
:10A2B80022F0080202844279012A3CD0028C22F062
:10A2C800100202848279012A3AD0028C22F02002FC
:10A2D8000284C279012A38D0028C22F0400202841A
:10A2E800027A012A36D0028C22F080020284012BE5
:10A2F80035D0038C23F080030384028C40F2EF13E3
:10A308001A4231D1002070470023C373B7E7028C8B
:10A3180042F001020284B9E7028C42F00202028490
:10A32800BBE7028C42F004020284BDE7028C42F0D3
:10A3380008020284BFE7028C42F010020284C1E7DF
:10A34800028C42F020020284C3E7028C42F04002F1
:10A358000284C5E7028C42F080020284C7E7038CBE
:10A3680043F080030384C8E70120704710B50A4B07
:10A378005B78012B08D0094C2046FFF769FF20467F
:10A38800FFF778FF012010BD034B00225A700449E3
:10A398000248FFF7E9FEEEE7382000204C0F0020C6
:10A3A800D06B0020014B188C704700BF4C0F002069
:10A3B800074B00221A605A609A60DA601A615A6183
:10A3C800C3F8172001229A71024B40229A61704704
:10A3D800740F00200014024030B589B00C460023E9
:10A3E80004930593069307930093019302930393B1
:10A3F800394B5B5CABB9384A01211155374A125DBC
:10A408009A421BD9C117364D04EB840203EB420272
:10A4180005EBC20C45F83200CCF804100133DBB26E
:10A42800ECE7304B5B5CC5172D4A01EB810103EB70
:10A43800410302EBC30142F833004D60294A135D22
:10A448000133DBB21355092B02D9134600221A55E2
:10A45800224A135D0133DBB21355092B02D9134687
:10A468000A221A55002319E01D4904EB840203EB64
:10A47800420201EBC20051F83250416808AA02EBCF
:10A48800C40050F8102C521950F80C5C41EB05012F
:10A4980040F8102C40F80C1C0133DBB20F4A125D57
:10A4A8009A42E1D86AB90020002108AB03EBC40343
:10A4B80043E9080108AB03EBC40454F8200C09B0C5
:10A4C80030BD08AB03EBC405002355E90401F6F7DA
:10A4D800DDFA45E90801EDE7940F00203810002067
:10A4E800980F00203C10002010B50446F7F726FF0F
:10A4F800054B1B68C31AB3F5FA6F03D30123A37185
:10A50800014B186010BD00BF900F0020014BB3F83D
:10A5180019007047740F0020054BD3F8073007EE79
:10A52800903AF8EEE77A9FED030A27EE800A704723
:10A53800740F00206F12833A054BD3F80F3007EEE3
:10A54800903AF8EEE77A9FED030A27EE800A704703
:10A55800740F00206F12833A10B52DED028B04465C
:10A56800FFF7DAFFB0EE408AFFF7E6FFB5EEC08AE4
:10A57800F1EE10FA1DD4F0EE487AE378012B29D0D9
:10A5880038EE408AB5EEC08AF1EE10FA14D49FED89
:10A59800147AF4EEC77AF1EE10FA10D5DFED117ADD
:10A5A800B4EEE78AF1EE10FA16DC0120BDEC028B5E
:10A5B80010BDF1EE487AE0E7B1EE488AE7E79FED93
:10A5C8000A7A67EE877AB4EEE78AF1EE10FA05DCCC
:10A5D8000120EBE70020E9E70020E7E70020E5E7B6
:10A5E80000005C4300003042CDCC4C3E10B5044620
:10A5F800C37D042B3FD9012343716379012B3DD0DF
:10A60800B4F8193023F00103A4F81930A378032B08
:10A618003BD0B4F8193023F00203A4F81930E378DA
:10A62800012B39D0B4F8193023F00403A4F81930F9
:10A638002379012B37D0B4F8193023F00803A4F894
:10A648001930A379012B35D0B4F8193043F0400301
:10A65800A4F819301F48FFF77FFF90BBB4F81930F2
:10A6680043F02003A4F81930B4F8193013F06F0F31
:10A678002ED1002010BD00234371BEE7B4F8193075
:10A6880043F00103A4F81930C0E7B4F8193043F0D7
:10A698000203A4F81930C2E7B4F8193043F00403F0
:10A6A800A4F81930C4E7B4F8193043F00803A4F843
:10A6B8001930C6E7B4F8193043F04003A4F819304C
:10A6C800C8E7B4F8193023F02003A4F81930CBE711
:10A6D8000120CFE7740F00204FF0000CFF230EE09D
:10A6E8005B00DBB20132072A07DC13F0800FF7D0DA
:10A6F8005B00DBB283F01D03F4E70CF1010C8C4521
:10A7080004D210F80C2053400022ECE7DB43D8B207
:10A718007047000070B582B00446304B5E786B46D7
:10A728000868496803C39DF80750257607216846DD
:10A73800FFF7D2FF854209D0072323700023A371B6
:10A74800F7F7FCFD264B186002B070BD9DF800308D
:10A758001A096270C3F38102A270C3F34001E17069
:10A7680003F001032371032A04D069BB23B1032337
:10A77800237001E0012323709DF801309DF8020049
:10A78800000240EA03439DF803001843A0F50000C7
:10A79800C4F807000021FFF71FFEC4F80B009DF85E
:10A7A80004309DF8050040EA0320A0F50040C4F8F5
:10A7B8000F000121FFF710FEC4F813006378B342BD
:10A7C80005D00023E375B9E702232370D4E7E37DBE
:10A7D800FF2BB3D00133E375B0E700BF740F00203F
:10A7E800900F002010B50A4B1B78012B07D0094C9D
:10A7F8002046FFF779FE2046FFF7F8FE10BD044B10
:10A8080000221A7004490348FFF784FFEFE700BFEE
:10A8180038200020740F0020C86B002000000000C2
:10A828002DE9F04F87B0002502950395049505950D
:10A83800072000F08FFDA0F57F563F3E082000F06E
:10A8480089FDA0F57F543F3C0121304602F0A2FF6C
:10A8580006462946204602F09DFF05463046F5F794
:10A8680001FE02460B46CDE902238DA3D3E900235E
:10A87800F5F762FE02460B46CDE90423F6F76EF8BB
:10A888000446774B18602846F5F7ECFD02460B4660
:10A89800CDE9022370A3D3E90023F5F74DFE024664
:10A8A8000B46CDE90423F6F759F882466D4B18603C
:10A8B8002046F5F7D7FD804689466B4F3868F5F78F
:10A8C800E3FD02460B4640464946F5F77DFCF6F7A0
:10A8D80045F8F5F7C7FD04460D46644E3068F5F7B0
:10A8E800D3FD02460B4620462946F5F74FFFF6F7FB
:10A8F80035F804465E4D2860B868F5F7C5FD024690
:10A908000B4640464946F5F75FFCF6F727F8F5F79A
:10A91800A9FD80468946B068F5F7B6FD02460B46A4
:10A9280040464946F5F732FFF6F718F88346A8601F
:10A938005046F5F797FD804689467868F5F7A4FDF7
:10A9480002460B4640464946F5F73EFCF6F706F840
:10A95800F5F788FDCDE900017068F5F795FD024629
:10A968000B46DDE90001F5F711FFF5F7F7FF824621
:10A978006860F868F5F788FD02460B464046494688
:10A98800F5F722FCF5F7EAFFF5F76CFD80468946F6
:10A99800F068F5F779FD02460B4640464946F5F75B
:10A9A800F5FEF5F7DBFFE860B4F5617F06DA1BF525
:10A9B800617F03DD2F4B00221A6004E02E4B9C427E
:10A9C80030D82C4B1C602B4B1B68002BB8BF5B424C
:10A9D8002A4A934201DD274B1A60294BD3F80130EC
:10A9E8001BB9244B1A68274B1A63264B1B6B264A44
:10A9F80011680B44136025490A780132D2B20A70F3
:10AA0800132A0CD9224A82FB0312DB17C3EBE20399
:10AA18001C4A536300231C4A13601C4A137007B076
:10AA2800BDE8F08F0BF58A3303F25713194A9342A6
:10AA380003D8104BC3F800B0C5E7174B9A4503DDA0
:10AA48000C4BC3F800A0BEE7144B9842BBDA094B85
:10AA58001860B8E7AFF30080D84BEC25F6124340F6
:10AA6800046C0020006C00200C6C0020186D002085
:10AA780044100020541000205715010020A10700A1
:10AA8800506D00202C6C0020401000200E0000208B
:10AA98006766666656150100870D010079F2FEFFAC
:10AAA800D15CBA0F3DDC1640084B00221A605A6090
:10AAB8009A601A73064A07491160074A882111707B
:10AAC800064A1A60D8221A72704700BF5810002030
:10AAD800681000205C0200200F000020000020C247
:10AAE80010B5074C2D220021204604F04BF9D8233D
:10AAF8002370044BC4F80730012384F8223010BDBA
:10AB08006C100020000020C208B50B7803F0010388
:10AB180003770B7813F0030318BF012343770B78EF
:10AB2800C3F3800383770B78C3F3C003C3770B7831
:10AB3800C3F3001380F820300B78C3F3801380F838
:10AB4800213091F801C0ACF1280C4FFA8CFC80F848
:10AB580000C091F802E0CB784EEA032EA0F801E09D
:10AB68000B794A7943EA0223A0F803308A79C97934
:10AB780042EA0122A0F8052007EE90CAF8EEE77A2B
:10AB880017EE90CAC0F807C007EE90EAB8EE677AE9
:10AB980017EE101AC0F80B1007EE903AF8EE677A25
:10ABA80017EE903AC0F80F30B4EEE77AF1EE10FAEB
:10ABB80001D8F0EE477A17EE903AC0F8133007EE56
:10ABC800902AF8EE677A9FED087A67EE877A17EE93
:10ABD800903AC0F81730002380F82230F7F7AEFB20
:10ABE800024B186008BD00BFCDCCCC3D9C100020A6
:10ABF800037F012B46D0B0F82B3023F00103A0F8D7
:10AC08002B30437F012B44D0B0F82B3023F00203C4
:10AC1800A0F82B30837F012B42D0B0F82B3023F0E3
:10AC28000403A0F82B30C37F012B40D0B0F82B30A1
:10AC380023F00803A0F82B3090F82030012B3DD0EA
:10AC4800B0F82B3023F01003A0F82B3090F8213007
:10AC5800012B3AD0B0F82B3023F04003A0F82B306A
:10AC680090F82230012B37D0B0F82B3023F48073C2
:10AC7800A0F82B30B0F82B2040F25F131A4232D1E3
:10AC880000207047B0F82B3043F00103A0F82B30B8
:10AC9800B7E7B0F82B3043F00203A0F82B30B9E740
:10ACA800B0F82B3043F00403A0F82B30BBE7B0F822
:10ACB8002B3043F00803A0F82B30BDE7B0F82B3059
:10ACC80043F01003A0F82B30C0E7B0F82B3043F066
:10ACD8004003A0F82B30C3E7B0F82B3043F480735F
:10ACE800A0F82B30C6E701207047000010B50446D5
:10ACF800F7F724FB054B1B68C31AB3F5FA7F04D397
:10AD0800012384F82230014B186010BD9C100020EC
:10AD180010B50A4B9B78012B07D0094C2046FFF74A
:10AD2800E5FF2046FFF764FF10BD044B00229A7030
:10AD380004490348FFF7E8FEEFE700BF382000208A
:10AD48006C100020D86B0020014BB3F82B00704723
:10AD58006C100020030903EB830300F00F0000EBE5
:10AD68004300C0B2704700002DE9F04F85B0047869
:10AD780090F80180877890F803900679457990F8E3
:10AD880006B06B1EDBB20B2B18D80022731EDBB289
:10AD98001E2B00D9012209F1FF33DBB2062B00D9A3
:10ADA8000122172F00D90122B8F13B0F00D9012247
:10ADB8003B2C00D822B105B0BDE8F08F0122E5E7B1
:10ADC800DFF8E4A00023CAF80030CAF803301423DF
:10ADD800029307230193CDF800A00123DE21304818
:10ADE800F9F71AFA2F4BA3FB0412D1080A01D2B2C1
:10ADF80001EB8101A4EB4104E4B2144344F0800464
:10AE08008AF80040A3FB0812D2081101C9B202EB6C
:10AE18008202A8EB420841EA08088AF80180A3FBED
:10AE28000712D2081101C9B202EB8202A7EB42074E
:10AE38000F438AF8027049F008098AF80390A3FBC7
:10AE48000612D2081101C9B202EB8202A6EB420631
:10AE58000E438AF80460A3FB0512D2081101C9B297
:10AE680002EB8202A5EB42050D438AF80550A3FBCD
:10AE78000B23DB081A01D2B203EB8303ABEB4303CA
:10AE880013438AF806301423029307230193CDF85D
:10AE980000A001230022DE210148F9F7BDF98AE765
:10AEA8005C020020CDCCCCCCA4100020244A13880E
:10AEB80001339BB21380092B00D8704730B585B099
:10AEC800044600221E4B1A80142302930723019381
:10AED8001C4B00930123DE211B48F9F74FFA58BB9E
:10AEE8001A4B00221A70174D287800F07F00FFF7E0
:10AEF80031FF2070687800F07F00FFF72BFF60704B
:10AF0800A87800F01F00FFF725FFA070EB7803F08A
:10AF18000703E370287900F03F00FFF71BFF20715B
:10AF2800687900F01F00FFF715FF6071A879FFF737
:10AF380011FFA07105B030BD044B01221A70D2E791
:10AF4800D2100020A41000205C020020D0100020A5
:10AF580030B585B06E4B1C78032C00F29C80DFE87E
:10AF680004F00225499C322302931C230193694B68
:10AF7800009301232022DE216748F9F7FFF94122D7
:10AF880006E0644B1B5D5340644AD25C0134E4B272
:10AF98001A2CF6D95F4BDB7E934203D05C4B01221F
:10AFA8001A7078E05A4B02221A7074E01423029344
:10AFB8001C230193574B009301233C22DE21564862
:10AFC800F9F7DCF94121002306E0524AD25C4A40F5
:10AFD8005249895C0133DBB21A2BF6D94D4BDB7E23
:10AFE8008B4203D04A4B03221A7054E0484B02228A
:10AFF8001A7050E0474D6B68494CC4F86A30AB682A
:10B00800C4F86E30EB68C4F872302B8AA4F8763036
:10B018006B8AA4F87830AB8AA4F87A30D5F8163061
:10B02800E36304F18600FFF741FF94F88C2002EBFC
:10B038004202930094F88B2013443A490B60C3EB07
:10B04800431394F88A2013440B6003EB4303DA009C
:10B0580094F888301A440A60C2EB0212930094F8FC
:10B06800872013440B60C3EB03139A0094F88630CF
:10B0780013440B602A689B1A0B60B3F5076F02D361
:10B088004FF407620A60274B1A88254BA3F84A2019
:10B098001F4B04221A7005B030BD214B002283F8E3
:10B0A8006A2083F86B2083F86C2083F86D2083F87E
:10B0B8006E20442483F86F406FF06A0083F87000B4
:10B0C800082183F8711083F8722083F8734083F89D
:10B0D800740083F8751083F8762083F8772083F856
:10B0E800782083F8792083F87A2083F87B207020F1
:10B0F80083F84A0083F84B1083F83C2083F83D20FE
:10B1080083F83E2083F83F20014B04221A70C2E7DF
:10B11800A1100020AC1000205C02002008EE0008FE
:10B128002C6C0020CC10002000B585B0444A137860
:10B138000133DBB213700A2B02D9134601221A70AD
:10B148003F4B1B78013B072B29D8DFE803F0042B82
:10B15800542828282866837903EB4302437903EBB4
:10B16800820338490B60C3EB4313027913440B6025
:10B1780003EB4303827802EBC3030B60C3EB0313B7
:10B18800427802EB83030B60C3EB0313027802EBF4
:10B1980083030B602C4AB2F84A209B1A0B6005B057
:10B1A8005DF804FB294B274A12681A60264AD2F830
:10B1B8006A105960D2F86E109960D2F87210D9608E
:10B1C800B2F876101982B2F878105982B2F87A106B
:10B1D8009982D26BC3F816204121002306E01B4A4E
:10B1E800D25C4A401A49895C0133DBB21A2BF6D982
:10B1F800164BD976D3E71748FAF738F92028CED175
:10B20800322302931C230193104B00930123202225
:10B21800DE211048F9F700F8C1E70E48FAF726F9D9
:10B228002028BCD1322302931C230193074B00939F
:10B2380001233C22DE210748F8F7EEFFAFE700BF05
:10B24800A0100020C81000202C6C0020AC1000209A
:10B2580008EE00085C02002030B587B000238DF8A6
:10B26800173014230293012301930DF11702009262
:10B278000322DE212748F9F781F89DF8173013F0EB
:10B28800080F17D0002414230293012301930DF112
:10B29800170200920022DE211E48F9F76FF89DF888
:10B2A80017209DF91730002B06DB012534B9B5B9F5
:10B2B80000242BE00124E6E70025F7E742F0080226
:10B2C8008DF8172014230293012301930DF117021F
:10B2D80000920322DE210F48F8F79EFFE7E79DF86A
:10B2E800173063F07F038DF817301423029301237E
:10B2F80001930DF1170200920022DE210548F8F7AC
:10B308008BFFD5E7FFF724FE0134E4B2022CF9D90C
:10B3180007B030BD5C02002008B504220749084880
:10B32800F7F7ECF8032207490748F7F7E7F802228E
:10B3380006490748F7F7E2F808BD00BFE810002003
:10B348003C000020F010002084000020F8100020AD
:10B35800CC0000200D4BDA68A2B10D4B5B8D40F696
:10B36800E44101FB03F39209B3FBF2F3074A52F8F5
:10B378002000C00803FB00F08008064BA3FB003048
:10B388004009704740F6E443F0E700BF2C1A00205C
:10B39800007AFF1F9F00EE0908B50720FFF7DAFFC4
:10B3A800F5F760F805A3D3E90023F5F7C5F8F5F735
:10B3B800FDFA014B588108BDD410002000000000A0
:10B3C800F725F33F0000000008B50020FFF7C2FF93
:10B3D800F5F748F805A3D3E90023F5F7ADF8F5F735
:10B3E800E5FA014BD88008BDD41000200000000009
:10B3F800F725F33F0000000008B50120FFF7AAFF7A
:10B40800F5F730F805A3D3E90023F5F795F8F5F734
:10B41800CDFA014B988008BDD410002000000040F0
:10B428008172E43F0000000008B50220FFF792FF98
:10B43800F5F718F805A3D3E90023F5F77DF8F5F734
:10B44800B5FA014B588008BDD4100020000000A0B8
:10B458002B72D43F0000000008B50320FFF77AFFE5
:10B46800F5F700F805A3D3E90023F5F765F8F5F734
:10B478009DFA014B188008BDD41000200000002060
:10B48800C1C1D13F0368584A93422AD010B4574AE1
:10B4980093423BD0564A934200F08F805DF8044BAC
:10B4A8007047544A1268544931F8130003EB83116A
:10B4B8001144524A42F82100514951F823200244CC
:10B4C80041F823200133DBB2032BEAD9494A136838
:10B4D80001331360402B02D9134600221A6000235F
:10B4E80011E00023F0E703EB8312424909680A449C
:10B4F800424951F82200424951F82320121A41F8D2
:10B5080023200133DBB2032BEDD970470023022B34
:10B5180014D83C4A12683C4931F8134003EB8311B4
:10B5280011443A4A42F82140181D354951F8202063
:10B53800224441F820200133DBB2E8E7314A13689E
:10B5480001331360402B02D9134600221A600023EE
:10B55800022BA3D8181D03EB83122A4909680A4451
:10B568002A4951F82240264951F82020121B41F857
:10B5780020200133DBB2EBE7254A1268254931F870
:10B58800134003EB83111144234A42F82140D81D8C
:10B598001B4951F82020224441F820200133DBB216
:10B5A800012BE9D91A4A136801331360402B02D9D9
:10B5B800134600221A60002312E00023F0E7D81D8A
:10B5C80003EB8312124909680A44134951F82240CF
:10B5D8000B4951F82020121B41F820200133DBB21F
:10B5E800012BECD95AE700BF00200140002101409F
:10B5F800002201400C150020E8100020FC1000205B
:10B608002C1A00201C180020F01000201015002013
:10B61800281A0020F81000202018002040F659238E
:10B62800984208D90A4B1B881D2B0CD80133084AAD
:10B63800138000207047064B1B8833B1013B044A36
:10B64800138000207047012070470020704700BF1A
:10B65800501A002040F2D663984208D80A4B1B883B
:10B668001D2B0CD80133084A138000207047064B65
:10B678001B8833B1013B044A138000207047012026
:10B6880070470020704700BF541A002045F2CF23AE
:10B69800984208D90A4B1B881D2B0CD80133084A3D
:10B6A800138000207047064B1B8833B1013B044AC6
:10B6B800138000207047012070470020704700BFAA
:10B6C800701A002043F2B063984208D80A4B1B88CE
:10B6D8001D2B0CD80133084A138000207047064BF5
:10B6E8001B8833B1013B044A1380002070470120B6
:10B6F80070470020704700BF741A00200B4B984217
:10B7080008DD0B4B1B881D2B0CD80133084A13800E
:10B7180000207047064B1B8833B1013B044A138055
:10B728000020704701207047002070471F120A0050
:10B73800581A00200B4B984208DA0B4B1B881D2B1C
:10B748000CD80133084A138000207047064B1B8829
:10B7580033B1013B044A1380002070470120704731
:10B7680000207047F1F6FAFF641A0020A1B140F2F8
:10B778002523984208DD0B4B1B88312B0ED801334B
:10B78800084A138000207047064B1B8843B1013BD1
:10B79800044A13800020704700207047012070473A
:10B7A800002070475C1A002099B110F5967F08DCDC
:10B7B8000B4B1B88312B0ED80133094A138000200C
:10B7C8007047074B1B8843B1013B054A1380002093
:10B7D800704700207047012070470020704700BF65
:10B7E800601A002040F22523984208DD0A4B1B8886
:10B7F800312B0CD80133084A138000207047064BC0
:10B808001B8833B1013B044A138000207047012094
:10B8180070470020704700BF681A002010F5967F17
:10B8280008DC0A4B1B88312B0CD80133074A1380DC
:10B8380000207047054B1B8833B1013B034A138036
:10B848000020704701207047002070476C1A0020C4
:10B8580038B5414BB3F80940C4F34015C4F300149C
:10B86800B3F85200FFF7DAFE012851D03A4BB3F88B
:10B878005700FFF7EFFE012850D0374B1869FFF744
:10B8880005FF012850D0344B1869FFF71BFF01282A
:10B8980050D0314B186AFFF731FF012850D02E4B9A
:10B8A800186AFFF747FF012850D029462A4BB3F9F9
:10B8B8006000FFF75BFF20B1284A138843F040037C
:10B8C80013802946244BB3F96400FFF76DFF20B1BC
:10B8D800224A138843F08003138021461E4BB3F994
:10B8E8006000FFF77FFF20B11C4A138843F4807380
:10B8F80013802146184BB3F96400FFF78FFF20B17E
:10B90800164A138843F400731380144B188838BD03
:10B91800124A138843F001031380A7E70F4A1388DC
:10B9280043F002031380A8E70C4A138843F004038A
:10B938001380A8E7094A138843F008031380A8E78F
:10B94800064A138843F010031380A8E7034A1388B4
:10B9580043F020031380A8E72C6C0020781A0020FD
:10B9680040F62723984208D80A4B1B881D2B0CD871
:10B978000133084A138000207047064B1B8833B1F7
:10B98800013B044A138000207047012070470020C3
:10B99800704700BF521A0020B0F5E16F08D30A4B78
:10B9A8001B881D2B0CD80133074A138000207047D1
:10B9B800054B1B8833B1013B034A138000207047B5
:10B9C8000120704700207047561A002045F23F13A7
:10B9D800984208D80A4B1B881D2B0CD80133084AFB
:10B9E800138000207047064B1B8833B1013B044A83
:10B9F800138000207047012070470020704700BF67
:10BA0800721A0020B0F5615F08D30A4B1B881D2B02
:10BA18000CD80133074A138000207047054B1B8858
:10BA280033B1013B034A138000207047012070475F
:10BA380000207047761A00200B4B984208DA0B4B0F
:10BA48001B881D2B0CD80133084A1380002070472F
:10BA5800064B1B8833B1013B044A13800020704712
:10BA6800012070470020704779ECFFFF5A1A002028
:10BA780041F28733984208DD0A4B1B881D2B0CD8EE
:10BA88000133084A138000207047064B1B8833B1E6
:10BA9800013B044A138000207047012070470020B2
:10BAA800704700BF661A002099B1B0F5FA7F08DC2C
:10BAB8000B4B1B88312B0ED80133094A1380002009
:10BAC8007047074B1B8843B1013B054A1380002090
:10BAD800704700207047012070470020704700BF62
:10BAE8005E1A002099B110F1C80F08DB0B4B1B88B8
:10BAF800312B0ED80133094A138000207047074BB9
:10BB08001B8843B1013B054A138000207047002081
:10BB18007047012070470020704700BF621A00205C
:10BB280099B1B0F5FA7F08DC0B4B1B88312B0ED886
:10BB38000133094A138000207047074B1B8843B123
:10BB4800013B054A13800020704700207047012000
:10BB580070470020704700BF6A1A002099B110F1A1
:10BB6800C80F08DB0B4B1B88312B0ED80133094A51
:10BB7800138000207047074B1B8843B1013B054ADF
:10BB88001380002070470020704701207047002074
:10BB9800704700BF6E1A002038B5414BB3F8094012
:10BBA800C4F34015C4F30014B3F85200FFF7D8FEED
:10BBB800012851D03A4BB3F85700FFF7EDFE0128A2
:10BBC80050D0374B1869FFF701FF012850D0344B8C
:10BBD8001869FFF717FF012850D0314B186AFFF793
:10BBE8002BFF012850D02E4B186AFFF741FF012880
:10BBF80050D029462A4BB3F96000FFF755FF20B112
:10BC0800284A138823F0400313802946244BB3F9AC
:10BC18006400FFF767FF20B1224A138823F08003EE
:10BC2800138021461E4BB3F96000FFF779FF20B15E
:10BC38001C4A138823F4807313802146184BB3F9E8
:10BC48006400FFF78BFF20B1164A138823F40073B2
:10BC58001380144B188838BD124A138823F0010347
:10BC68001380A7E70F4A138823F002031380A8E77D
:10BC78000C4A138823F004031380A8E7094A1388A1
:10BC880023F008031380A8E7064A138823F010035B
:10BC98001380A8E7034A138823F020031380A8E73A
:10BCA8002C6C0020781A0020014B93F89B017047F8
:10BCB800981E002070B53E4D42F2A65302FB03F3D6
:10BCC800EC1804F51654246803EB441305EB030C35
:10BCD8000668EE504368CCF804308368CCF8083026
:10BCE800C368CCF80C300369CCF81030037D8CF8AD
:10BCF800143000230EE011F803E042F2A65002FBD4
:10BD080000F000EB441C2A486044184480F818E00E
:10BD18000133DBB2072BEED90134254B42F2A65191
:10BD280001FB023303F516531C60B4F5967F07D365
:10BD38001F4B01FB023303F516530021198059806C
:10BD48001B4942F2A65303FB021101F516531B6867
:10BD580042F2845009588B4220D25B1A03F596733D
:10BD6800134942F2A65000FB021142F288500B50D0
:10BD78000F4B42F2A65101FB023342F28C51595843
:10BD880042F288501B58994207D2094942F2A650FC
:10BD980000FB021242F28C51535070BD5B1A0449E9
:10BDA80042F2A65000FB021142F288500B50DFE726
:10BDB8003C20002003460A4A42F2A65101FB002219
:10BDC80042F28851505848B9054A42F2A65101FB3F
:10BDD800032342F290515A5801325A50704700BF1B
:10BDE8003C20002030B5534B42F2A65404FB0233EA
:10BDF80042F288541B59002B00F098804D4C42F2B7
:10BE0800A65302FB03F304EB030E42F2845C5EF8D4
:10BE18000C5003EB4515655905605EF80C5003EBB3
:10BE2800451525446D6845605EF80C5003EB4515D3
:10BE38002544AD6885605EF80C5003EB4515254434
:10BE4800ED68C5605EF80C5003EB451525442D6977
:10BE580005615EF80C5003EB451323441B7D037505
:10BE6800002312E0334842F2A65C0CFB02FC00EB14
:10BE78000C0442F2845E54F80EE00CEB4E1C604455
:10BE88001844007EC8540133DBB2072BEAD929498C
:10BE980042F2A65303FB021142F284500B580133BD
:10BEA8000B50B3F5967F08D3224B42F2A65101FB03
:10BEB80002331C180021195261801E4942F2A65310
:10BEC80003FB021101F516531B6842F2845009580E
:10BED8008B4221D25B1A03F59673164942F2A6509B
:10BEE80000FB021142F288500B50124B42F2A6514D
:10BEF80001FB023342F28C51595842F288501B58C8
:10BF0800994215D20B4942F2A65000FB021242F2A6
:10BF18008C51535001200AE05B1A064942F2A650A0
:10BF280000FB021142F288500B50DEE7002030BDC2
:10BF38000120FCE73C20002030B4154C4FEA421C9D
:10BF480004EB4213056844F80C5044685C6084684C
:10BF58009C60C468DC6004691C61007D187500235E
:10BF680009E011F803C00A4800EB4210184480F8B1
:10BF780018C00133DBB2072BF3D9064B42F2A651A6
:10BF880001FB023242F294530021D15430BC704775
:10BF9800886B00203C200020064B42F2A65202FB90
:10BFA800003042F294530122C25442F295530022C7
:10BFB800C25470473C200020044B42F2A65202FBB8
:10BFC800003342F29452985C704700BF3C20002036
:10BFD800044B42F2A65202FB003342F29452002173
:10BFE800995470473C20002000B58BB00023029381
:10BFF80003930093019306930793049305930123F6
:10C00800089369460448F6F705FD10B90BB05DF8CA
:10C0180004FBF5F787FBF9E73402002008B5032194
:10C028000348F6F7FDFE00B908BDF5F77BFBFBE713
:10C038003402002010B544F64C3200210D4802F0BD
:10C04800A1FE402200210C4802F09CFE0B4B00246C
:10C058001C605C609C60DC601C615C61FFF7C4FF75
:10C06800FFF7DCFF2046FFF797FF0548F6F76EFD60
:10C0780010BD00BF3C200020886B0020C86B00204A
:10C088003402002010B58AB000210191029101AB61
:10C0980003AAF6F720FE20BB079AD3B2072B20D9B4
:10C0A800059BE3B9039BC3F30A0340F256218B4275
:10C0B8000CD040F2C2318B4213D1D2B201A9A848A8
:10C0C80002F052FEA74B01221A700AE0D2B201A96F
:10C0D800A54802F049FEA34B01225A7001E0042B47
:10C0E80001D00AB010BD049C24F060449F4B9C42D0
:10C0F80053D0B4F5E06FF4D19DF804406CB99DF8C5
:10C1080005309B4A1370002B50D09A4B1B78012B9B
:10C1180055D0974B00225A719A71954B1B78012B79
:10C12800DFD1012C6ED0022C00F08E80032C00F0A1
:10C13800AC80042C00F0B580052C00F0BA80062CE9
:10C1480000F0C880072C00F0D380082C00F0F8809D
:10C15800092CC6D1864BB3F8052042F40072A3F827
:10C1680005209DF8052083F841209DF8062083F8D6
:10C1780040209DF8072083F83F20012283F83E20C5
:10C188009DF8082083F83D209DF8092083F83C207D
:10C198009DF80A2083F83B20A3E7D2B201A976488C
:10C1A80002F0E2FD6F4B01229A70A2E742220021C1
:10C1B8006F4802F0E7FD6F4B01221A70ADE70023CC
:10C1C8006C4A13700BE003F11001694A02EB41025B
:10C1D8006FF0270191700E21D17001339BB2072BAC
:10C1E800F1D900230BE003F11801614A02EB410287
:10C1F8006FF0050191700021D17001339BB2032BC0
:10C20800F1D986E75A4BB3F8052042F00202A3F8A9
:10C2180005209DF805205A749DF80600A3F80F0024
:10C22800072A0FD8103203EB4202508059E703F176
:10C2380010014F4A02EB4102508001339BB2072B99
:10C24800F5D94EE70023FAE7494AB2F8053043F03A
:10C258000403A2F805309DF8053013759DF8061003
:10C268005182032B0FD8183302EB4303598038E768
:10C2780003F118003E4A02EB4002518001339BB2A1
:10C28800032BF5D92DE70023FAE7394BB3F805203E
:10C2980042F00802A3F80520DDF80520C3F80120C4
:10C2A8001FE7334AB2F8053043F01003A2F805300F
:10C2B80017E72F4AB2F8053043F02003A2F80530FB
:10C2C8009DF80530937313F0800F7FF40AAF2B4A63
:10C2D800137006E7264BB3F8052042F04002A3F896
:10C2E80005209DF80620A3F80720254B1A60F8E6DC
:10C2F8001F4AB2F8053043F08003A2F805309DF8D4
:10C308000530002B3FF4EDAE013BDAB2184BDA757D
:10C318009DF80630002B3FF4E4AE013BDBB2144934
:10C328008B759DF808004875002A7FF4DAAE002B5B
:10C338007FF4D7AE9DF807000A4413441876D0E678
:10C348000B4AB2F8053043F48073A2F805309DF823
:10C3580005200C4B5A709DF806209A70C1E600BF64
:10C36800C86B002038200020D06B00205050FF18E8
:10C37800506D002010000020D86B0020D4720020DF
:10C388002C6C0020C008002010B586B00C46114661
:10C3980000200390042202920194082204928DF84E
:10C3A80014001A466846FFF785FC06B010BD000069
:10C3B80010B58AB0044600230393019302931248F0
:10C3C800F6F770FC039018B12046FFF7F5FD08B9A1
:10C3D8000AB010BD2046FFF7EDFC0028F8D0224631
:10C3E80001A904A8FFF7FEFC224601A904A8FFF74B
:10C3F800A3FD2046FFF7ECFD03AB01AA04A9024800
:10C40800F6F7D2FBE4E700BF3402002000B583B0A2
:10C418000023009301930E4AD2F886000090B2F8E8
:10C428008A1092F88C20ADF804108DF80620094A7D
:10C43800D2ED007AFCEEE77A17EE902A8DF8072005
:10C448006A4610210120FFF79FFF03B05DF804FB47
:10C458002C6C0020486D002000B583B000230093A9
:10C468000193184AB2F880308DF800301B0A8DF815
:10C478000130B2F882308DF802301B0A8DF8033093
:10C48800136813B101238DF804300E4B9B882BB130
:10C498009DF8043043F002038DF804300A4B1B78F2
:10C4A8008DF80530094B1A788DF806209B788DF8A1
:10C4B800073000236A4611210120FFF765FF03B00A
:10C4C8005DF804FB2C6C0020506D0020D472002015
:10C4D80010B582B00023009301931948026B07EE50
:10C4E800902AF8EEE77A9FED177A67EE877AFCEEE6
:10C4F800E77A17EE902A8DF80020C2F307228DF80C
:10C5080001200169104CA4FB0121C1F3C7028DF879
:10C518000220C1F3C7218DF803104269A4FB02125F
:10C52800C2F3C7018DF80410C2F3C7228DF80520A5
:10C538006A4612210120FFF727FF02B010BD00BF95
:10C548002C6C00200AD7233CCDCCCCCC00B583B0D2
:10C558000023009301930F49B1F852208DF8002071
:10C56800120A8DF80120B1F857208DF80220120A1E
:10C578008DF80320B1F850208DF80420120A8DF8A8
:10C5880005206A4613210120FFF7FEFE03B05DF87F
:10C5980004FB00BF2C6C002000B583B0002300937F
:10C5A80001931049B1F960208DF80020C2F30722E9
:10C5B8008DF80120B1F964208DF80220C2F307221A
:10C5C8008DF80320B1F95E208DF80420C2F307220C
:10C5D8008DF805206A4614210120FFF7D5FE03B027
:10C5E8005DF804FB2C6C002000B583B00023009399
:10C5F8000193074A9188ADF80010126801926A46C3
:10C6080015210120FFF7C0FE03B05DF804FB00BF51
:10C618002C6C002000B583B00023009301938DF8A3
:10C628000000042810D9C0EBC0000F4B184490F844
:10C63800F8308DF8013000236A4616210120FFF7F3
:10C64800A3FE03B05DF804FBC0EBC000F830064A57
:10C6580083188258CDF801209A889B79ADF8052077
:10C668008DF80730E7E700BFC008002000B583B0A9
:10C6780000230093019301208DF800008DF801003C
:10C6880008218DF8021004228DF803208DF804107B
:10C698008DF806206A461721FFF776FE03B05DF88D
:10C6A80004FB000000B583B00023009301938DF8CC
:10C6B8000000C0EBC000074A0A441044427C8DF8D1
:10C6C80001206A4618210120FFF75EFE03B05DF8DD
:10C6D80004FB00BFC008002000B583B084460023D7
:10C6E80000930193810001F16802094901EB4201BD
:10C6F8006A46D1F80600D1F80A1003C26A460CF55A
:10C7080080510120FFF740FE03B05DF804FB00BF35
:10C718002C6C002000B583B084460023009301935D
:10C72800810001F16402094901EB42016A46D1F82E
:10C738000600D1F80A1003C26A460CF50051012020
:10C74800FFF722FE03B05DF804FB00BF2C6C00204D
:10C7580000B583B00023009301931E4BB3F8193042
:10C7680013F0080F02D001228DF8002013F0040FF7
:10C7780005D09DF8002042F002028DF8002013F049
:10C78800020F05D09DF8003043F00C038DF80030FF
:10C79800104BD3F80B20C2F307418DF80110C2F3F8
:10C7A80007218DF802108DF80320D3F81320C2F367
:10C7B80007218DF804108DF805201B7E8DF80730B1
:10C7C80000236A4642F2C2310120FFF7DDFD03B0C3
:10C7D8005DF804FB740F002000B583B000230093BC
:10C7E8000193104B1B6913F4805F17D0012253B2D9
:10C7F8008DF800200B4A126912F4005F10D0012254
:10C8080043EA42038DF8003000236A464FF4405152
:10C818000120FFF7B9FD03B05DF804FB0022E6E74D
:10C828000022EDE7000C024000B583B0002300931E
:10C83800019307496A460869496903C26A4643F28F
:10C8480001010120FFF7A0FD03B05DF804FB00BF64
:10C85800C86B002000B583B00023009301930749FB
:10C868006A468868C96803C26A4643F20201012021
:10C87800FFF78AFD03B05DF804FB00BFC86B00201A
:10C8880000B583B0002300930193114A11888DF8F5
:10C898000010090A8DF8011051888DF80210090A54
:10C8A8008DF8031091888DF80410090A8DF8051089
:10C8B800D2888DF80620120A8DF807206A4643F2BE
:10C8C80010010120FFF760FD03B05DF804FB00BF15
:10C8D800D410002000B583B00023009301930E49C3
:10C8E8008A898DF80020120A8DF80120CA898DF8EE
:10C8F8000220120A8DF803200A8A8DF80420120AF1
:10C908008DF805206A4643F211010120FFF73CFD2E
:10C9180003B05DF804FB00BFD410002010B5FFF78A
:10C9280075FDFFF799FDFFF7D3FDFFF70FFEFFF742
:10C9380033FEFFF759FEFFF799FE00241CB10024CF
:10C948003CB1002411E02046FFF764FE0134E4B254
:10C95800F4E700212046FFF7A5FE0134E4B2EFE733
:10C968002046FFF7B9FE0134E4B2012CF8D90024BF
:10C9780064B1FFF7EDFEFFF72FFFFFF781FFFFF729
:10C98800A9FFFFF751FFFFF765FF10BD2046FFF72E
:10C99800C1FE0134E4B2EBE740F68C23984208D993
:10C9A800084B1B781E2B0BD80133064A1370002046
:10C9B8007047044B187820B1013818700020704770
:10C9C80001207047E06B002040F2DB53984208D802
:10C9D800084B1B781E2B0BD80133064A1370002016
:10C9E8007047044B187820B1013818700020704740
:10C9F80001207047E46B002045F26043984208D953
:10CA0800084B1B781E2B0BD80133064A13700020E5
:10CA18007047044B187820B101381870002070470F
:10CA280001207047F46B002042F6DF63984208D873
:10CA3800084B1B781E2B0BD80133064A13700020B5
:10CA48007047044B187820B10138187000207047DF
:10CA580001207047F66B00200A4B984208DD0A4B0C
:10CA68001B781E2B0BD80133074A13700020704720
:10CA7800054B187820B10138187000207047012044
:10CA8800704700BF38080B00E86B00200A4B98423B
:10CA980008DA0A4B1B781E2B0BD80133074A137090
:10CAA80000207047054B187820B101381870002015
:10CAB80070470120704700BFC081FAFFEE6B00206D
:10CAC80059B1B0F5167F08DD084B1B78322B0BD80F
:10CAD8000133064A137000207047044B187820B1C0
:10CAE800013818700020704701207047EA6B002059
:10CAF80059B110F5967F08DA084B1B78322B0BD802
:10CB08000133064A137000207047044B187820B18F
:10CB1800013818700020704701207047EC6B002026
:10CB2800B0F5167F08DD094B1B78322B0BD8013383
:10CB3800064A137000207047044B187820B101385A
:10CB48001870002070470120704700BFF06B00206C
:10CB580010F5967F08DA094B1B78322B0BD8013376
:10CB6800064A137000207047044B187820B101382A
:10CB78001870002070470120704700BFF26B00203A
:10CB880040F2DB53984212DCB0F5967F08DD0A4B81
:10CB98001B78312B0DD80133074A137000207047DA
:10CBA800054B187830B10138187000207047002004
:10CBB80070470120704700BFE66B002040F2DB534E
:10CBC800984211DC962808DD094B1B78312B0DD8CB
:10CBD8000133074A137000207047054B187830B1AD
:10CBE80001381870002070470020704701207047F6
:10CBF800E26B002038B5524BB3F80940C4F3401536
:10CC0800C4F30014B3F85200FFF7C6FE01284FD052
:10CC18004B4BB3F85700FFF7D7FE01284ED0484BCF
:10CC28001869FFF7E9FE01284ED0454B1869FFF750
:10CC3800FBFE01284ED0424B186BFFF70DFF012871
:10CC48004ED03F4B186BFFF721FF01284ED02946E5
:10CC58003B4BB3F96000FFF733FF01284CD029465E
:10CC6800374BB3F96400FFF743FF01284AD0214648
:10CC7800334BB3F96000FFF753FF012848D0214632
:10CC88002F4BB3F96400FFF763FF012846D02C4B04
:10CC9800B3F95C00FFF774FF012845D0284BB3F9BE
:10CCA8005C00FFF78BFF012844D0264B186838BD7D
:10CCB800244A136843F001031360A9E7214A136863
:10CCC80043F002031360AAE71E4A136843F0040303
:10CCD8001360AAE71B4A136843F008031360AAE726
:10CCE800184A136843F010031360AAE7154A13683B
:10CCF80043F020031360AAE7124A136843F0400385
:10CD08001360ACE70F4A136843F080031360AEE783
:10CD18000C4A136843F4A0731360B0E7094A136818
:10CD280043F420731360B2E7064A136843F4806340
:10CD38001360B3E7034A136843F480631360B4E7EE
:10CD48002C6C0020F86B002040F62723984208D866
:10CD5800084B1B781E2B0BD80133064A1370002092
:10CD68007047044B187820B10138187000207047BC
:10CD780001207047E16B0020B0F5E16F08D9094B3D
:10CD88001B781E2B0BD80133064A137000207047FE
:10CD9800044B187820B10138187000207047012022
:10CDA800704700BFE56B002045F23F13984208D852
:10CDB800084B1B781E2B0BD80133064A1370002032
:10CDC8007047044B187820B101381870002070475C
:10CDD80001207047F56B0020B0F5615F08D9094B59
:10CDE8001B781E2B0BD80133064A1370002070479E
:10CDF800044B187820B101381870002070470120C2
:10CE0800704700BFF76B00200A4B984208DA0A4BBC
:10CE18001B781E2B0BD80133074A1370002070476C
:10CE2800054B187820B10138187000207047012090
:10CE3800704700BF78ECFFFFE96B002041F28833B0
:10CE4800984208DD084B1B781E2B0BD80133064A85
:10CE5800137000207047044B187820B101381870FF
:10CE68000020704701207047EF6B002011B9B0F522
:10CE7800FA7F08DA084B1B78322B0BD80133064AA5
:10CE8800137000207047044B187820B101381870CF
:10CE98000020704701207047EB6B002091B110F122
:10CEA800C70F08DB094B1B78322B0DD80133074A13
:10CEB800137000207047054B187830B1013818708E
:10CEC800002070470020704701207047ED6B00205C
:10CED80091B1B0F5FA7F08DA094B1B78322B0DD8DF
:10CEE8000133074A137000207047054B187830B19A
:10CEF80001381870002070470020704701207047E3
:10CF0800F16B002091B110F1C70F08DB094B1B78BA
:10CF1800322B0DD80133074A137000207047054B98
:10CF2800187830B101381870002070470020704719
:10CF380001207047F36B0020F92808DC084B1B78A8
:10CF4800322B0BD80133064A137000207047044B6C
:10CF5800187820B1013818700020704701207047F8
:10CF6800E76B0020812808DC084B1B78322B0BD894
:10CF78000133064A137000207047044B187820B11B
:10CF8800013818700020704701207047E36B0020BB
:10CF980038B5524BB3F80940C4F34015C4F3001434
:10CFA800B3F85200FFF7D0FE01284FD04B4BB3F82F
:10CFB8005700FFF7E1FE01284ED0484B1869FFF7EC
:10CFC800F3FE01284ED0454B1869FFF705FF0128ED
:10CFD8004ED0424B186BFFF717FF01284ED03F4B3E
:10CFE800186BFFF72BFF01284ED029463B4BB3F9AE
:10CFF8006000FFF73BFF01284CD02946374BB3F9B7
:10D008006400FFF74BFF01284AD02146334BB3F9A0
:10D018006000FFF75DFF012848D021462F4BB3F988
:10D028006400FFF76FFF012846D02C4BB3F95C0072
:10D03800FFF782FF012845D0284BB3F96800FFF7B6
:10D0480091FF012844D0264B186838BD244A13683C
:10D0580023F001031360A9E7214A136823F00203B0
:10D068001360AAE71E4A136823F004031360AAE7B3
:10D078001B4A136823F008031360AAE7184A1368C9
:10D0880023F010031360AAE7154A136823F020035E
:10D098001360AAE7124A136823F040031360ACE751
:10D0A8000F4A136823F080031360AEE70C4A136835
:10D0B80023F480731360B0E7094A136823F40073FC
:10D0C8001360B2E7064A136823F480631360B3E77A
:10D0D800034A136823F480631360B4E72C6C0020C0
:10D0E800F86B0020114A536983F480535361104B45
:10D0F8001B683BB1536983F4005353610D4B2022E5
:10D108009A6170470A4B9B8833B10A4B4FF400125F
:10D118009A6110229A617047064B4FF480129A6107
:10D128004FF400129A6108229A6170470014024075
:10D138002C6C002000100240034B1B6913F4007F85
:10D148000CBF012000207047000C0240034B1B69F4
:10D1580013F4806F0CBF012000207047000C0240C0
:10D16800054B1B681BB1054B04229A617047034BA2
:10D178004FF480229A6170472C6C00200010024006
:10D18800164B08229A61164A4FF480419161202279
:10D198009A6140229A6180229A614FF480729A6162
:10D1A800A3F580634FF400229A614FF480129A61CC
:10D1B8004FF400129A614FF480329A614FF40031B3
:10D1C8009961A3F500634FF0804199614FF00041E8
:10D1D800996103F580639A61704700BF00140240AB
:10D1E80000040240164B1B689B0807EE903AF8EEC5
:10D1F800677A144B93ED007AB8EE477AC7EE876AE0
:10D20800114BC3ED006A93ED007AF7EE007AB4EEA5
:10D21800E77AF1EE10FA01DDC3ED007A0023084A3F
:10D228001360084A1360084B93ED000AF7EE007A82
:10D2380077EEC07A9FED050A27EE800A704700BF97
:10D24800A86D0020AC6D00204C6D00200000C84285
:10D25800094A136801331360084A1268934206D2D8
:10D2680083F00303064A11680B4413607047024BAE
:10D2780000221A60704700BFC06D00201400002013
:10D28800B46D002008B500F08BFB48E0CD4A536927
:10D2980083F00103536100F0EFFA01F083FACA4BFF
:10D2A800B3F8053013F4007F03D1C848FDF7FEFD3D
:10D2B80048E0C54823F40073A0F805303B30FDF77B
:10D2C80053FDF2E7C04BB3F8053013F4807F03D168
:10D2D800BF4B00229A705A70BD4B197A0020FAF79A
:10D2E800CDFAFAF7EDFDBB4B1B78012B00F08481DA
:10D2F800FFF7AEFFB84B01221A70F5F71FF8B74BCE
:10D308001B68C01AB0F57A7F08D3F5F717F8B34B46
:10D318001860FFF767FFB24B83ED000A30BF0020AB
:10D32800FFF746F8AF4B1B78012BF7D1AD4B002226
:10D338001A70AD4AB2F80F30013399B2A2F80F3023
:10D348000929A3D9A84BB3F80F30013B5E2BCAD8E3
:10D3580001A252F823F000BFCDD20008EFD2000896
:10D36800EFD20008EFD20008DDD40008EFD20008A1
:10D37800EFD20008E5D40008EFD20008EFD2000889
:10D38800F3D40008EFD20008EFD2000801D5000856
:10D39800EFD20008EFD20008EFD20008EFD2000861
:10D3A800EFD200080DD50008EFD20008EFD2000830
:10D3B800EFD20008EFD2000815D50008EFD2000818
:10D3C800EFD20008EFD20008EFD2000823D50008FA
:10D3D800EFD20008EFD20008EFD20008EFD2000821
:10D3E80031D50008EFD20008EFD20008EFD20008CC
:10D3F800EFD20008EFD20008EFD20008EFD2000801
:10D40800EFD20008EFD200083DD50008EFD200089F
:10D41800EFD20008EFD20008EFD20008EFD20008E0
:10D42800EFD20008EFD20008EFD20008EFD20008D0
:10D43800EFD20008EFD20008EFD20008EFD20008C0
:10D44800EFD20008EFD20008EFD20008EFD20008B0
:10D45800EFD20008EFD20008EFD20008EFD20008A0
:10D46800EFD20008EFD20008EFD20008EFD2000890
:10D47800EFD20008EFD20008EFD20008EFD2000880
:10D48800EFD20008EFD20008EFD20008EFD2000870
:10D498006BD5000873D50008EFD20008EFD200085A
:10D4A800EFD20008EFD200088DD50008EFD20008AF
:10D4B800EFD20008EFD20008EFD200089DD500088F
:10D4C800EFD20008EFD20008EFD20008EFD2000830
:10D4D800C5D500080020FAF715FD04E70020FAF783
:10D4E8002FFD0120FAF70EFDFDE60120FAF728FDD1
:10D4F8000220FAF707FDF6E60220FAF721FDFAF70F
:10D5080037FDF0E60020FAF74DFDECE60020FAF7CB
:10D5180067FD0120FAF746FDE5E60120FAF760FD10
:10D528000220FAF73FFDDEE60220FAF759FDFAF786
:10D53800A7FCD8E6264B93F8FB30002B7FF4D3AE3C
:10D54800214B5B7D002B7FF4CEAE284A1378013344
:10D55800DBB213701E2B7FF6C6AE13461E221A705E
:10D56800C1E61C4B00221A70BDE6214C204600F093
:10D5780039FA204600F064F8204600F091F900F0EE
:10D5880085F9B0E61A4800F0EFF900F093FB00F0D7
:10D59800DFF9A8E6164800F0C9F900F0D3F9154AF2
:10D5A80013780133DBB21370092B7FF69CAE074862
:10D5B800FDF7BAFD0F4B00221A7094E6FFF7AEF99B
:10D5C80091E600BF000C0240506D0020B26C0020B4
:10D5D800C0080020B96D0020B86D0020B06D002093
:10D5E800486D0020EA720020946D0020386D0020FC
:10D5F8002C6C0020446D00200A4B00221A7001F0A8
:10D6080039FA094C2060FCF759F801F033FA074B56
:10D6180018602368C01A0028B8BF4042044B18603D
:10D6280066E600BFB96D0020BC6D0020406D00208B
:10D638003C6D0020014B93F80C047047C46D00202A
:10D6480070B54E4BB3F8053013F0020F1ED04C4A9C
:10D65800156854689168D268C0F8D650C0F8DA40A6
:10D66800C0F8DE10C0F8E22013F0040F1CD0454BC0
:10D678001A685B68C0F8CE20C0F8D23000210C468A
:10D688008E460B4647F6FF763F4D18E03F4A156831
:10D6980054689168D268C0F8D650C0F8DA40C0F82B
:10D6A800DE10C0F8E220DFE7394B1A685B68C0F883
:10D6B800CE20C0F8D230E1E7114401339BB2032BEE
:10D6C8000ED803F1640200EB4202B2F90620AA4226
:10D6D80001DD1C461546B242EEDA9E461646EBE7D9
:10D6E800A0F86050E3B2013380F86330A0F86460BA
:10D6F8005FFA8EF3013380F8673009B200290BDB3B
:10D708008910A0F85E10AD1BA0F8685000210B46E8
:10D7180047F6FF750E4604E00331F1E71144013383
:10D728009BB2072B12D803F1680200EB4202B2F851
:10D7380006C01FFA8CF2B24202D90FFA8CF61C46C8
:10D74800AA42EBD20FFA8CF59E46E7E7B3B2A0F8EF
:10D7580052600134A0F85540AAB2A0F857500EF113
:10D76800010EA0F85AE0C1640161C1F3CF01A0F82D
:10D7780050109B1AA0F85C3070BD00BF506D00209F
:10D78800726D0020826D00200080FFFFD20800200B
:10D798008409002010B487B00023039304930593F1
:10D7A800009301930293304B5B5C83B92E4A0124AA
:10D7B80054542E4A525C9A4212D901EB810203EB6F
:10D7C80082022B4C44F822000133DBB2F1E7294BEB
:10D7D8005B5C01EB810203EB8203254A42F82300DC
:10D7E800244A535C0133DBB25354132B02D913463A
:10D7F80000225A541D4A535C0133DBB25354132B95
:10D8080002D9134614225A54002310E001EB810276
:10D8180003EB8202164850F8224006AA02EB810068
:10D8280050F80C2C224440F80C2C0133DBB20F4A80
:10D83800525C9A42EAD86AB906AB03EB810343F813
:10D84800182C06AB03EB810151F8180C07B05DF8F2
:10D85800044B704706AB03EB810050F80C3C93FB7C
:10D86800F2F340F8183CECE7D8710020CC720020A5
:10D87800DC710020D072002008B5FFF733FCFFF7F9
:10D888006FFCFFF759FCFFF761FC08BD08B5FDF711
:10D898003FFAFCF7A7FFFCF751FCFCF767FD08BD52
:10D8A80010B50446416C006B00F0AAFFB4F876008E
:10D8B80000F0C6FF10BD00000B4B1A6B40F6B833E2
:10D8C8009A420BDD094A138801339BB213801D2B42
:10D8D80008D913461E221A80012070470020034BE6
:10D8E80018807047002070472C6C0020D4710020ED
:10D8F8000B4B1A6B0B4B9A420BDA0B4A138801330A
:10D908009BB213801D2B08D913461E221A800120B2
:10D9180070470020044B188070470020704700BFF4
:10D928002C6C002048F4FFFFD271002008B5FFF7E7
:10D9380081FEFEF7B9F9FDF707FAFCF733FDFCF7AE
:10D94800E5FD08BD08B5FBF7F7FFFCF7A3F808BD30
:10D9580008B5FDF739FDFDF74FFDFDF765FDFDF74E
:10D968007BFDFDF719FD08BD10B504460B4BB3F858
:10D97800053013F0400F04D0084BB3F807300360AC
:10D9880010BDFDF765FFA080FEF706F9A080FFF740
:10D9980031F92060FFF7FCFA2060F1E7506D0020B4
:10D9A80008B5FDF759FCFCF72BFBFCF7E9F9FFF785
:10D9B800E7FBFEF73FFB00F0E3FEFDF775F8FCF729
:10D9C800F7FCFDF78DF8FCF7BDFBFCF757FBFDF7FF
:10D9D800A3FC00F0EBFEFAF7A9F9FBF727FF00F02C
:10D9E8001FF808BD10B50446FFF766FF012803D1EC
:10D9F8002023A4F8093010BDFFF77AFF012801D0D1
:10DA08000023F6E71023F4E7C3790133DBB2C371CF
:10DA1800042B01D8002070470023C37101207047F0
:10DA2800034B00221A605A609A60DA601A747047D1
:10DA3800D4720020037813F0010F2BD0244B4FF43D
:10DA480080629A61037813F0020F28D0204B4FF4BC
:10DA580000629A61037813F0040F25D01C4B4FF431
:10DA680080529A61037813F0080F22D0184B4FF4B4
:10DA780000729A61037813F0100F1FD0144B8022A4
:10DA88009A61037813F0200F1DD0114B4FF4807268
:10DA98009A6170470E4B4FF080629A61D2E70C4B47
:10DAA8004FF000629A61D5E7094B4FF080529A61B6
:10DAB800D8E7074B4FF000729A61DBE7044B4FF44D
:10DAC80000029A61DDE7024B4FF080729A6170475D
:10DAD800001002400F4B1B6913F0800F17D0002372
:10DAE8000C4A126912F4807F01D143F00403094AF9
:10DAF800126912F0100F01D143F01003054A1269A0
:10DB080012F0200F01D143F02003837070470223E5
:10DB1800E6E700BF00180240027883789A420AD0EC
:10DB2800074A13780133DBB213701E2B02D9134650
:10DB380014221A707047024B00221A70704700BFF7
:10DB4800E5720020044B9B792BB9034B01229A7193
:10DB580000221A701A737047D4720020034B5B7945
:10DB680013B9024B01225A71704700BFD4720020CA
:10DB780010B50446FFF7E6FF637B012B0DD0A379B0
:10DB8800013B0E2B13D8DFE803F00B2C384412129C
:10DB980012121212121212125000FFF7DFFFEEE7F4
:10DBA800434A13780133DBB21370142B07D8637917
:10DBB800013B032B4DD8DFE803F043535F6B13465B
:10DBC80014221A70237843F0040323702046FFF7C9
:10DBD8001BFF0128EBD10223A371354B00221A70D9
:10DBE800E5E7237843F0010323702046FFF70CFF95
:10DBF8000128DCD10323A371D9E7237843F002037A
:10DC080023702046FFF700FF0128D0D10423A37119
:10DC1800CDE7237823F0010323702046FFF7F4FEB5
:10DC28000128C4D10F23A371C1E7637B002BBED1A8
:10DC38002046FFF7E9FE0128B9D101236373B6E74F
:10DC4800237843F0200323702046FFF7DDFE0128E8
:10DC580003D063790F2B27D010BD02236371F8E737
:10DC6800237843F0080323702046FFF7CDFE0128F0
:10DC7800EFD103236371ECE7237843F0100323709B
:10DC88002046FFF7C1FE0128E3D104236371E0E7D2
:10DC9800237823F0080323702046FFF7B5FE0128F8
:10DCA800D7D10F236371D4E701232373D4E700BFCF
:10DCB800D372002010B50A4BB3F8053013F0200FCB
:10DCC8000AD0084C2046FFF7B5FE2046FFF702FFB2
:10DCD8002046FFF721FF10BD0248FFF749FFF0E794
:10DCE800506D0020D472002000B501F1020E837936
:10DCF800234A4FF0010C82F800C0B12B17D0B22B89
:10DD080022D006230B7002234B7003238B7204234B
:10DD1800CB72002308228A70CB7002790A7142798B
:10DD28004A7182798A71C279CA711A4623E0154B01
:10DD380002221A708268144B1A60C268134B1A6068
:10DD4800134BAA221A70DCE78268124B5A60828948
:10DD5800A3F80920002303F108020244117A0D4AAE
:10DD68001A44D1720133DBB2F5E71EF8030002440E
:10DD780092B20133DBB2052BF7D90A815DF804FBB7
:10DD88005A7C0020961E00207C1A0020FC6B002084
:10DD980034200020801A002010B501F1020C444BF9
:10DDA8001A680A72C2F307244C72C2F307448C72D1
:10DDB800120ECA729A880A73120A4A733D4A127876
:10DDC8008A73B3F80920CA731A6B0A611A69CA619F
:10DDD8005A690A62B3F87C208A84B3F88020364CEA
:10DDE800A4FB0242D208CA8493F88D2081F8282027
:10DDF80093F88E2081F8292093F88F2081F82A2023
:10DE0800B3F88430A1F82B3000230EE003F1640E40
:10DE1800274A02EB4E02B2F906E003F1080201EBD1
:10DE28004202A2F804E001339BB2032BEED900238F
:10DE380008E01F4A1A4492F986E0CA1882F82DE0D1
:10DE480001339BB2062BF4D9194BB3F880201A4C36
:10DE5800A4FB0242D208CA8493F88D2081F82820B6
:10DE680093F88E2081F8292093F88F2081F82A20B2
:10DE7800B3F88430A1F82B3006230B7002234B70C3
:10DE8800032381F83630042381F837300023342205
:10DE98008A70CB7042684A601A4605E01CF8030095
:10DEA800024492B201339BB2332BF7D98A8610BD54
:10DEB8002C6C0020D4720020CDCCCCCCF8B5064612
:10DEC8000D468C1C477948220021284600F05AFF4D
:10DED80000220FE07B1E03EB4313134468331E49F3
:10DEE80001EB4303D98802F1100305EB4303998042
:10DEF800013292B2072AEDD900220FE07B1E03EB14
:10DF0800431313446433144901EB4303B3F9061074
:10DF180002F10C0325F81310013292B2032AEDD94D
:10DF280006232B7002236B70032385F846300423E5
:10DF380085F8473000234422AA70EB7072686A6043
:10DF48001A4604E0E05C024492B201339BB2412BD2
:10DF5800F8D9A5F84420F8BD2C6C002070B5064609
:10DF68000D468C1C8379C079012B13D0022B1AD053
:10DF780006232B7002236B70032385F84A30042391
:10DF880085F84B3000234822AA70EB7072686A60EB
:10DF98001A4610E0717A337A05F1080243EA012142
:10DFA800FBF73AFEE4E7FBF7C1FEE1E7E05C024479
:10DFB80092B20133DBB2452BF8D9A5F8482070BDE1
:10DFC8002DE9F04184B006460D468379C2798C1C50
:10DFD8000189DC2B6FD000F1080012D8AC2B1FD0C0
:10DFE800BC2B6AD1B368002B5ED1484A1370484AEB
:10DFF80082F8A43082F8A53082F8A63082F8A730DB
:10E008005BE0EC2B59D1002A6CD0012A55D1404B4A
:10E01800B3F876202A72B3F876301B0A6B724CE09C
:10E028009AB1012A49D13A4B93F88D202A7293F874
:10E038008E206A7293F88F20AA72B3F88420EA724D
:10E04800B3F884301B0A2B7337E0337A632B34D848
:10E05800737A0C2B31D8B37A1F2B2ED82D4F4FF053
:10E068001408CDF8088003230193009010234FF47F
:10E07800FE42A0213846F6F7CFF80A20F4F764F9F3
:10E0880006F10B03CDF808800222019200931023B9
:10E0980047F60372A0213846F6F7BEF80A20F4F7CF
:10E0A80053F9FBF7ADFF08E0184A01211170184A2F
:10E0B800C2F8A43001E0012A0FD006232B700223F6
:10E0C8006B700323AB760423EB7600221823AB7026
:10E0D800EA7073686B60134611E064232B720023A7
:10E0E8006B72EAE742F20F739942E6D8084BA3F83D
:10E0F8007610E2E7E05C024492B20133DBB2152B02
:10E10800F8D92A8304B0BDE8F08100BFE672002088
:10E118002C6C00205C020020837901F1020CFC2B9E
:10E128000FD006230B7002234B7003238B76042336
:10E13800CB76002218238B70CA7043684B60134655
:10E1480009E0074B01221A70EBE71CF803000244B0
:10E1580092B20133DBB2152BF7D90A83704700BF9F
:10E16800E7720020000000002DE9F04F93B005464B
:10E1780088460B794C790CB1013CE4B2603B0F2B1B
:10E188003DD8DFE813F010003C003C003C003C00A8
:10E198003C003C003C003C003C003F003C0045008B
:10E1A8003C003C000301221D894B53F82200F2F782
:10E1B80049F906460F464FEA8408864B03EB840468
:10E1C8002068F2F761F902460B4630463946F2F705
:10E1D800B3F906460F46CDE908677F4B43441868F4
:10E1E800F2F752F902460B4630463946F1F7EEFF90
:10E1F80002460B46CDE90A23F2F7B0FBA86013B03C
:10E20800BDE8F08F0434724B53F82430AB60F6E766
:10E21800D8F81200F2F726F906460F46D8F80A0091
:10E22800F2F720F9CDE9040102460B46304639469B
:10E23800F1F7CAFF06460F46CDE90867D8F80E90F1
:10E248004846F2F70FF9CDE90601D8F806804046AE
:10E25800F2F708F982468B4602460B46DDE90601CD
:10E26800F1F7B2FF02460B46CDE90A23304639469C
:10E27800F2F78CFA02460B46CDE90C23F2F7B6FB0F
:10E288001190F2F701F906460F4602460B46504632
:10E298005946F2F751F902460B46CDE90823DDE964
:10E2A8000401F1F791FF02460B46CDE90A23F2F784
:10E2B8009DFB10900022494B30463946F2F73CF955
:10E2C80002460B46CDE90823F2F748FBA0F2EE2000
:10E2D800B0F5FA7F01D8C1450CD100233F20287240
:10E2E800422169720F22AA72EB7228736973AA73AA
:10E2F800EB7384E7A6B204F5FA5308339B009AB28D
:10E30800374F4FF03209CDF808904FF00408CDF898
:10E31800048011AB00931023A0213846F5F77CFF49
:10E328000A20F4F711F806F5FA530C339AB2920062
:10E3380092B2CDF80890CDF8048010AB009310236A
:10E34800A0213846F5F768FF0A20F3F7FDFFFBF731
:10E3580017FDA6001F4B03EB84042068F2F794F81E
:10E3680019A3D3E90023F2F7E7F802460B46CDE9F3
:10E378000823F2F7F3FAA860174B3344D3ED007A79
:10E38800FDEEE77A17EE903AEB6038E7A600114BFE
:10E3980003EB84042068F2F777F80BA3D3E9002392
:10E3A800F2F7CAF802460B46CDE90823F2F7D6FA87
:10E3B800A860094B3344D3ED007AFDEEE77A17EEF7
:10E3C800903AEB601BE700BF0000000080842E41FC
:10E3D8002C6C0020286D00201C6C002000408F4011
:10E3E8005C020020000000002DE9F04F91B0834648
:10E3F80088460C7991F805A0BAF1000F03D00AF10C
:10E40800FF3A5FFA8AFAFCF70BFAA4F1C0030F2B64
:10E4180000F2D980DFE813F01000D700D700D7004A
:10E42800D700D700D700D700D700D7002000D700E3
:10E438003600D700D700DA00BAF1000F07D0BAF1DA
:10E44800020F04D0744B1B68CBF80830BBE0734B49
:10E458001B68CBF80830B6E0BAF1000F02D0BAF169
:10E46800020F03D16D4B1B68CBF80830BAF1010FCE
:10E4780003D0BAF1030F40F0A680674B1B68CBF8B6
:10E488000830A0E0D8F81200F1F7ECFF04460D467A
:10E49800D8F80A00F1F7E6FF06460F4602460B4693
:10E4A80020462946F1F790FE04460D46CDE906457B
:10E4B800D8F80E00F1F7D6FFCDE90401D8F8060028
:10E4C800F1F7D0FF8046894602460B46DDE9040194
:10E4D800F1F77AFE02460B46CDE908232046294685
:10E4E800F2F754F902460B46CDE90A23F2F77EFA11
:10E4F8000F90F1F7C9FF04460D4602460B46404609
:10E508004946F2F719F802460B46CDE9062330468C
:10E518003946F1F759FE02460B46CDE90823F2F7D2
:10E5280065FA0E9000223E4B20462946F2F704F881
:10E53800CDE906011FFA8AF40AF5FA52920092B25E
:10E54800384D14270297042601960FAB0093102329
:10E55800A0212846F5F760FE0A20F3F7F5FE04F53A
:10E56800FA5333449AB2920092B2029701960EABD4
:10E5780000931023A0212846F5F74EFE0A20F3F752
:10E58800E3FEFBF7FDFB4FEA8A04274B03EB8A0AFD
:10E59800DAF80000F1F778FF1DA3D3E90023F1F7BB
:10E5A800CBFF02460B46CDE90623F2F7D7F9CBF8A5
:10E5B80008001E4B2344D3ED007AFDEEE77A17EEF0
:10E5C800903ACBF80C3011B0BDE8F08F4FEA8A04CE
:10E5D800154B03EB8A0ADAF80000F1F755FF0CA394
:10E5E800D3E90023F1F7A8FF02460B46CDE906233D
:10E5F800F2F7B4F9CBF808000C4B2344D3ED007ABA
:10E60800FDEEE77A17EE903ACBF80C30DBE700BF67
:10E618000000000080842E41006C0020046C002063
:10E6280000408F405C020020186D00200C6C002018
:10E6380070B506460D468C1C427983792AB903F0D9
:10E64800F003602B11D0C02B14D006232B700223AB
:10E658006B700323AB760423EB7600231822AA7091
:10E66800EB7072686A601A460EE0811C0848FFF772
:10E678007BFDEAE7811C0648FFF7B6FEE5E7E05CAC
:10E68800024492B20133DBB2152BF8D92A8370BD4C
:10E698008874002038B52B4B1C799D794FF4FA62A9
:10E6A8000021294800F06EFBA4F10B03132B42D87C
:10E6B800DFE803F00A414141414110161C41414144
:10E6C800274141413341412D1F491E48FFF70CFBAB
:10E6D8000C2231E01C491B48FFF75EFB38222BE077
:10E6E80019491848FFF7EAFB482225E0174C20464D
:10E6F800FCF73AFB1449A4F10800FFF74DFB382258
:10E708001AE011490F48FFF793FF1C2214E00E4945
:10E718000C48FFF723FC4C220EE0FC2D05D00A49DB
:10E728000848FFF74DFC1C2206E007490548FFF79B
:10E73800F3FC1C2200E00C2203490548F8F7ACFA68
:10E7480038BD00BFF073002088740020F8730020E3
:10E75800EC07002008B500F005FA00F077FA00B9D8
:10E7680008BDFFF797FF002304E0044A0021D154B5
:10E7780001339BB2972BF8D9F2E700BFF073002062
:10E7880038B5064C98252A460021204600F0FAFAAA
:10E798002A4621460248F8F79DFD38BD58730020E7
:10E7A800EC07002008B5FFF7D5FF08BD134B002282
:10E7B800642183F8821083F883206FF00B0183F8BB
:10E7C8008010012183F8811083F84A2083F84B20B8
:10E7D80083F840206FF0770C83F841C02A2083F833
:10E7E8004200112183F8431083F8442083F845C080
:10E7F80083F8460083F84710704700BF2C6C002050
:10E80800002818DD0C4AD2F872301844C2F8720099
:10E818000A4BA3FB0131490901EB81010B01B0EB64
:10E82800011F08D9C01A1346C2F87200B2F8762040
:10E838000132A3F8762070472C6C00201F85EB511D
:10E84800134B1B88834217D0114B188040F6B833FE
:10E85800984212D90F4B462283F88220002283F86F
:10E8680083200C4A136C0C49A1FB03135B09B2F813
:10E87800821001FB03F353647047074BA3FB00307E
:10E888004009C0F16400034BA3F88200E9E700BF28
:10E89800180000202C6C00201F85EB5170470000E9
:10E8A80044F6CC0398420FD946F6DE33984205D990
:10E8B80047F2CE53984225D8112317E045F618435E
:10E8C800984221D9222311E042F24443984205D9C3
:10E8D80043F22053984219D9442307E041F6230311
:10E8E800984215D9662301E00133DBB28D2B04D899
:10E8F8001D4A32F813208242F6D88D2B0AD853B914
:10E908001A4870470023F1E73323EFE75523EDE773
:10E918007723EBE78D238D2B1FD0134931F813C0D4
:10E92800A0EB0C0080B200EB8000420012B2581E2F
:10E9380031F81010A1EB0C0109B203EB8300400081
:10E9480080B292FBF1F39BB2C01A80B2A0F5FA70C4
:10E9580000B2B0F5AF6F03DC70474FF461707047D9
:10E968004FF4AF60F8E700BF08EF00080CFEFFFFA8
:10E97800104BD3F8FC2022F08072C3F8FC20D3F8A7
:10E98800FC2042F08072C3F8FC20A3F55D431A68AE
:10E9980022F001021A601A6842F001021A6000228D
:10E9A8005A6000BF00BF00BF5B680BB110467047DC
:10E9B8000120704700ED00E010B582B00190094BCE
:10E9C8005C68F7F755F8084AA2FB0032920C019BE5
:10E9D80003FB02F2034B5B681B1B9342FAD302B0A2
:10E9E80010BD00BF001000E083DE1B4338B51F4B8D
:10E9F8001B68002B38D01E4B1B78DBB2012B33D0A1
:10EA08001B4B01221A70002400E00134062C28D880
:10EA180004EB440304EB8302144B13441B79012BCE
:10EA2800F3D1124B1344D3F80530002BEDD00F4926
:10EA38001144D1F809200132C1F809209342E4DCDD
:10EA48000D46D1F80D30984700236B72AB72EB720C
:10EA58002B7328710028D8D1044A1368013B13602E
:10EA6800D3E7034B00221A7038BD00BFEC720020B8
:10EA7800E8720020054B5868054B1B68054AA2FB45
:10EA880003239B0CB0FBF3F0704700BF001000E0BD
:10EA98000000002083DE1B4308B502682C4B9A4215
:10EAA80031D02C4B01221A702B4A13780133DBB278
:10EAB8001370092B05D9134600221A70274B01221F
:10EAC8009A72264BB3F80F30632B03D9234B0022DD
:10EAD800DA731A74214BB3F80F30012B16D0282B98
:10EAE80019D0322B1CD03C2B1ED0462B20D0502BBB
:10EAF80022D0552B24D05A2B26D05F2B0AD1174B66
:10EB08000122DA7206E0FFF771FFCAE7134B012210
:10EB18005A709A7008BD114B01229A70DA70F9E7A1
:10EB28000E4B01229A71F5E70C4B01229A73F1E71B
:10EB38000A4B01225A71EDE7084B0122DA71E9E725
:10EB4800064B01221A71E5E7044B01221A72E1E72C
:10EB580000000140EA720020E9720020946D002054
:10EB68007047704738B53148848D836B1B685B6884
:10EB78009BB2E41AA4B2F8F757FB68B92C4B1B8870
:10EB8800A3420FD02B4B01221A80294B1C802A4B01
:10EB98001B88012B0ED038BD982228492348F8F746
:10EBA80099FBEBE7234B1B88012BF0D1224B012269
:10EBB8001A80ECE700231F4A13801F4A1380204B5A
:10EBC8001A88A242E7D011D2A51AADB21D4B1D80FA
:10EBD800002306E0D1181948405C1B49C85401338A
:10EBE8009BB29D42F6D8164B1C80D4E7C2F198011F
:10EBF80089B2144B1980002308E0D0180F4D15F87E
:10EC080000C0114800F803C001339BB29942F4D800
:10EC1800002CE8D0002306E0CA180848C55C0A485A
:10EC2800855401339BB2A342F6D3DCE7EC070020FE
:10EC38005C7C00204C7300204E7300205873002029
:10EC4800587C002050730020F0730020002347E018
:10EC58009A1C14F802E02F4AA2F800E003F1030C12
:10EC680014F80C404EEA042EA2F800E0BEF1930F0F
:10EC780043D80EEB0102284CA65C284A168003EB09
:10EC88000E077D1C645D46EA0426168002224FF0BA
:10EC9800000C07E05418204D2C5DA4441FFA8CFC8E
:10ECA800013292B29645F5D8664526D1BA1C1A4C5F
:10ECB800A25C032A21D1FD1C625D042A1DD1002318
:10ECC80005E0CC18144A145DD45401339BB20EF1FC
:10ECD80004029342F5D300E00020F0BD01339BB25B
:10ECE8008B2B14D819460C4AD05C0128F6D1F0B504
:10ECF8005A1C094CA25C022AAAD001339BB28B2B66
:10ED0800EAD81946044AD05C0128F6D1F0E7002079
:10ED1800704700BF52730020F07300205473002026
:10ED280070B50D4D0D4C641BA4100026A64209D1E8
:10ED38000B4D0C4C00F02EF8641BA4100026A642C4
:10ED480005D170BD55F8043B98470136EEE755F8F4
:10ED5800043B98470136F2E72CF000082CF0000835
:10ED68002CF0000830F000080A44914200F1FF330B
:10ED780000D1704710B511F8014B03F8014F9142CB
:10ED8800F9D110BD02440346934200D1704703F8FD
:10ED9800011BF9E7F8B500BFF8BC08BC9E467047F0
:0CEDA800F8B500BFF8BC08BC9E467047E0
:10EDB400000000000000000004000600080000003D
:10EDC4000C000E000D0000000001020030003100B4
:10EDD4003200000004000600080000000C000E00D1
:10EDE4000D00000000000000000000000102030408
:10EDF40006070809000000000102030400061016BB
:10EE04000006101600070E091C1B1215383F363178
:10EE140024232A2D70777E796C6B6265484F4641B6
:10EE240054535A5DE0E7EEE9FCFBF2F5D8DFD6D1A6
:10EE3400C4C3CACD90979E998C8B8285A8AFA6A196
:10EE4400B4B3BABDC7C0C9CEDBDCD5D2FFF8F1F686
:10EE5400E3E4EDEAB7B0B9BEABACA5A28F88818676
:10EE640093949D9A2720292E3B3C35321F18111666
:10EE740003040D0A5750595E4B4C45426F68616656
:10EE840073747D7A898E878095929B9CB1B6BFB846
:10EE9400ADAAA3A4F9FEF7F0E5E2EBECC1C6CFC836
:10EEA400DDDAD3D4696E676075727B7C51565F5826
:10EEB4004D4A4344191E171005020B0C21262F2816
:10EEC4003D3A33344E49404752555C5B7671787F06
:10EED4006A6D64633E39303722252C2B0601080FF6
:10EEE4001A1D1413AEA9A0A7B2B5BCBB9691989FE6
:10EEF4008A8D8483DED9D0D7C2C5CCCBE6E1E8EFD6
:10EF0400FAFDF4F3227BE77AA87A677A247ADD792A
:10EF140094794779F978A8784E780778BA7767773B
:10EF24000D77AB764176CE754E75C2742774BF7378
:10EF34005073DA725A72D0713A719870E86F266F12
:10EF4400526EC46D2C6D8B6CDE6B256B5E6A8869AA
:10EF5400A168A6679466DD651A654C64716389626D
:10EF6400916188606D5F3D5EF55C185C305B3B5A77
:10EF74003A592A580C57DC559B544653D751E05004
:10EF8400DF4FD24EB94D934C604B1E4ACC48694773
:10EF9400F445F544ED43DC42C1419C406B3F2F3EB8
:10EFA400E63C913B2B3A37393C383A3731362035F9
:10EFB4000734E632BC318830442F682E872DA12CCB
:10EFC400B72BC72AD229D728D627D026BE25032572
:10EFD40044248323BE22F6212B215C208A1FB41EE5
:10EFE400CD1D341D981CFB1B5C1BBB1A181A73190E
:10EFF400CC1823186317E8166C16EF157015F01467
:10F004006F14ED136A13E5125112F0118F112D11C3
:10F01400CA10671003109E0F390FD30E5F0E140E23
:08F02400401BFF7F010000000A
:04F02C00AD0100082A
:04F03000890100084A
:10F034000024F40001000000100000000101138806
:0CF0440001000000606D0000FFFF0000F4
:040000050800225974
:00000001FF
