:020000040800F2
:100000000000022059220008ED1A0008EF1A00082B
:10001000F11A0008F31A0008F51A000800000000A1
:10002000000000000000000000000000F71A0008B7
:10003000F91A000800000000FB1A0008FD1A000869
:10004000A9220008A9220008A9220008A922000864
:10005000A9220008A9220008A9220008A922000854
:10006000A9220008A9220008A9220008A922000844
:10007000351B0008A9220008451B0008551B000875
:10008000651B0008751B0008A9220008851B0008D5
:10009000991B0008A9220008A9220008A92200082B
:1000A000A9220008A91B0008A9220008A92200080B
:1000B000A9220008A9220008A9220008B91B0008EB
:1000C000A9220008C91B0008D91B0008A9220008A2
:1000D000A9220008E91B0008F91B0008091C0008F8
:1000E000A9220008A9220008A9220008A9220008C4
:1000F000A9220008A9220008A9220008A9220008B4
:10010000A9220008A9220008A9220008A9220008A3
:10011000A9220008A9220008A9220008A922000893
:10012000191C0008291C0008391C0008491C00087B
:10013000591C0008A9220008A9220008A9220008C9
:10014000A9220008A9220008A9220008A922000863
:10015000691C0008A9220008791C0008A9220008CF
:10016000A9220008A9220008A9220008A922000843
:10017000A9220008A9220008A92200080000000006
:08018000A9220008A9220008D1
:1001880010B5054C237833B9044B13B10448AFF3C9
:1001980000800123237010BD18000020000000001B
:1001A800B4D4000808B5034B1BB103490348AFF3A7
:1001B800008008BD000000001C000020B4D4000826
:1001C80081F0004102E000BF83F0004330B54FEA00
:1001D80041044FEA430594EA050F08BF90EA020F6D
:1001E8001FBF54EA000C55EA020C7FEA645C7FEA00
:1001F800655C00F0E2804FEA5454D4EB5555B8BF23
:100208006D420CDD2C4480EA020281EA030382EA93
:10021800000083EA010180EA020281EA0303362D25
:1002280088BF30BD11F0004F4FEA01314FF4801CF8
:100238004CEA113102D0404261EB410113F0004F0A
:100248004FEA03334CEA133302D0524263EB4303C1
:1002580094EA050F00F0A780A4F10104D5F1200E5F
:100268000DDB02FA0EFC22FA05F2801841F10001BA
:1002780003FA0EF2801843FA05F359410EE0A5F18E
:1002880020050EF1200E012A03FA0EFC28BF4CF0BF
:10029800020C43FA05F3C01851EBE37101F0004575
:1002A80007D54FF0000EDCF1000C7EEB00006EEB82
:1002B8000101B1F5801F1BD3B1F5001F0CD349080C
:1002C8005FEA30004FEA3C0C04F101044FEA445263
:1002D80012F5800F80F09A80BCF1004F08BF5FEAEA
:1002E800500C50F1000041EB045141EA050130BDCA
:1002F8005FEA4C0C404141EB0101013C28BFB1F5DC
:10030800801FE9D291F0000F04BF01460020B1FA26
:1003180081F308BF2033A3F10B03B3F120020CDAF9
:100328000C3208DD02F1140CC2F10C0201FA0CF0D7
:1003380021FA02F10CE002F11402D8BFC2F1200C3C
:1003480001FA02F120FA0CFCDCBF41EA0C019040F2
:10035800E41AA2BF01EB0451294330BD6FEA04043B
:100368001F3C1CDA0C340EDC04F11404C4F1200226
:1003780020FA04F001FA02F340EA030021FA04F338
:1003880045EA030130BDC4F10C04C4F1200220FA8F
:1003980002F001FA04F340EA0300294630BD21FACD
:1003A80004F0294630BD94F0000F83F4801306BF93
:1003B80081F480110134013D4EE77FEA645C18BF87
:1003C8007FEA655C29D094EA050F08BF90EA020F1E
:1003D80005D054EA000C04BF1946104630BD91EA16
:1003E800030F1EBF0021002030BD5FEA545C05D119
:1003F8004000494128BF41F0004130BD14F5800458
:100408003CBF01F5801130BD01F0004545F0FE41CB
:1004180041F470014FF0000030BD7FEA645C1ABF00
:10042800194610467FEA655C1CBF0B46024650EA37
:10043800013406BF52EA033591EA030F41F4002163
:1004480030BD00BF90F0000F04BF0021704730B5E9
:100458004FF4806404F132044FF000054FF00001BE
:1004680050E700BF90F0000F04BF0021704730B57F
:100478004FF4806404F1320410F0004548BF404254
:100488004FF000013EE700BF42004FEAE2014FEAA9
:1004980031014FEA02701FBF12F07F4393F07F4F84
:1004A80081F06051704732F07F4208BF704793F087
:1004B8007F4F04BF41F40021704730B54FF460749A
:1004C80001F0004521F000411CE700BF50EA01029D
:1004D80008BF704730B54FF000050AE050EA010246
:1004E80008BF704730B511F0004502D5404261EBB6
:1004F80041014FF4806404F132045FEA915C3FF4F7
:10050800D8AE4FF003025FEADC0C18BF03325FEA93
:10051800DC0C18BF033202EBDC02C2F1200300FA44
:1005280003FC20FA02F001FA03FE40EA0E0021FA69
:1005380002F11444BDE600BF70B54FF0FF0C4CF457
:10054800E06C1CEA11541DBF1CEA135594EA0C0F09
:1005580095EA0C0F00F0DEF82C4481EA030621EA44
:100568004C5123EA4C5350EA013518BF52EA03357F
:1005780041F4801143F4801338D0A0FB02CE4FF031
:100588000005E1FB02E506F00042E0FB03E54FF061
:100598000006E1FB03569CF0000F18BF4EF0010E59
:1005A800A4F1FF04B6F5007F64F5407404D25FEA55
:1005B8004E0E6D4146EB060642EAC62141EA555108
:1005C8004FEAC52040EA5E504FEACE2EB4F1FD0C4A
:1005D80088BFBCF5E06F1ED8BEF1004F08BF5FEAC8
:1005E800500E50F1000041EB045170BD06F000467A
:1005F80046EA010140EA020081EA0301B4EB5C0427
:10060800C2BFD4EB0C0541EA045170BD41F480111E
:100618004FF0000E013C00F3AB8014F1360FDEBF43
:10062800002001F0004170BDC4F10004203C35DA1F
:100638000C341BDC04F11404C4F1200500FA05F3A2
:1006480020FA04F001FA05F240EA020001F0004243
:1006580021F0004110EBD37021FA04F642EB0601B9
:100668005EEA430E08BF20EAD37070BDC4F10C04E3
:10067800C4F1200500FA04F320FA05F001FA04F2A7
:1006880040EA020001F0004110EBD37041F1000193
:100698005EEA430E08BF20EAD37070BDC4F120059E
:1006A80000FA05F24EEA020E20FA04F301FA05F206
:1006B80043EA020321FA04F001F0004121FA04F2AE
:1006C80020EA020000EBD3705EEA430E08BF20EA7E
:1006D800D37070BD94F0000F0FD101F000464000B8
:1006E80041EB010111F4801F08BF013CF7D041EA3A
:1006F800060195F0000F18BF704703F0004652003E
:1007080043EB030313F4801F08BF013DF7D043EA0E
:100718000603704794EA0C0F0CEA135518BF95EAC4
:100728000C0F0CD050EA410618BF52EA4306D1D14B
:1007380081EA030101F000414FF0000070BD50EA6A
:10074800410606BF1046194652EA430619D094EAF4
:100758000C0F02D150EA013613D195EA0C0F05D1DE
:1007680052EA03361CBF104619460AD181EA030132
:1007780001F0004141F0FE4141F470014FF00000EA
:1007880070BD41F0FE4141F4780170BD70B54FF085
:10079800FF0C4CF4E06C1CEA11541DBF1CEA135505
:1007A80094EA0C0F95EA0C0F00F0A7F8A4EB0504E7
:1007B80081EA030E52EA03354FEA013100F08880DE
:1007C8004FEA03334FF0805545EA131343EA1263A7
:1007D8004FEA022245EA111545EA10654FEA00265C
:1007E8000EF000419D4208BF964244F1FD0404F515
:1007F800407402D25B084FEA3202B61A65EB030571
:100808005B084FEA32024FF480104FF4002CB6EB2D
:10081800020E75EB030E22BFB61A754640EA0C00AD
:100828005B084FEA3202B6EB020E75EB030E22BFED
:10083800B61A754640EA5C005B084FEA3202B6EB2E
:10084800020E75EB030E22BFB61A754640EA9C00ED
:100858005B084FEA3202B6EB020E75EB030E22BFBD
:10086800B61A754640EADC0055EA060E18D04FEA7B
:10087800051545EA16754FEA06164FEAC30343EA1B
:1008880052734FEAC2025FEA1C1CC0D111F4801FE8
:100898000BD141EA00014FF000004FF0004CB6E7E1
:1008A80011F4801F04BF01430020B4F1FD0C88BF80
:1008B800BCF5E06F3FF6AFAEB5EB030C04BFB6EB8B
:1008C800020C5FEA500C50F1000041EB045170BD7E
:1008D8000EF0004E4EEA113114EB5C04C2BFD4EBAB
:1008E8000C0541EA045170BD41F480114FF0000E2F
:1008F800013C90E645EA060E8DE60CEA135594EAAB
:100908000C0F08BF95EA0C0F3FF43BAF94EA0C0FAD
:100918000AD150EA01347FF434AF95EA0C0F7FF422
:1009280025AF104619462CE795EA0C0F06D152EA76
:1009380003353FF4FDAE1046194622E750EA41065A
:1009480018BF52EA43067FF4C5AE50EA41047FF46B
:100958000DAF52EA43057FF4EBAE12E74FEA4102CE
:1009680012F5001215D211D56FF47873B3EB6252F9
:1009780012D94FEAC12343F0004343EA505311F020
:10098800004F23FA02F018BF404270474FF00000B2
:10099800704750EA013005D111F0004008BF6FF0F0
:1009A800004070474FF00000704700BF4A0011D266
:1009B80012F5001211D20DD56FF47873B3EB6252B1
:1009C8000ED44FEAC12343F0004343EA505323FABD
:1009D80002F070474FF00000704750EA013002D132
:1009E8004FF0FF3070474FF0000070474FEA410268
:1009F800B2F1E04324BFB3F5001CDCF1FE5C0DD975
:100A080001F0004C4FEAC0024CEA5070B2F1004FBE
:100A180040EB830008BF20F00100704711F0804FC1
:100A280021D113F13872BCBF01F00040704741F486
:100A380080114FEA5252C2F11802C2F1200C10FA8A
:100A48000CF320FA02F018BF40F001004FEAC1236E
:100A58004FEAD32303FA0CFC40EA0C0023FA02F312
:100A68004FEA4303CCE77FEA625307D150EA0133E8
:100A78001EBF4FF0FE4040F44000704701F00040B8
:100A880040F0FE4040F40000704700BF7BB972B9E7
:100A98000029BEBF00204FF0004106E008BF002833
:100AA8001CBF6FF000414FF0FF3000F0BFB9ADF14F
:100AB800080C6DE904CE002909DB002B1ADB00F0D5
:100AC8004DF8DDF804E0DDE9022304B07047404248
:100AD80061EB4101002B1BDB00F040F8DDF804E07E
:100AE800DDE9022304B0404261EB4101524263EB6D
:100AF80043037047524263EB430300F02FF8DDF8DD
:100B080004E0DDE9022304B0404261EB4101704793
:100B1800524263EB430300F021F8DDF804E0DDE91D
:100B2800022304B0524263EB4303704753B94AB9F6
:100B3800002908BF00281CBF4FF0FF314FF0FF30DD
:100B480000F074B9ADF1080C6DE904CE00F006F8B8
:100B5800DDF804E0DDE9022304B070472DE9F04731
:100B6800089D04468E46002B4DD18A42944669D989
:100B7800B2FA82F252B101FA02F3C2F1200120FA6C
:100B880001F10CFA02FC41EA030E94404FEA1C48BA
:100B9800210CBEFBF8F61FFA8CF708FB16E341EAB6
:100BA800034306FB07F199420AD91CEB030306F13C
:100BB800FF3080F01F81994240F21C81023E63445D
:100BC8005B1AA4B2B3FBF8F008FB103344EA034401
:100BD80000FB07F7A7420AD91CEB040400F1FF3316
:100BE80080F00A81A74240F207816444023840EA53
:100BF8000640E41B00261DB1D4400023C5E900438C
:100C08003146BDE8F0878B4209D9002D00F0EF800E
:100C18000026C5E9000130463146BDE8F087B3FA41
:100C280083F6002E4AD18B4202D3824200F2F98029
:100C3800841A61EB030301209E46002DE0D0C5E92C
:100C4800004EDDE702B9FFDEB2FA82F2002A40F078
:100C58009280A1EB0C014FEA1C471FFA8CFE01267B
:100C6800200CB1FBF7F307FB131140EA01410EFB1F
:100C780003F0884208D91CEB010103F1FF3802D2C6
:100C8800884200F2CB804346091AA4B2B1FBF7F0C0
:100C980007FB101144EA01440EFB00FEA64508D9E3
:100CA8001CEB040400F1FF3102D2A64500F2BB8020
:100CB8000846A4EB0E0440EA03409CE7C6F120076F
:100CC800B34022FA07FC4CEA030C20FA07F401FAB5
:100CD80006F31C43F9404FEA1C4900FA06F3B1FB3E
:100CE800F9F8200C1FFA8CFE09FB181140EA0141A3
:100CF80008FB0EF0884202FA06F20BD91CEB010140
:100D080008F1FF3A80F08880884240F28580A8F197
:100D180002086144091AA4B2B1FBF9F009FB1011E9
:100D280044EA014100FB0EFE8E4508D91CEB010187
:100D380000F1FF346CD28E456AD90238614440EA2A
:100D48000840A0FB0294A1EB0E01A142C846A646AA
:100D580056D353D05DB1B3EB080261EB0E0101FA33
:100D680007F722FA06F3F1401F43C5E90071002690
:100D78003146BDE8F087C2F12003D8400CFA02FCE6
:100D880021FA03F3914001434FEA1C471FFA8CFEF6
:100D9800B3FBF7F007FB10360B0C43EA064300FBE6
:100DA8000EF69E4204FA02F408D91CEB030300F184
:100DB800FF382FD29E422DD9023863449B1B89B23B
:100DC800B3FBF7F607FB163341EA034106FB0EF3C4
:100DD8008B4208D91CEB010106F1FF3816D28B4271
:100DE80014D9023E6144C91A46EA004638E72E463D
:100DF800284605E70646E3E61846F8E64B45A9D235
:100E0800B9EB020864EB0C0E0138A3E74646EAE7A3
:100E1800204694E74046D1E7D0467BE7023B614451
:100E280032E7304609E76444023842E7704700BFBA
:100E380000B585B0002300930193029303932848DB
:100E4800284A02604FF480324260836001220261C6
:100E5800027680F82030C36223498162C36004218E
:100E6800C16180F83020436101F01CFB40BB0023C6
:100E7800009301230193072302936946184801F060
:100E880057FC00BB012300930223019369461448D1
:100E980001F04EFCD0B90223009303230193694665
:100EA8000F4801F045FCA0B91123009304230193D6
:100EB80069460B4801F03CFC70B905B05DF804FBCD
:100EC80000F030FCD3E700F02DFCDBE700F02AFC53
:100ED800E1E700F027FCE7E700F024FCEDE700BFBE
:100EE80034000020002001400100000F00B585B04B
:100EF800002300930193029303932248224A02603D
:100F08004FF480324260836001220261027680F8E9
:100F18002030C3621D498162C3600321C16180F82A
:100F28003020436101F0BEFAF8B90423009301238D
:100F38000193072302936946124801F0F9FBB8B9F7
:100F4800052300930223019369460E4801F0F0FB44
:100F580088B906230093032301936946094801F0E1
:100F6800E7FB58B905B05DF804FB00F0DBFBDCE7F4
:100F780000F0D8FBE4E700F0D5FBEAE700F0D2FB8D
:100F8800F0E700BF7C000020002101400100000FB5
:100F980000B585B0002300930193029303931C4886
:100FA8001C4A02604FF48032426083600122026171
:100FB800027680F82030C36217498162C36002213B
:100FC800C16180F83020436101F06CFAB0B90A239E
:100FD8000093012301930723029369460C4801F00B
:100FE800A7FB70B90B2300930223019369460848B5
:100FF80001F09EFB40B905B05DF804FB00F092FBE0
:10100800E5E700F08FFBEDE700F08CFBF3E700BFAE
:10101800C4000020002201400100000F30B58DB04F
:10102800044600230793089309930A930B930368D4
:10103800604A934207D0604A934240D05F4A934245
:101048007BD00DB030BD002501955D4B5A6C42F444
:1010580080725A645A6C02F480720192019A029565
:101068001A6B42F001021A631B6B03F0010302932F
:10107800029B072307930323089307A9514802F00B
:10108800E9FA5148514B036045608560C5604FF4EB
:10109800806303614FF4006343614FF4005383613D
:1010A8004FF48073C3610562456202F0E9F818B92C
:1010B800454BA3639C63C4E700F034FBF8E70025C5
:1010C80003953F4B5A6C42F400725A645A6C02F40E
:1010D80000720392039A04951A6B42F001021A6394
:1010E8001B6B03F001030493049B702307930323F2
:1010F800089307A9334802F0ADFA3548354B036029
:101108004FF0007343608560C5604FF480630361EE
:101118004FF4006343614FF4005383614FF48073CD
:10112800C3610562456202F0ABF818B9284BA363A6
:101138009C6386E700F0F6FAF8E700250595204B52
:101148005A6C42F480625A645A6C02F480620592C6
:10115800059A06951A6B42F004021A631B6B03F09A
:1011680004030693069B03230793089307A91A48C9
:1011780002F070FA19481A4B03604FF0806343601D
:101188008560C5604FF4806303614FF40063436179
:101198004FF4005383614FF48073C3610562456265
:1011A80002F06EF818B90D4BA3639C6349E700F091
:1011B800B9FAF8E70020014000210140002201406F
:1011C80000380240000002400C0100207064024018
:1011D8006C0100204064024000080240CC0100205D
:1011E8002864024008B50D480D4B03600623436090
:1011F80000238360C3604FF4202202614FF4801201
:101208004261037643768376C3760377437701F0AA
:101218005BFB00B908BD00F085FAFBE72C02002053
:101228000064004010B588B000230393049305932D
:101238000693079302681D4B9A4201D008B010BD6F
:101248000024019403F5EA331A6C42F000721A6420
:101258001A6C02F000720192019A02941A6B42F021
:1012680001021A631B6B03F001030293029B4FF404
:10127800C05303930223049303230693092307937C
:1012880003A90B4802F0E6F922460421132001F0D5
:101298001DFF132001F052FF22460421142001F003
:1012A80015FF142001F04AFFC8E700BF00640040A2
:1012B8000000024010B582B0002400943A4B1A6B2B
:1012C80042F480021A631A6B02F480020092009AB8
:1012D80001941A6B42F400121A631B6B03F4001397
:1012E8000193019B224606210C2001F0EFFE0C2001
:1012F80001F024FF224603210E2001F0E7FE0E2014
:1013080001F01CFF224603210F2001F0DFFE0F2011
:1013180001F014FF22460621102001F0D7FE10200C
:1013280001F00CFF22460621112001F0CFFE11200A
:1013380001F004FF22460321382001F0C7FE3820BF
:1013480001F0FCFE22460221392001F0BFFE3920BF
:1013580001F0F4FE224602213A2001F0B7FE3A20BD
:1013680001F0ECFE224603213B2001F0AFFE3B20BA
:1013780001F0E4FE224602213C2001F0A7FE3C20B9
:1013880001F0DCFE22460621442001F09FFE4420A5
:1013980001F0D4FE22460621462001F097FE4620A1
:1013A80001F0CCFE02B010BD003802402DE9F04F2C
:1013B8008FB0002409940A940B940C940D94019412
:1013C800764B1A6B42F010021A631A6B02F0100285
:1013D8000192019A02941A6B42F004021A631A6B82
:1013E80002F004020292029A03941A6B42F020025D
:1013F8001A631A6B02F020020392039A04941A6B80
:1014080042F080021A631A6B02F080020492049A76
:1014180005941A6B42F001021A631A6B02F001027A
:101428000592059A06941A6B42F002021A631A6B27
:1014380002F002020692069A07941A6B42F008021A
:101448001A631A6B02F008020792079A08941A6B3B
:1014580042F040021A631B6B03F040030893089B99
:10146800DFF84C81224641F6BF71404602F0E4F9AC
:10147800DFF8409122464FF44041484602F0DCF93B
:10148800DFF834B122464FF2EC51584602F0D4F955
:1014980022468021424802F0CFF922464CF203311D
:1014A800404802F0C9F9404F224640F201613846EF
:1014B80002F0C2F93D4E22464FF48041304602F018
:1014C800BBF941F6BF73099301250A950B940C9457
:1014D80009A9404602F0BEF84FF4404ACDF824A0CE
:1014E8000A950B940C9409A9484602F0B3F84FF2F8
:1014F800EC5309930A950B940C9409A9584602F0E9
:10150800A9F8802309930A950B940C9409A92448F7
:1015180002F0A0F8A02309930A940B9409A948465D
:1015280002F098F84CF2033309930A950B940C9443
:1015380009A91C4802F08EF8CDF824A00A940B944F
:1015480009A9404602F086F840F2016309930A951A
:101558000B940C9409A9384602F07CF84FF44053D8
:1015680009930A940B9409A9384602F073F84FF4CA
:10157800FE7309930A940B9409A9304602F06AF89D
:101588004FF4804309930A950B940C9409A93046AB
:1015980002F060F80FB0BDE8F08F00BF00380240DD
:1015A8000000024000040240000C02400018024003
:1015B80000100240000802400014024008B50B4821
:1015C8000B4B03600B4B436000238360C3604FF4F5
:1015D8008042026143618361C361036202F03EFDA0
:1015E80000B908BD00F09EF8FBE700BF54020020D8
:1015F80000540040A086010008B50B480B4B03605F
:101608000B4B436000238360C3604FF48042026148
:1016180043618361C361036202F020FD00B908BD24
:1016280000F080F8FBE700BFA80200200058004047
:10163800A086010030B58BB000230593069307936D
:10164800089309930368324A934204D0314A93427B
:101658002CD00BB030BD002501952F4C236B43F0E7
:1016680002032363236B03F002030193019BC0234E
:10167800059312230693032308930423099305A9CA
:10168800264801F0E7FF0295236C43F40013236416
:10169800236C03F400130293029B2A4605211F20A2
:1016A80001F014FD1F2001F049FDD2E70025039544
:1016B800194C236B43F020032363236B03F02003AF
:1016C8000393039B03230593122206920893042392
:1016D800099305A9124801F0BDFF0495236C43F452
:1016E80080032364236C03F480030493049B2A4639
:1016F8000521212001F0EAFC212001F01FFD2A46E6
:101708000521222001F0E2FC222001F017FDA0E7CC
:1017180000540040005800400038024000040240D5
:101728000014024072B6FEE700B595B030220021E1
:1017380008A80BF0B3FE00230393049305930693C4
:1017480007930193224A116C41F080511164126C85
:1017580002F080520192019A02931E4B1A6842F4D9
:1017680080421A601B6803F480430293029B09239A
:1017780008934FF48033099301230D9302230E93AA
:101788004FF480020F92192210924FF4A87211920E
:1017980012930723139308A803F06CFE98B90F233C
:1017A800039302230493002305934FF4A053069355
:1017B8004FF480530793052103A804F0A9F820B932
:1017C80015B05DF804FBFFF7ADFFFFF7ABFF00BFF7
:1017D800003802400070004008B500F089FDFFF7AE
:1017E800A3FFFFF7E3FDFFF765FDFFF721FBFFF719
:1017F8007DFBFFF7CDFBFFF7F5FCFFF7DFFE00F001
:101808001BF800F08FFA00F0C5FA00F07BFB00F03F
:1018180093FB00F0ABFBFFF7EFFE00F031F800F0B0
:1018280039FA044804F056FD0BF040FC0AF036F98A
:10183800FEE700BF2C05002008B50F480F4B0360DA
:101848004FF48273436000238360C3600222026105
:10185800012242614FF4007282613022C261036248
:10186800436283620A23C36204F00CFA00B908BD1C
:10187800FFF758FFFBE700BF7C0400200030014061
:1018880008B50F480F4B03604FF482734360002381
:101898008360C36002220261012242614FF4007238
:1018A80082612822C2610362436283620A23C3629F
:1018B80004F0E8F900B908BDFFF734FFFBE700BF03
:1018C800D4040020003800402DE9F0438BB00446D2
:1018D8000023059306930793089309930368664AC0
:1018E800934205D0654A934259D00BB0BDE8F083C6
:1018F80000250095624B5A6C42F480525A645A6C27
:1019080002F480520092009A01951A6B42F002028A
:101918001A631B6B03F002030193019B38230593A1
:1019280002230693032308930523099305A9554821
:1019380001F090FE5448554B03604FF0C06343607C
:1019480040238360C5604FF480630361456185610E
:10195800C5610562456201F093FCD0B94A4BA364A6
:101968009C634B484B4B03604FF0C06343600023BC
:101978008360C3604FF48062026143618361C36125
:101988000362436201F07CFC30B9414BE3649C6321
:10199800ABE7FFF7C7FEE1E7FFF7C4FEF5E7002571
:1019A8000295374B1A6C42F480421A641A6C02F49E
:1019B80080420292029A03951A6B42F004021A635B
:1019C8001A6B02F004020392039A04951A6B42F010
:1019D80002021A631B6B03F002030493049B0C239B
:1019E80005934FF00209CDF818904FF00308CDF891
:1019F80020800527099705A9274801F02BFE4FF4F9
:101A080080660596CDF818900795CDF8208009973F
:101A180005A91C4801F01EFE2048214B03604560C3
:101A280040238360C560066145618561C5610562C3
:101A3800456201F025FCC0B9184BA3649C631948A2
:101A4800194B0360002343608360C3604FF48062D6
:101A5800026143618361C3610362436201F010FC68
:101A680030B9104BE3649C633FE7FFF75BFEE3E7A5
:101A7800FFF758FEF5E700BF00300140003800408E
:101A880000380240000402405C0300205864024011
:101A9800FC02002010640240000802401C040020E0
:101AA80070600240BC0300205860024082B00021F0
:101AB80000910B4B5A6C42F480425A645A6C02F4FF
:101AC80080420092009A01911A6C42F080521A6486
:101AD8001B6C03F080530193019B02B0704700BF59
:101AE80000380240FEE7FEE7FEE7FEE7FEE7704744
:101AF8007047704708B50A4A136801331360094BE9
:101B08001B78DBB2012B02D000F00CFC08BD054BA2
:101B180000221A70044A136801331360F4E700BF07
:101B2800286B0020346B0020246B002008B5024885
:101B380001F09EFC08BD00BF8407002008B50248DC
:101B480001F096FC08BD00BFBC03002008B50248A0
:101B580001F08EFC08BD00BF1C04002008B5024837
:101B680001F086FC08BD00BFC406002008B5024885
:101B780001F07EFC08BD00BF2407002008B5002046
:101B880008F07CFE014801F069F908BD2C0200202C
:101B980008B5024801F062F908BD00BF2C02002018
:101BA80008B5024804F0DEFB08BD00BF2C05002084
:101BB80008B5024803F028FB08BD00BF5402002006
:101BC80008B5024803F020FB08BD00BFA8020020AA
:101BD80008B5024803F0E8FB08BD00BFA8020020D2
:101BE80008B5024805F088F908BD00BFE4070020E1
:101BF80008B5024805F080F908BD00BF2808002094
:101C080008B5024805F078F908BD00BF6C08002047
:101C180008B5024801F02CFC08BD00BFFC020020FA
:101C280008B5024801F024FC08BD00BFCC01002023
:101C380008B5024801F01CFC08BD00BF6C0100207B
:101C480008B5024801F014FC08BD00BF5C03002081
:101C580008B5024801F00CFC08BD00BF0C010020CB
:101C680008B5024801F004FC08BD00BF04060020C6
:101C780008B5024801F0FCFB08BD00BF640600205F
:101C8800034AD2F8883043F47003C2F888307047AA
:101C980000ED00E000B58DB00023089309930A9386
:101CA8000B9303930493059306930793019302936D
:101CB8001A481B4A0260A7224260836040F2E7325A
:101CC800C26003614361836104F06EFCD0B94FF4D4
:101CD8008053089308A9114804F06BFDA8B90023A4
:101CE8000393049303A90D4804F03EFE80B9002332
:101CF8000193029301A9094804F060FE58B90DB098
:101D08005DF804FBFFF70EFDE1E7FFF70BFDE6E7E3
:101D1800FFF708FDEBE7FFF705FDF0E72C050020CE
:101D28000000014000B587B0002304930593009399
:101D380001930293039316484FF080420260436078
:101D480083604FF0FF32C2600361836104F058FC86
:101D5800A8B900230493059304A90D4804F02EFEA6
:101D680080B90022009201230193029203926946EE
:101D7800074804F0AFFC40B907B05DF804FBFFF773
:101D8800D1FCE6E7FFF7CEFCEBE7FFF7CBFCF3E788
:101D98007405002000B587B00023049305930093D1
:101DA8000193029303931648164A026043608360C6
:101DB8004FF6FF72C2600361836104F021FCA8B989
:101DC80000230493059304A90D4804F0F7FD80B996
:101DD8000022009201230193029203926946084867
:101DE80004F078FC40B907B05DF804FBFFF79AFCF3
:101DF800E6E7FFF797FCEBE7FFF794FCF3E700BF94
:101E0800BC0500200004004002680E4B9A4200D036
:101E1800704700B583B00022019203F59C33596CDA
:101E280041F0010159645B6C03F001030193019BCC
:101E38000121192001F04AF9192001F07FF903B0B6
:101E48005DF804FB0000014000B58BB0002305934A
:101E580006930793089309930368B3F1804F05D05D
:101E6800244A934225D00BB05DF804FB0021019170
:101E780003F50E331A6C42F001021A641A6C02F070
:101E880001020192019A02911A6B42F001021A634F
:101E98001B6B03F001030293029B4FF4004305936D
:101EA800022306930123099305A9134801F0D2FBE5
:101EB800D9E700210391114B1A6C42F002021A640F
:101EC8001A6C02F002020392039A04911A6B42F010
:101ED80004021A631B6B03F004030493049B40235E
:101EE800059302230693099305A9054801F0B2FB5F
:101EF800B9E700BF0004004000000240003802407B
:101F08000008024008B50A480A4B03604FF4E13361
:101F1800436000238360C36003610C2242618361D4
:101F2800C36104F089FE00B908BDFFF7FBFBFBE7BE
:101F3800E40700200010014008B50A480A4B036076
:101F48004FF41643436000238360C36003610C228F
:101F580042618361C36104F06FFE00B908BDFFF7F9
:101F6800E1FBFBE7280800200044004008B50A48C8
:101F78000A4B03604FF49643436000238360C360B9
:101F880003610C2242618361C36104F055FE00B90C
:101F980008BDFFF7C7FBFBE76C08002000480040BE
:101FA8002DE9F0418CB00446002307930893099368
:101FB8000A930B930368954A934209D0944A934233
:101FC80068D0944A934200F0C4800CB0BDE8F08118
:101FD80000250095904B5A6C42F010025A645A6CD6
:101FE80002F010020092009A01951A6B42F0010269
:101FF8001A631B6B03F001030193019B4FF4C06349
:1020080007930223089303230A9307230B9307A933
:10201800824801F01FFB8248824B03604FF0006347
:1020280043608560C5604FF48063036145618561E5
:102038004FF48073C3610562456201F021F918BB52
:10204800774BA3639C637848784B03604FF0006339
:102058004360402383600023C3604FF480620261C1
:1020680043618361C3610362436201F009F970B996
:102078006D4B63639C6300220621252001F026F83E
:10208800252001F05BF8A0E7FFF74CFBD8E7FFF746
:1020980049FBEDE7002502955F4B1A6C42F40032CC
:1020A8001A641A6C02F400320292029A03951A6BAF
:1020B80042F008021A631B6B03F008030393039BA7
:1020C800602307930223089303230A9307230B93A0
:1020D80007A9574801F0BEFA5648574B03604FF01E
:1020E8000063436040238360C5604FF480630361ED
:1020F80045618561C5610562456201F0C1F810BBA3
:102108004C4B63639C634D484D4B03604FF0006339
:10211800436000238360C3604FF4806202614361BF
:102128008361C3610362436201F0AAF870B9434B4B
:10213800A3639C6300220621262000F0C7FF262007
:1021480000F0FCFF41E7FFF7EDFAD9E7FFF7EAFAFD
:10215800EDE700250495304B1A6C42F480221A648E
:102168001A6C02F480220492049A05951A6B42F0C4
:1021780002021A631A6B02F002020592059A06958A
:102188001A6B42F008021A631B6B03F008030693EC
:10219800069B4FF4006307934FF00208CDF82080A8
:1021A80003270A9707260B9607A9264801F052FA33
:1021B8004FF480730793CDF8208009950A970B9602
:1021C80007A91B4801F046FA1F48204B03604FF04F
:1021D800006343608560C5604FF4806303614561B7
:1021E8008561C5610562456201F04AF858B9164B28
:1021F800A3639C6300220621272000F067FF2720A5
:1022080000F09CFFE1E6FFF78DFAF0E700100140CF
:1022180000440040004800400038024000000240EE
:10222800040600208864024064060020B864024066
:10223800000C024024070020A0600240C4060020D1
:1022480088600240000402408407002028600240A1
:10225800DFF834D00D480E490E4A002302E0D45866
:10226800C4500433C4188C42F9D30B4A0B4C0023D6
:1022780001E013600432A242FBD3FFF701FD0BF02B
:10228800DBF8FFF7A9FA70470000022000000020E1
:102298001800002038D7000818000020C475002056
:1022A800FEE7000010B504460E4B18784FF47A7319
:1022B800B3FBF0F30C4A1068B0FBF3F000F04CFFEE
:1022C80068B90F2C01D901200AE0002221464FF0FD
:1022D800FF3000F0FBFE054B1C60002000E00120F1
:1022E80010BD00BF040000200000002008000020EE
:1022F80008B50B4B1A6842F400721A601A6842F467
:1023080080621A601A6842F480721A60032000F032
:10231800CBFE0020FFF7C6FFFFF7C8FB002008BD73
:10232800003C0240034A1168034B1B780B441360BE
:10233800704700BFB008002004000020014B186857
:10234800704700BFB008002038B50446FFF7F6FF15
:102358000546B4F1FF3F02D0044B1B781C44FFF73D
:10236800EDFF401BA042FAD338BD00BF0400002097
:102378004A4B5A6822F440325A605A6841680A4304
:102388005A600268536823F4807353600268536884
:10239800016943EA012353600268536823F04073DC
:1023A80053600268536881680B43536002689368FE
:1023B80023F40063936002689368C1680B439360D9
:1023C800826A374B9A4257D00268936823F0706349
:1023D800936002689368816A0B439360026893680C
:1023E80023F04053936002689368C16A0B4393607B
:1023F8000268936823F00203936002689368017E81
:1024080043EA4103936090F82030002B3FD00268E4
:10241800536843F4006353600268536823F46043CD
:10242800536001684B68426A013A43EA42334B60A1
:102438000268D36A23F47003D3620168CB6AC26965
:10244800013A43EA0253CB620268936823F40073AB
:1024580093600268936890F8301043EA41239360D0
:102468000268936823F48063936002689368416903
:1024780043EA8123936070470268936823F070638E
:1024880093600268936823F040539360B0E7026852
:10249800536823F400635360CAE700BF0023014078
:1024A8000100000F38B310B50446036C43B1236C28
:1024B80013F0100F0BD00120002384F83C3010BD1E
:1024C800FEF7ACFD0023636484F83C30EFE7236C2F
:1024D80023F4885323F0020343F0020323642046C5
:1024E800FFF746FF00206064236C23F0030343F0EA
:1024F80001032364E0E701207047000010B582B0B3
:1025080013460022019290F83C20012A00F0AE8088
:102518000446012280F83C200268906810F0010F00
:1025280013D1906840F001009060534A1068534AF4
:10253800A2FB0020800C00EB4000019002E0019813
:102548000138019001980028F9D12268906810F4A8
:10255800807F03D0906820F4807090602268906833
:1025680010F0010F77D0206C20F4E06020F001001B
:1025780040F480702064526812F4806F05D0226C99
:1025880022F4405242F480522264226C12F4805F9A
:1025980036D0626C22F006026264002284F83C2085
:1025A800A26B3748D063A26B36481064A26B3648DA
:1025B800D06422686FF0220010602068426842F000
:1025C800806242602068826842F48072826020687B
:1025D8000A4600F14C01A06B00F0B8FE2B4B5B687B
:1025E80013F01F0F27D12368294A934211D002F50F
:1025F8008072934207D0274A934214D0002033E0D8
:1026080000226264C9E702F50072526812F01F0FD7
:10261800F1D19A6812F0405F2AD19A6842F080425C
:102628009A60002020E002F58072526812F0100FC4
:10263800EFD0002018E02368154A934201D000200B
:1026480012E09A6812F0405F14D19A6842F0804212
:102658009A60002008E0236C43F010032364636C45
:1026680043F001036364002002B010BD0220FBE7C1
:102678000020F9E70020F7E70000002083DE1B4375
:10268800C5260008A3260008AF260008002301403D
:102698000020014000220140704708B5806BFFF719
:1026A800FBFF08BD704708B5806B40230364436C8B
:1026B80043F004034364FFF7F5FF08BD08B503467C
:1026C800806B026C12F0500F25D1036C43F4007339
:1026D800036403689A6812F0405F19D1027EBAB9A0
:1026E800DA6A12F4700F03D09A6812F4806F0FD16F
:1026F8005A6822F020025A60036C23F48073036442
:10270800036C13F4805F03D1036C43F0010303648B
:1027180007F030FB08BD026C12F0100F04D1826B79
:10272800D26C18469047F5E7FFF7BCFFF2E70000C8
:1027380030B482B00023019390F83C30012B00F0B4
:10274800BB80012380F83C300B68092B41D9046811
:10275800E2689BB203EB43031E3B4FF0070C0CFAF5
:1027680003F322EA0303E3600468E2680B8803EBDF
:1027780043031E3B8D6805FA03F31343E3604B687C
:10278800062B3DD80468626B03EB8303053B4FF0CF
:102798001F0C0CFA03F322EA030363630468626BF9
:1027A8004B6803EB8303053BB1F800C00CFA03F355
:1027B800134363630268414B9A4251D002683F4B0E
:1027C8009A4256D0002380F83C30184602B030BCFC
:1027D8007047046822699BB203EB43034FF0070C70
:1027E8000CFA03F322EA03032361046822690B88C5
:1027F80003EB43038D6805FA03F313432361BEE734
:102808000C2B16D805682A6B03EB8303233B1F2484
:1028180004FA03F322EA03032B6305682A6B4B6867
:1028280003EB8303233B0C8804FA03F313432B6362
:10283800C0E70568EA6A03EB8303413B1F2404FAF7
:1028480003F322EA0303EB620568EA6A4B6803EBC9
:102858008303413B0C8804FA03F31343EB62A9E7B3
:102868000B68122BAAD1164A536843F480035360AD
:10287800A4E70B68103B012BA4D8114A536843F412
:10288800000353600B68102B9CD10E4B1B6802F1A0
:10289800467202F52E3202F28332A2FB03239B0C0E
:1028A80003EB83035B00019302E0019B013B01936F
:1028B800019B002BF9D185E7022087E70020014022
:1028C8000023014000000020002800F0A18038B556
:1028D800044690F82030D3B12268136843F001030E
:1028E8001360FFF72BFD054623685A6812F0010FA5
:1028F80010D1FFF723FD401B0A28F5D9636A43F47A
:1029080000336362052384F82030012038BDFEF7C8
:1029180089FCE1E71A6822F002021A60FFF70EFD4F
:10292800054623685A6812F0020F0DD0FFF706FD1E
:10293800401B0A28F5D9636A43F400336362052310
:1029480084F820300120E1E7227E012A3DD01A6870
:1029580022F080021A60637E012B3BD02268136844
:1029680023F040031360A37E012B39D0226813683B
:1029780023F020031360E37E012B37D0226813680D
:1029880043F010031360237F012B35D022681368AE
:1029980023F008031360637F012B33D02268136888
:1029A80023F004031360A368E26813432269134306
:1029B800626913436268013A21681343CB610020BE
:1029C8006062012384F82030A0E71A6842F0800290
:1029D8001A60C0E72268136843F040031360C2E737
:1029E8002268136843F020031360C4E72268136861
:1029F80023F010031360C6E72268136843F0080346
:102A08001360C8E72268136843F004031360CAE739
:102A18000120704790F82030013BDBB2012B05D92B
:102A2800436A43F4802343620120704730B5464B24
:102A3800D3F8002242F00102C3F80022D3F80022A2
:102A480022F47C52C3F80022D3F80022486A42EAF2
:102A58000022C3F800224A6902F01F02012000FA8E
:102A680002F2D3F81C026FEA020C20EA0200C3F853
:102A78001C02CB69C3B9344BD3F80C020CEA000032
:102A8800C3F80C028C884869CD6844EA054448308C
:102A980043F830408C68088840EA04404C6904F1E7
:102AA800480E03EBCE035860CB69012B1ED08B690F
:102AB800002B33D12448D0F804320CEA0303C0F8C1
:102AC80004320B698BBB2048D0F814320CEA03039C
:102AD800C0F814320B6A012B2ED01B4AD2F80032F0
:102AE80023F00103C2F80032002030BD164BD3F8A2
:102AF8000C021043C3F80C028C8848690D6844EA3C
:102B08000544483043F8304088894C698D6840EA6C
:102B18000540483403EBC4035860C8E70A48D0F8B6
:102B280004321343C0F80432CBE70748D0F8143214
:102B38001343C0F81432CDE70349D1F81C321A43C5
:102B4800C1F81C22C9E700BF0064004070B5044604
:102B580090F82050EDB2012D06D0436A43F40023CB
:102B680043620125284670BD022380F820300268A0
:102B7800136823F001031360FFF7E0FB06462368A0
:102B88005B6813F0010F0CD0FFF7D8FB831B0A2BEF
:102B9800F5D9636A43F400336362052384F820306F
:102BA800E0E700256562DDE730B590F820C00468ED
:102BB800A4680CF1FF3C5FFA8CFCBCF1010F6BD8E8
:102BC80014F0E05F62D0C4F3016CBCF1020F05D9C8
:102BD800436A43F400034362012062E0012404FADB
:102BE8000CF41C608B68002B3DD10D68CB68046821
:102BF80043EA45550CF118031B01E55003680C69BD
:102C08000CF1180E03EB0E135C600B7D012B35D015
:102C1800D17993791B0443EA0163517943EA01238B
:102C280014790168234301EB0C11C1F88C31D17878
:102C380093781B0443EA0163517843EA012311782E
:102C480002680B4302EB0C12C2F8883102680CF1DF
:102C5800180C4FEA0C1C52F80C3043F0010342F8F0
:102C68000C3000201DE04C6843EAC403CC682343C1
:102C78000CF11804240105682B51BFE7036803EB26
:102C88000E13596841F480715960C1E7436A43F4EF
:102C980000134362012004E0436A43F48023436243
:102CA800012030BD90F82030013BDBB2012B01D967
:102CB800002070470368986810F0806000D00120F9
:102CC8009A6812F0006F00D001309B6813F0805FA3
:102CD800EFD00130704790F820C00CF1FF3C5FFA4C
:102CE8008CFCBCF1010F00F2958030B451B9046836
:102CF800E46814F0030F10D1436A43F400134362ED
:102D0800012077E00468246914F0030F05D1436AB1
:102D180043F40013436201206CE001F11B04240119
:102D280005682C5904F004049460002C64D101F166
:102D38001B04240105682C59640D1460046801F112
:102D48001B0C4FEA0C1C54F80C4004F00204D4602D
:102D580004686444646804F00F04146104686444FB
:102D68006468C4F307249461046864446468240CA8
:102D78005461026802EB0112D2F8B8211A70026895
:102D880002EB0112D2F8B821C2F307225A70026886
:102D980002EB0112D2F8B821C2F307429A70026816
:102DA80002EB0112D2F8B821120EDA70026802EBB7
:102DB8000112D2F8BC211A71026802EB0112D2F892
:102DC800BC21C2F307225A71026802EB0112D2F841
:102DD800BC21C2F307429A71026802EB0112D2F8D1
:102DE800BC21120EDA7179B90268D36843F0200366
:102DF800D360002030BC704701F11B042401056832
:102E08002C59E408546099E70268136943F02003D9
:102E18001361EEE7436A43F480234362012070475D
:102E280090F82030013BDBB2012B05D9436A43F40B
:102E38008023436201207047026853691943516136
:102E48000020704770477047704770477047704759
:102E58007047704770477047704770472DE9F84FC3
:102E6800054603685C69D3F804809F68D3F80CB002
:102E7800D3F810A0D3F8189014F001063BD017F03F
:102E8800010616D001229A6017F0020F08D117F038
:102E9800040F0CD117F0080606D04FF4805608E04E
:102EA800FFF7D0FF002604E0FFF7CFFF01E04FF463
:102EB800006617F4807F0DD02B684FF480729A60FB
:102EC80017F4007F40F0868017F4806F00F086804A
:102ED80046F4005617F4803F0DD02B684FF480322B
:102EE8009A6017F4003F40F0838017F4802F00F0B9
:102EF800838046F4004614F0080F07D01BF0100F2B
:102F080004D046F400762B681022DA6014F0040F1F
:102F180002D01BF0080F79D114F0020F04D02B68EF
:102F2800DB6813F0030F78D114F0400F07D01AF0C4
:102F3800100F04D046F480662B6810221A6114F032
:102F4800200F02D01AF0080F6BD114F0100F04D024
:102F58002B681B6913F0030F6AD114F4003F02D0E9
:102F680018F0100F68D114F4803F02D018F0080F41
:102F780069D114F4004F7AD018F0040F74D014F407
:102F8800807F04D019F0010F01D046F0010614F437
:102F9800007F04D019F0020F01D046F0020614F4A5
:102FA800806F04D019F0040F01D046F0040614F421
:102FB800006F59D019F0700956D0B9F1400F65D09B
:102FC80058D8B9F1200F5ED0B9F1300F42D146F090
:102FD800200644E02846FFF736FF7BE717F4006F2A
:102FE80002D046F4804675E72846FFF72FFF71E7C1
:102FF8002846FFF729FF7EE717F4002F02D046F492
:10300800803678E72846FFF722FF74E72B68082206
:10301800DA602846FFF71CFF7EE7284607F0A4FC85
:1030280082E72B6808221A612846FFF713FF8CE70E
:103038002846FFF70EFF90E72B6810225A602846B3
:10304800FFF709FF8FE72B6808225A602846FFF729
:1030580003FF8EE7B9F1100F01D146F008062A6880
:10306800936923F0700393612B6804225A609EB918
:10307800BDE8F88FB9F1500F0BD0B9F1600FEED160
:1030880046F48076EBE746F01006E8E746F040069F
:10309800E5E746F08006E2E76B6A1E436E62284663
:1030A800FFF7DBFEE4E70000074AD36823F4E06398
:1030B8001B041B0C000200F4E060034343F0BF63F1
:1030C80043F40033D360704700ED00E000B5194BBE
:1030D800DB68C3F30223C3F1070CBCF1040F28BF5C
:1030E8004FF0040C03F1040EBEF1060F18D9033B90
:1030F8004FF0FF3E0EFA0CFC21EA0C0199400EFA43
:1031080003F322EA0303194300280BDB0901C9B2C0
:1031180000F1604000F5614080F800135DF804FBA1
:103128000023E5E700F00F000901C9B2024B19546A
:10313800F4E700BF00ED00E014ED00E0002807DB35
:1031480000F01F02400901239340024A42F8203050
:10315800704700BF00E100E00138B0F1807F0BD27A
:103168004FF0E0235861054AF02182F8231000202F
:10317800986107221A6170470120704700ED00E04E
:1031880030B405682C6824F480242C6004686360DB
:103198008368402B05D0036899600368DA6030BC07
:1031A800704703689A600368D960F8E710B4036849
:1031B800D9B210390C4AA2FB014212090B4CA25C8D
:1031C800C2655F2909D923F47F7323F0030304330D
:1031D8008365806D5DF8044B704723F47F7323F09B
:1031E80003038365F5E700BFABAAAAAA04D50008C4
:1031F800836A826992B9012B0AD0022B02D00BB1E3
:1032080000207047C36A13F0807F28D100207047E0
:10321800C36AB3F1C07F24D000207047B2F5005FC5
:1032280009D0022B25D9032B25D1C36A13F0807F3F
:1032380023D100207047032B03D8DFE803F01404E0
:10324800140A00207047C36A13F0807F0DD1002054
:103258007047C36AB3F1C07F09D0002070470120CE
:1032680070470120704701207047012070470120F6
:103278007047012070470020704701207047000008
:1032880070B50446FFF75AF8002C5BD005460223B8
:1032980084F83530002384F834302268136823F02A
:1032A8000103136023681A6812F0010F0AD0FFF7B0
:1032B80045F8431B052BF5D920236365032084F8C3
:1032C800350070BD1A68204810406168A2680A433A
:1032D800E1680A4321690A4361690A43A1690A430B
:1032E800E1690A43216A0A430243616A04291ED03C
:1032F8001A602668756925F00705636A1D43042B63
:1033080007D1A36A1D43E36A1BB12046FFF770FF8C
:1033180090B975612046FFF749FFE26D3F2393405E
:10332800836000206065012384F83530C9E7E16ACD
:10333800206B01430A43DBE740236365012084F8DF
:103348003500BEE70120BCE73F8010F038B50446E1
:10335800856D90F8340001282BD0012084F83400C2
:1033680094F83500C0B2012804D0002384F8343022
:10337800022038BD022084F8350000206065204610
:10338800FFF7FEFEE26D3F239340AB6022681368AF
:1033980043F016031360236C23B12268136843F0CB
:1033A800080313602268136843F0010313600020C8
:1033B800DFE70220DDE770B50446866DFEF7BEFF45
:1033C80094F83530DBB2022B06D0802363650023E6
:1033D80084F83430012070BD05462268136823F054
:1033E800160313602268536923F080035361236C2A
:1033F800E3B12268136823F0080313602268136896
:1034080023F00103136023681B6813F0010F11D028
:10341800FEF794FF431B052BF5D920236365032092
:1034280084F83500002384F83430D4E7A36C002BEB
:10343800DFD1E3E7E26D3F239340B360012384F8D3
:103448003530002084F83400C5E790F83530DBB219
:10345800022B03D08023436501207047052380F8A1
:1034680035300268136823F00103136000207047A9
:10347800F0B583B0044600230193724B1D68724B6C
:10348800A3FB0535AD0A876D3E68C26D08239340DE
:10349800334210D003681A6812F0040F0BD01A6870
:1034A80022F004021A60C26D08239340BB60436D8A
:1034B80043F001034365E26D01239340334209D091
:1034C8002268526912F0800F04D0BB60636D43F02C
:1034D80002036365E26D04239340334209D02268F6
:1034E800126812F0020F04D0BB60636D43F004034E
:1034F8006365E26D10239340334224D0226812683A
:1035080012F0080F1FD0BB6023681A6812F4802FCE
:103518000DD01B6813F4002F04D1236C9BB12046F7
:10352800984710E0A36C73B1204698470BE01A68DF
:1035380012F4807F03D11A6822F008021A60236C03
:103548000BB120469847E26D20239340334255D073
:103558002268126812F0100F50D0BB6094F8353012
:10356800DBB2052B0ED023681A6812F4802F33D0F3
:103578001B6813F4002F2AD1636C002B3ED0204621
:1035880098473BE02268136823F01603136022680B
:10359800536923F080035361236CA3B12268136835
:1035A80023F008031360E26D3F239340BB600123BF
:1035B80084F83530002384F83430236D002B3FD055
:1035C800204698473CE0A36C002BE7D1EBE7E36B80
:1035D800A3B12046984711E01A6812F4807F09D1F8
:1035E8001A6822F010021A60012384F8353000238B
:1035F80084F83430E36B0BB120469847636DFBB118
:10360800636D13F0010F17D0052384F83530226855
:10361800136823F001031360019B01330193AB424C
:1036280004D823681B6813F0010FF5D1012384F82F
:103638003530002384F83430E36C0BB120469847CA
:1036480003B0F0BD00000020B5814E1B90F8350096
:103658007047000000230F2B00F2E48070B582B0A1
:1036680060E085685E000324B44025EA0405CC6860
:10367800B4402C438460456825EA02054C68C4F3CD
:1036880000129A402A4342605AE0DC08083450F895
:10369800246003F0070295000F22AA4026EA020ED2
:1036A8000A69AA4042EA0E0240F824205CE0072298
:1036B80000E0002202FA0EF22A4302345A4D45F87D
:1036C80024205A4A94686FEA0C0224EA0C054E68D2
:1036D80016F4801F01D04CEA0405544CA560E46838
:1036E80002EA04054E6816F4001F01D04CEA0405EE
:1036F8004E4CE560646802EA04054E6816F4003F23
:1037080001D04CEA0405494C6560246822404D68A4
:1037180015F4803F01D04CEA0402444C2260013386
:103728000F2B7DD801229A400C6804EA020C32EA79
:103738000404F4D14C6804F00304013C012C90D932
:103748004A6802F00302032A09D0C4685D00032214
:10375800AA4024EA02048A68AA402243C2604A684E
:1037680002F00302022A90D004684FEA430E0322B3
:1037780002FA0EF224EA02044A6802F0030202FA8C
:103788000EF2224302604A6812F4403FC7D000227A
:103798000192274A546C44F480445464526C02F4F5
:1037A80080420192019A9C08A51C1F4A52F8255094
:1037B80003F003024FEA820E0F2202FA0EF225EA04
:1037C80002051C4A90423FF474AF02F580629042B1
:1037D8001AD002F58062904218D002F580629042B9
:1037E80016D002F58062904214D002F580629042B1
:1037F80012D002F58062904210D002F580629042A9
:103808003FF455AF082255E7012253E7022251E75A
:1038180003224FE704224DE705224BE7062249E73A
:1038280002B070BD704700BF00380140003C014045
:1038380000380240000002400AB181617047090463
:103848008161704790F83E30DBB2402B10D003699D
:10385800B3F5804F1BD0036D002B39D1436CC3F3F4
:10386800C813026803F0060343F0F00313617047BE
:10387800036D2BB9436C026803F0FE0313617047B4
:10388800436C026843F00103DBB21361704790F8A0
:103898003D30DBB2212B0FD0436C026843F00103AB
:1038A800DBB21361436B6BB1DB6B5BB102685368CE
:1038B80043F4006353607047436C026803F0FE03EF
:1038C8001361EFE7836B33B1DB6B002BEED102E0C2
:1038D800036D012B00D07047436CC3F3C813026813
:1038E80003F0060343F0F1031361F4E7436C026845
:1038F800DBB21361436B3BB1DB6B2BB102685368DE
:1039080043F4006353607047836B002BFBD0DB6B81
:10391800002BF3D1F7E710B48BB090F83E30DAB251
:10392800C16A046B90F83D30DBB2222B0BD0002328
:10393800099303685A6909929B690993099B0BB01B
:103948005DF8044B7047036D0BB9402A17D0036D1F
:103958001BB90369B3F5404F19D0438D9BB2002BB7
:1039680025D1029303685A6902929A690292029ACF
:103978001A6842F400721A6000230365DFE70093B7
:1039880003685A6900929B690093009BD7E700235C
:10399800019303685A6901929A690192019A1A6817
:1039A80042F480721A60036D01330365C7E7438DE3
:1039B8009BB2012B25D0438D9BB2022B7BD0026892
:1039C800136843F48063136003685A6812F4006F45
:1039D8000ED011F5803F07D0012905D0082903D062
:1039E800102901D0202903D15A6842F480525A6024
:1039F8000023089303685A6908929B690893089BF7
:103A0800BAE711F5803F11D0082934D0202932D0E7
:103A1800122C2ED0042940D002293ED010293CD0A7
:103A28000268136823F4806313603BE0026813683C
:103A380023F48063136003685A6812F4006F0CD093
:103A48001A6822F480621A600023039303685A6993
:103A580003929B690393039B8EE7002204925A69A1
:103A680004929A690492049A1A6842F400721A60DD
:103A780082E70129CED00268136823F480631360BB
:103A88000023069303685A6906929A690692069A71
:103A98001A6842F400721A606EE70268136843F409
:103AA800806313600023059303685A6905929B6934
:103AB8000593059B60E704290ED002290CD0102934
:103AC8000AD00268136823F48063136002681368DD
:103AD80043F40063136004E00268136843F48063EE
:103AE800136003685A6812F4006F0ED011F5803F16
:103AF80007D0012905D0082903D0102901D0202991
:103B080003D15A6842F480525A600023079303682D
:103B18005A6907929B690793079B2DE7438D9BB2D0
:103B28005BB1426A036812781A61436A01334362DF
:103B3800438D9BB2013B9BB243857047438D9BB23B
:103B48005BB103681A69436A1A70436A01334362B6
:103B5800438D9BB2013B9BB24385704782B00023E3
:103B680001930E4B1B68DB080D4AA2FB03231B0ABB
:103B780003EB83030193019B013B0193019B33B149
:103B880003681B6813F4007FF5D1002004E0036C80
:103B980043F020030364012002B0704700000020B6
:103BA80089B5F81403685A6912F4806F01D10020AE
:103BB80070476FF480625A6100230363202280F803
:103BC8003D2080F83E30026C42F00402026480F826
:103BD8003C3001207047C36AB3F52A0F04D0C36A8A
:103BE800B3F12A4F03D070470123C36270470823FB
:103BF800C362F8E72DE9F04107460D4690461E4698
:103C080024E0FEF79BFB069BC01AB04200D8EEB931
:103C180000233B63202287F83D2087F83E303A6C2A
:103C280042F020023A6487F83C3001201EE03B68ED
:103C38009C6925EA040C1FFA8CFCBCFA8CFC4FEA40
:103C48005C1CE04511D1B6F1FF3FDAD1C5F307435B
:103C5800012BECD13B685B6925EA030C1FFA8CFC4D
:103C6800BCFA8CFC4FEA5C1CEBE70020BDE8F08155
:103C78002DE9F04105460E46174698463DE01A687C
:103C880042F400721A602B686FF480625A61002354
:103C98002B63202285F83D2085F83E302A6C42F0BF
:103CA80004022A6485F83C30012034E0FEF746FB24
:103CB800A0EB0800B84200D8FFB900232B632022EC
:103CC80085F83D2085F83E302A6C42F020022A64AF
:103CD80085F83C3001201EE02B689C6926EA040424
:103CE800A4B2003C18BF0124A4B12B685A6912F48D
:103CF800806FC4D1B7F1FF3FD8D1C6F30743012B7A
:103D0800EAD12B685C6926EA0404A4B2003C18BF17
:103D18000124E9E70020BDE8F08170B504460D46AE
:103D2800164623685B6913F0800F1CD12046FFF705
:103D380039FFD0B9B5F1FF3FF3D0FEF7FFFA801B8A
:103D4800A84201D8002DECD100232363202284F857
:103D58003D2084F83E30226C42F02002226484F830
:103D68003C30012000E0002070BD0120FCE700008D
:103D78002DE9F04385B004460D4691461F46DDF80F
:103D880030800D9E0368196841F4807119600096AF
:103D9800434600224FF00111FFF72CFF60B923685A
:103DA80005F0FE051D613346424626492046FFF7C9
:103DB8005FFF68B1012008E023681B6813F4807F67
:103DC80002D04FF400732364032005B0BDE8F083EC
:103DD8000023039323685A6903929B690393039B07
:103DE800324641462046FFF798FF30B9012F0FD1E0
:103DF80023685FFA89F61E61E7E7236C042B01D07C
:103E08000120E2E72268136843F400731360F7E7C0
:103E180023684FEA19221A61324641462046FFF7C5
:103E28007CFF20B923685FFA89F61E61CDE7236C11
:103E3800042B01D00120C8E72268136843F40073FB
:103E48001360F7E7020001002DE9F04784B004464B
:103E58000D46164699460C9FDDF8348002681368B3
:103E680043F4806313600368196841F48071196032
:103E7800CDF800803B4600224FF00111FFF7BAFE53
:103E880070B95FFA85FA236805F0FE051D6143469F
:103E98003A4641492046FFF7EBFE68B1012008E0A9
:103EA80023681B6813F4807F02D04FF400732364E7
:103EB800032004B0BDE8F0870023039323685A6900
:103EC80003929B690393039B424639462046FFF7BA
:103ED80024FF80B9B9F1010F18D12368F6B21E6129
:103EE800424639462046FFF718FF68B3236C042B77
:103EF80024D00120DDE7236C042B01D00120D8E772
:103F08002268136843F400731360F7E72368320AE2
:103F18001A61424639462046FFF7FFFE18B9236862
:103F2800F6B21E61DCE7236C042B01D00120C0E748
:103F38002268136843F400731360F7E72268136874
:103F480043F400731360D4E72268136843F4807362
:103F58001360CDF800803B4600224FF00111204647
:103F6800FFF748FE68B922684AF001031361434627
:103F78003A4609492046FFF77BFE002899D00120E0
:103F880097E723681B6813F4807F02D04FF400730F
:103F9800236403208DE700BF0200010070B50446CA
:103FA8000D46164623685B6913F0040F1CD12046A2
:103FB800FFF7F8FDD0B9B5F1FF3FF3D0FEF7BEF932
:103FC800801BA84201D8002DECD1002323632022B6
:103FD80084F83D2084F83E30226C42F020022264AE
:103FE80084F83C30012000E0002070BD0120FCE78F
:103FF80070B505460C4616462B68596911F0400FF6
:1040080029D1596911F0100F15D1FEF797F9801BC6
:10401800A04201D8002CEFD100232B63202285F881
:104028003D2085F83E302A6C42F020022A6485F84B
:104038003C30012070BD6FF010025A6100232B63E1
:10404800202285F83D2085F83E302A6C2A6485F8C0
:104058003C300120EEE70020ECE70000002800F0EB
:10406800CC8070B5044690F83D30002B77D02423DF
:1040780084F83D302268136823F001031360226836
:10408800136843F4004313602268136823F4004361
:10409800136001F0F3FC62685A4B9A4264D85A4B99
:1040A80098428CBF00230123002B40F0A880574979
:1040B800A1FB00318B0C25686A6822F03F0242EAB6
:1040C80091426A6021680A6A22F03F0266684D4D93
:1040D800AE424FD8013313430B622168CA6922F4F8
:1040E8004F4222F0FF026668464B9E424CD8431E60
:1040F8007600B3FBF6F3013340F6FC70034278D048
:10410800C3F30B031343CB6121680B6823F0C0038F
:10411800E269206A024313430B6021688B6823F429
:10412800034323F0FF032269E068024313438B60D3
:104138002168CB6823F0FF036269A0690243134337
:10414800CB602268136843F00103136000202064E9
:10415800202384F83D30206384F83E0070BD80F849
:104168003C30FDF767FA82E7294B98428CBF002361
:10417800012399E74FF4967505FB03F3254DA5FB3D
:1041880003539B090133A6E7A368BBB9451E06EB99
:10419800460CB5FBFCF50135C5F30B05B5FA85F5FD
:1041A8006D0945BBC3B9013806EB4603B0FBF3F311
:1041B8000133C3F30B0343F40043A3E7451E06EBA7
:1041C800860C0CEB8C0CB5FBFCF50135C5F30B0527
:1041D800B5FA85F56D09E4E7013806EB860303EBCC
:1041E8008303B0FBF3F30133C3F30B0343F44043FE
:1041F80088E7042386E7012384E70120704701202C
:10420800ACE700BFA08601007F841E0083DE1B434D
:10421800FF083D00D34D62102DE9F04383B00446FA
:104228000F46904699460C9EFEF788F8054694F886
:104238003D00C0B2202803D0022003B0BDE8F083BF
:104248000095192301224B492046FFF7D3FC00288B
:1042580040F0898094F83C30012B00F086800123DF
:1042680084F83C3023681A6812F0010F03D11A68E9
:1042780042F001021A602268136823F40063136095
:10428800212384F83D30402384F83E300023236402
:104298000A9B6362BDF82C306385638D2385364B9A
:1042A800E362019500964B46424639462046FFF7A1
:1042B8005FFD00285BD1238D002B35D02A4631467F
:1042C8002046FFF72AFD20BB626A236812781A612C
:1042D800626A531C6362218D013989B22185638D1D
:1042E8009BB2013B9BB263852368586910F0040FA9
:1042F800E1D00029DFD052781A61636A0133636222
:10430800238D013B2385638D9BB2013B9BB2638563
:10431800D1E7236C042B01D001208EE722681368B3
:1043280043F400731360F7E72A4631462046FFF747
:1043380035FE50B1236C042B01D001207DE72268A3
:10434800136843F400731360F7E72268136843F4B3
:1043580000731360202384F83D30002384F83E3036
:1043680084F83C3069E7022067E7022065E701200E
:1043780063E700BF020010000000FFFF2DE9F043D3
:1043880087B004460F4690469946109EFDF7D6FF23
:10439800054694F83D00C0B2202804D002273846CC
:1043A80007B0BDE8F083009519230122884920460B
:1043B800FFF720FC002840F0438194F83C30012BA3
:1043C80000F04081012384F83C3023681A6812F019
:1043D800010F03D11A6842F001021A6022681368BB
:1043E80023F400631360222384F83D30402384F8CB
:1043F8003E30002323640E9B6362BDF83C30638526
:10440800638D2385734BE362019500964B464246C4
:1044180039462046FFF718FD0746002840F014816A
:10442800238D5BB9029323685A6902929A690292B2
:10443800029A1A6842F400721A6075E0012B0AD0D9
:10444800022B1AD00023059323685A6905929B69A9
:104458000593059B68E02268136823F48063136062
:104468000023039323685A6903929A690392039A73
:104478001A6842F400721A6056E02268136823F43E
:10448800806313602268136843F400631360002399
:10449800049323685A6904929B690493049B43E03C
:1044A8002A4631462046FFF7A3FD002840F0CE807B
:1044B80023681A69636A1A70636A01336362238D19
:1044C800013B2385638D9BB2013B9BB263852BE047
:1044D80000953346002240492046FFF78BFB002811
:1044E80040F0B6802268136843F4007313602368B1
:1044F8001A69636A1A70626A531C6362238D013BEE
:104508002385638D9BB2013B9BB2638523681B693E
:104518005370636A01336362238D013B2385638D86
:104528009BB2013B9BB26385238D002B7FD0032B6D
:1045380054D8012BB4D0022BCAD0009533460022A0
:1045480025492046FFF756FB002840F08380226863
:10455800136823F48063136023681A69636A1A7006
:10456800636A01336362238D013B2385638D9BB2AC
:10457800013B9BB2638500953346002216492046CD
:10458800FFF738FB002867D12268136843F40073EB
:10459800136023681A69636A1A70626A531C63623B
:1045A800238D013B2385638D9BB2013B9BB26385C1
:1045B80023681B695370636A01336362238D013B6F
:1045C8002385638D9BB2013B9BB26385ACE700BF3B
:1045D800020010000000FFFF040001002A463146D7
:1045E8002046FFF705FD002838D123681A69636A59
:1045F8001A70626A531C6362238D013B2385638DA5
:104608009BB2013B9BB263852368596911F0040F83
:104618008AD01B695370636A01336362238D013B3F
:104628002385638D9BB2013B9BB263857CE7202386
:1046380084F83D30002384F83E3084F83C30AEE600
:104648000227ACE60227AAE60127A8E60127A6E684
:104658000127A4E60127A2E60127A0E601279EE696
:1046680030B482B00024019490F83D40E4B2202C8C
:104678005CD1314C2468E408304DA5FB0454240A6D
:1046880004EB840404EB84040194019C013C019430
:10469800019C002C3BD00468A56915F0020FF4D1E9
:1046A80090F83C50012D45D0012580F83C502568F4
:1046B80015F0010F03D1256845F00105256005684F
:1046C8002C6824F400642C60212480F83D404024A8
:1046D80080F83E4000240464049D4562BDF81450EF
:1046E8004585458D0585164DC56241648264C36460
:1046F80004650268136843F48073136080F83C40D3
:104708000268536843F4E063536020460FE00023D7
:104718000363202280F83D2080F83E30026C42F08E
:104728002002026480F83C30012000E0022002B040
:1047380030BC70470220FAE70000002089B5F81461
:104748000000FFFF30B482B00024019490F83D408F
:10475800E4B2202C63D1354C2468E408344DA5FB21
:104768000454240A04EB840404EB84040194019C9B
:10477800013C0194019C002C42D00468A56915F005
:10478800020FF4D190F83C50012D4CD0012580F84F
:104798003C50256815F0010F03D1256845F0010547
:1047A800256005682C6824F400642C60222480F8B5
:1047B8003D40402480F83E4000240464049D456246
:1047C800BDF814504585458D05851A4DC56241646F
:1047D8008264C36404650268136843F480631360E9
:1047E8000268136843F48073136080F83C40038DBB
:1047F80023B10268536843F4E063536000200FE07C
:1048080000230363202280F83D2080F83E30026CAC
:1048180042F02002026480F83C30012000E00220CF
:1048280002B030BC70470220FAE700BF0000002049
:1048380089B5F8140000FFFF70477047704708B546
:1048480090F83D30DAB2438D9BB283B1416A036878
:1048580009781961436A01334362438D9BB2013B76
:104868009BB24385438D9BB20BB9292A00D008BD62
:104878000268536823F48063536021230363282369
:1048880080F83D30FFF7DAFFF1E7704708B590F898
:104898003D30DAB2438D9BB283B103681969436A2C
:1048A8001970436A01334362438D9BB2013B9BB24B
:1048B8004385438D9BB20BB92A2A00D008BD0268F4
:1048C800536823F48063536022230363282380F80A
:1048D8003D30FFF7DAFFF1E7704700B583B090F895
:1048E8003D3003F02803282B0CD0002301930268E5
:1048F8005169019192690192019A80F83C3003B0A4
:104908005DF804FB0268536823F48063536011F078
:10491800040F0BD0002311F0800F09D182890021E8
:1049280080F83C101946FFF7D7FFE8E70123F2E7C4
:10493800028BF4E77047000008B590F83D30DBB211
:10494800C26A082A01D0202A01D1282B06D0212B9F
:104958001ED003686FF480625A6108BD1A4BC362A7
:104968000268536823F4E063536003686FF480625D
:104978005A610268136823F4806313600023036399
:10498800202280F83D2080F83E30FFF7D3FFE4E78F
:104998000D4BC36221230363202380F83D3000239D
:1049A80080F83E300268536823F4E063536003687C
:1049B8006FF480625A610268136823F4806313609D
:1049C800FFF73CFFC9E700BF0000FFFF704708B5CD
:1049D800C26A90F83D30DBB2212B00D008BD438D70
:1049E8009BB263B1426A036812781A61436A013361
:1049F8004362438D9BB2013B9BB24385EEE7082A95
:104A080004D0202A02D012F5803F19D102685368D9
:104A180023F4E06353600268136843F4007313607F
:104A280000230363202380F83D3090F83E30DBB24A
:104A3800402B15D0002380F83E30FFF7FDFECDE770
:104A48000268536823F4E06353601123036300236F
:104A580080F83E30202380F83D30FFF7EDFEBDE7BB
:104A6800002380F83E30FFF7B1FFB7E708B590F8AC
:104A78003D30026D9AB9C36C012B08D0836CC3F327
:104A8800072302681361036D0133036508BD836C56
:104A98000268DBB21361036D02330365F6E7DBB22C
:104AA800026D012A23D0026D022AEFD1222B26D0D3
:104AB800428D92B20AB1212B2AD0428D92B2002A9D
:104AC800E4D1212BE2D10268536823F4E0635360F8
:104AD8000268136843F40073136000230363202201
:104AE80080F83D2080F83E30FFF770FFCEE7836CFA
:104AF8000268DBB21361036D01330365C6E7026820
:104B0800136843F480731360036D01330365BDE7D5
:104B1800426A036812781A61436A01334362438D1B
:104B28009BB2013B9BB24385B0E710B590F83D308E
:104B3800DBB290F83E20D2B2C46A018D09B9212BAC
:104B480004D0212B3BD0402A37D010BD082C04D0EC
:104B5800202C02D014F5803F19D10268536823F441
:104B6800E06353600268136843F400731360002322
:104B78000363202380F83D3090F83E30DBB2402BB1
:104B880015D0002380F83E30FFF756FEDDE70268B7
:104B9800536823F4E063536011230363002380F810
:104BA8003E30202380F83D30FFF746FECDE7002356
:104BB80080F83E30FFF70AFFC7E7222BC5D1438DA7
:104BC8009BB22BB90268536823F480635360BCE737
:104BD80090F83E30DBB2402B0CD0426A0368127862
:104BE8001A61436A01334362438D9BB2013B9BB216
:104BF8004385AAE7FFF73AFFA7E7704708B5C26AF7
:104C0800438D9BB2042B14D0438D9BB2032B22D02F
:104C1800438D9BB2022B39D003681A69436A1A7014
:104C2800436A01334362438D9BB2013B9BB2438588
:104C380010E00268536823F48063536003681A69BC
:104C4800436A1A70436A01334362438D9BB2013B46
:104C58009BB2438508BD01684B6823F480634B60B1
:104C6800042A06D0022A04D00268136823F4806359
:104C7800136003681A69436A1A70436A013343620E
:104C8800438D9BB2013B9BB24385E3E7012A0BD0DE
:104C9800102A09D0042A38D0022A36D002681368AC
:104CA80043F40073136004E00268136823F480631C
:104CB800136003681A69436A1A70426A531C436294
:104CC800438D9BB2013B9BB2438503681B695370BC
:104CD800436A01334362438D9BB2013B9BB24385D8
:104CE8000268536823F440735360202380F83D30F2
:104CF80090F83E30DBB2402B0DD0002380F83E30D8
:104D080012230363FFF799FDA4E70268136843F4CD
:104D180080631360CDE7002380F83E300363FFF71C
:104D28006CFF97E7704790F83D30DBB2222B00D03C
:104D3800704710B50446438D9BB2032B15D9036801
:104D48001A69436A1A70436A01334362438D9BB2FE
:104D5800013B9BB24385438D9BB2032B0FD1026865
:104D6800536823F48063536009E0C26A022A01D0C1
:104D7800012B05D92268536823F48063536010BD62
:104D8800FEF7ECFE00282ED12268136823F4806316
:104D980013602268536823F4E063536023681A6938
:104DA800636A1A70636A01336362638D9BB2013B65
:104DB8009BB26385202384F83D3094F83E30DBB203
:104DC800402B08D0002384F83E301223236320466A
:104DD800FFF733FDD3E7002384F83E3023632046F2
:104DE800FFF70BFFCBE72268536823F4E0635360B7
:104DF80023681A69636A1A70636A01336362638D90
:104E08009BB2013B9BB26385202384F83D3000238D
:104E180084F83E302046FFF785FFB0E77047000072
:104E280000B583B000230193806B90F83D20D2B287
:104E3800324B1B68DB083249A1FB03131B0A03EB47
:104E48008303C3EBC3030193019B43B1019B013B64
:104E5800019303681B6813F4007FF5D103E0036C2A
:104E680043F020030364436B0BB10021D963836BC8
:104E78000BB10021D96301680B6823F480630B60D0
:104E880000234385436B0BB100211965836B0BB17C
:104E98000021196501680B6823F001030B6090F885
:104EA8003D30DBB2602B0ED002F02802282A14D045
:104EB800202380F83D30002380F83E30FFF732FF92
:104EC80003B05DF804FB202380F83D30002380F810
:104ED8003E300364FFF7A2FFF2E70268136843F06D
:104EE800010313600268136843F4806313600023AE
:104EF8000363282380F83D30E0E700BF000000206E
:104F080089B5F81410B5044690F83D30DBB290F836
:104F18003E20D2B2102A36D0402A34D003F02802DC
:104F2800282A38D02268526812F4006F07D1602B03
:104F380005D0202384F83D30002384F83E30002338
:104F4800236323685A6812F4006F48D05A6822F421
:104F580000625A60626B92F83530DBB2012B20D0C8
:104F6800444B1365606BFEF770FA002849D022683D
:104F7800136823F001031360202384F83D30606B2D
:104F8800036D98473DE0222BC8D121680A6822F4B6
:104F980000620A60C2E700232363282384F83D30B7
:104FA800CFE7A36B334A1A65A06BFEF74EFA40B3FE
:104FB80023685A6912F0400F05D01A69636A1A709B
:104FC800636A013363622268136823F00103136084
:104FD800202384F83D30A06B036D984711E094F8C6
:104FE8003D20D2B2602A1FD05A6912F0400F05D076
:104FF8001A69636A1A70636A013363622046FFF7AD
:1050080091FE236C13F00F0F04D02268536823F429
:10501800E063536094F83D30DBB2226C12F0040F69
:1050280001D0282B18D010BD202284F83D20002262
:1050380022645A6912F0400F05D01A69636A1A701F
:10504800636A013363622268136823F00103136003
:105058002046FFF7E3FED4E7074BE3620023236310
:10506800202284F83D2084F83E302046FFF762FC79
:10507800D9E700BF294E00080000FFFF30B583B014
:10508800044690F83D50EDB20268536823F4E0639B
:1050980053600023019303685A6901921A6842F029
:1050A80001021A60019B0268136823F4806313608D
:1050B80003685A6812F4006F38D0222D21D02A2DA7
:1050C8001FD0426B1268526892B24285428D92B2EA
:1050D8001AB1026C42F0040202645A6822F40062B7
:1050E8005A60606BFEF7B2FA01281FD0636B444A1E
:1050F8001A65606BFEF7A9F9C0B1606B036D98473C
:1051080014E0A26B1268526892B26285628D92B204
:105118001AB1226C42F0040222645A6822F4006236
:105128005A60A06BFEF792FA012842D1638D9BB2B8
:1051380033B323685A6912F0040F0AD01A69636AF4
:105148001A70636A01336362638D9BB2013B9BB241
:10515800638523685A6912F0400F0AD01A69636A96
:105168001A70636A01336362638D9BB2013B9BB221
:105178006385638D9BB21BB1236C43F004032364E6
:10518800236C13BB2A2D25D094F83D30DBB2282B95
:1051980029D0236B222B01D0222D19D10023236380
:1051A800202284F83D2084F83E302046FFF76DFB2E
:1051B8000EE0A36B124A1A65A06BFEF746F90028A9
:1051C800B4D0A06B036D9847B0E72046FFF79AFE6E
:1051D80003B030BD00232363282384F83D302046E4
:1051E800FFF753FBD0E7074BE3620023236320223A
:1051F80084F83D2084F83E302046FFF79BFBE7E724
:10520800294E00080000FFFFF8B5044602685568FB
:10521800C66A90F83E30DBB290F83D10C8B2102B49
:1052280013D0402B11D0236C002B7AD05369002166
:1052380013F0020F78D015F4007F75D0236C03B1FA
:1052480091692046FFF749FBF8BDD2F818C05169AB
:1052580011F0010705D1B6F52A0FF5D0B6F12A4F9E
:10526800F2D017B115F4007F29D111F0080F02D040
:1052780015F4007F2AD111F0020F02D015F4007F37
:1052880028D11CF0040F31D0526812F4006FDBD122
:1052980011F0800F05D015F4806F02D011F0040FC3
:1052A8001CD011F0040FCFD015F4007FCCD02128EA
:1052B80018D0402BC8D12046FFF7D8FBC4E72046BA
:1052C800FEF789FC2046FEF7BDFABDE72046FEF74B
:1052D8000DFBB9E72046FEF71EFBB5E72046FFF7B2
:1052E80024FCB1E72046FFF772FBADE7536813F4DF
:1052F800006FA9D111F0400F05D015F4806F02D0CE
:1053080011F0040F09D011F0040F9DD015F4007F9F
:105318009AD02046FFF772FC96E72046FFF703FD78
:1053280092E79169536983E713F0100F02D015F4DF
:10533800007F18D121281AD0292818D013F0400F3F
:1053480005D015F4806F02D013F0040F28D013F0A5
:10535800040F3FF479AF15F4007F3FF475AF204692
:10536800FEF7ECFB70E72046FFF788FE6CE713F0CA
:10537800800F05D015F4806F02D013F0040F0BD006
:1053880013F0040F3FF460AF15F4007F3FF45CAFF7
:105398002046FEF7C3FB57E72046FFF750FA53E7CE
:1053A8002046FFF773FA4FE7F8B5044603685D69CE
:1053B8005F6890F83E20D2B215F4807F07D017F4CA
:1053C800807F3CD06FF480715961012600E000268F
:1053D80015F4007F08D017F4807F05D046F0020648
:1053E80023686FF40071596115F4806F19D017F4B0
:1053F800807F16D0638D99B294F83D30DBB2206B74
:10540800202A1ED023686FF48061596146F0040693
:10541800102A01D0402A04D12268136843F400738B
:10542800136015F4006F08D017F4807F05D046F09C
:10543800080623686FF400625A6186B9F8BD002631
:10544800C6E70029DED1212B05D0292B03D0282B34
:10545800D8D12128D6D12046FFF76EFAE1E7236C90
:105468001E4326642046FFF74DFDE7E790F83D0010
:1054780070470000002800F0E08170B582B0044653
:10548800036813F0010F3BD09F4B9B6803F00C039C
:10549800042B2CD09C4B9B6803F00C03082B21D0C9
:1054A8006368B3F5803F4FD0B3F5A02F52D0964B29
:1054B8001A6822F480321A601A6822F480221A606C
:1054C8006368002B50D0FCF739FF05468E4B1B68EC
:1054D80013F4003F14D1FCF731FF401B6428F5D9C1
:1054E8000320B1E1884B5B6813F4800FD8D0864B5A
:1054F8001B6813F4003F03D06368002B00F09F8102
:10550800236813F0020F54D07F4B9B6813F00C0FE5
:105518003ED07D4B9B6803F00C03082B33D0E36827
:10552800002B68D0794B01221A60FCF707FF05466B
:10553800754B1B6813F0020F54D1FCF7FFFE401B9C
:105548000228F5D903207FE16F4A136843F48033BA
:105558001360B5E76C4B1A6842F480221A601A6827
:1055680042F480321A60ABE7FCF7E8FE0546664B6A
:105578001B6813F4003FC3D0FCF7E0FE401B64280F
:10558800F5D9032060E1604B5B6813F4800FC6D146
:105598005D4B1B6813F0020F03D0E368012B40F04A
:1055A8005081594A136823F0F803216943EAC1037B
:1055B8001360236813F0080F42D063696BB3534B31
:1055C8000122C3F8802EFCF7B9FE05464E4B5B6FEF
:1055D80013F0020F34D1FCF7B1FE401B0228F5D9B5
:1055E800032031E1484A136823F0F803216943EAAC
:1055F800C1031360DDE7454B00221A60FCF79EFEED
:105608000546414B1B6813F0020FD2D0FCF796FEFB
:10561800401B0228F5D9032016E13C4B0022C3F8B1
:10562800802EFCF78BFE0546374B5B6F13F0020F9D
:1056380006D0FCF783FE401B0228F5D9032003E1BE
:10564800236813F0040F77D02F4B1B6C13F0805F87
:1056580033D1002301932C4B1A6C42F080521A6408
:105668001B6C03F080530193019B0125284B1B6899
:1056780013F4807F23D0A368012B34D0052B38D0B6
:10568800214B1A6F22F001021A671A6F22F00402E6
:105698001A67A368002B3DD0FCF750FE06461A4B4C
:1056A8001B6F13F0020F46D1FCF748FE801B41F236
:1056B80088339842F3D90320C6E00025D6E7144A78
:1056C800136843F480731360FCF738FE0646104BEA
:1056D8001B6813F4807FCED1FCF730FE801B0228B4
:1056E800F5D90320B0E0084A136F43F001031367AC
:1056F800CFE7054B1A6F42F004021A671A6F42F09F
:1057080001021A67C5E700BF00380240000047429F
:1057180000700040FCF712FE0646524B1B6F13F058
:10572800020F08D0FCF70AFE801B41F2883398422A
:10573800F3D9032088E0EDB9A369002B00F083803A
:10574800484A926802F00C02082A51D0022B17D05E
:10575800454B00221A66FCF7F1FD0446414B1B68D5
:1057680013F0007F42D0FCF7E9FD001B0228F5D9B1
:10577800032069E03B4A136C23F080531364DBE792
:10578800394B00221A66FCF7D9FD0546354B1B68D4
:1057980013F0007F06D0FCF7D1FD401B0228F5D995
:1057A800032051E0E369226A1343626A43EA8213E1
:1057B800A26A5208013A43EA0243E26A43EA0263F0
:1057C800284A5360284B01221A66FCF7B7FD0446A5
:1057D800244B1B6813F0007F06D1FCF7AFFD001BBC
:1057E8000228F5D903202FE000202DE000202BE02F
:1057F800012B2BD01B4B5B6803F48001E2699142BB
:1058080026D103F03F02216A8A4223D1616A47F612
:10581800C0721A40B2EB811F1ED103F44031A26A54
:105828005208013AB1EB024F18D103F07063E26AF3
:10583800B3EB026F14D1002006E00120704701206D
:1058480002E0012000E0002002B070BD0120FBE76B
:105858000120F9E70120F7E70120F5E70120F3E748
:105868000120F1E7003802400000474208B5254B07
:105878009B6803F00C03042B3FD0082B3FD1214B2E
:105888005A6802F03F025B6813F4800F12D01D4B78
:105898005968C1F388111C480023A1FB0001FBF7DC
:1058A80045F9184B5B68C3F3014301335B00B0FB58
:1058B800F3F025E0134B5968C1F3881C4FEA4C11EB
:1058C800B1EB0C006EEB0E0E4FEA8E1343EA9063B9
:1058D8008101091A63EB0E03DB0043EA5173C90027
:1058E80011EB0C0C43F10003990200234FEA8C20C2
:1058F80041EA9C51FBF71AF9D3E7034800E0034853
:1059080008BD00BF0038024040787D010024F40043
:10591800002800F09B8070B50D4604464F4B1B686D
:1059280003F007038B4208D2CBB24C4A13701368BA
:1059380003F007038B4240F08B80236813F0020FBB
:1059480017D013F0040F04D0454A936843F4E0538A
:105958009360236813F0080F04D0414A936843F416
:10596800604393603E4A936823F0F003A1680B43B9
:105978009360236813F0010F32D06368012B21D0A4
:105988009A1E012A25D9364A126812F0020F61D0F0
:1059980033498A6822F0030213438B60FCF7CEFC7C
:1059A80006462F4B9B6803F00C036268B3EB820F2B
:1059B80016D0FCF7C3FC801B41F288339842F0D91B
:1059C800032042E0264A126812F4003FE0D1012089
:1059D8003BE0234A126812F0007FD9D1012034E05D
:1059E8001E4B1B6803F00703AB4207D9EAB21B4BF7
:1059F8001A701B6803F00703AB422DD1236813F01C
:105A0800040F06D0164A936823F4E053E1680B4369
:105A18009360236813F0080F07D0114A936823F4A2
:105A28006043216943EAC1039360FFF71FFF0C4BF2
:105A38009B68C3F303130B4AD35CD8400A4B186026
:105A48000A4B1868FCF72EFC002070BD0120704737
:105A58000120FAE70120F8E70120F6E7003C0240C0
:105A680000380240ECD400080000002008000020A4
:105A7800014B1868704700BF0000002008B5FFF709
:105A8800F7FF044B9B68C3F38223034AD35CD840D7
:105A980008BD00BF00380240FCD4000808B5FFF775
:105AA800E7FF044B9B68C3F34233034AD35CD840F7
:105AB80008BD00BF00380240FCD400082DE9F047BB
:105AC80082B00546884617461E46FCF737FC0A9BF7
:105AD8001B1A03EB0609FCF731FC82462B4B1B68AB
:105AE800C3F3CB3309FB03F301932B689C6838EAB3
:105AF80004030CBF4FF0010C4FF0000CBC4540D024
:105B0800B6F1FF3FF1D0FCF719FCA0EB0A004845BD
:105B18000AD2B9F1000F07D0019A02B14A46019B97
:105B2800013B01939146E0E72A68536823F0E003BC
:105B380053606B68B3F5827F0BD0AB6AB3F5005F37
:105B480014D0012385F85130002385F85030032004
:105B580018E0AB68B3F5004F02D0B3F5806FECD115
:105B68002A68136823F040031360E6E72A6813687D
:105B780023F4005313602A68136843F40053136036
:105B8800DFE7002002B0BDE8F08700BF000000207A
:105B980010B584B00446164B1868164BA3FB0030AA
:105BA800400D4FF47A7303FB00F003906368B3F57C
:105BB800827F0BD0039BBBB1039B013B03932368FC
:105BC8009B6813F0800FF5D100200EE000920B4681
:105BD800002280212046FFF771FF30B1636D43F04A
:105BE80020036365032000E0002004B010BD00BF5F
:105BF80000000020819F5E1610B582B004460B4657
:105C08004168B1F5827F14D06168B1F5827F2AD1ED
:105C1800A168B1F5806F19D000920022802120463A
:105C2800FFF74CFF30B3636D43F020036365032037
:105C380020E08168B1F5004F02D0B1F5806FE3D163
:105C48002068016821F040010160DDE70092002230
:105C580001212046FFF732FF60B1636D43F0200356
:105C68006365032006E00092002201212046FFF729
:105C780025FF08B902B010BD636D43F020036365CA
:105C88000320F7E700285AD010B50446436A33B911
:105C98004368B3F5827F05D00023C36102E0002387
:105CA800036143610023A36294F85130002B40D074
:105CB800022384F851302268136823F040031360EC
:105CC800636803F48273A26802F404421343E2682F
:105CD80002F400621343226902F00202134362696C
:105CE80002F001021343A26902F400721343E2694D
:105CF80002F038021343226A02F080021343A26AB8
:105D080002F40052216813430B60638B03F0040311
:105D1800626A02F01002216813434B602268D3695B
:105D280023F40063D36100206065012384F85130B7
:105D380010BD84F850302046FBF7C6FDB8E70120B7
:105D480070472DE9F04383B01F460A9D90F8503004
:105D5800012B00F01081044688469146012380F803
:105D68005030FCF7EBFA064694F85130DBB2626823
:105D7800012B0AD0B2F5827F40F0E380A268002AA6
:105D880040F0E980042B40F0E880B8F1000F00F003
:105D9800E680B9F1000F00F0E480002F00F0E38006
:105DA80094F85130DBB2042B02D0052384F851302B
:105DB80000236365C4F83890E787A787C4F8308064
:105DC800E786A7862364636423681A6812F0400F85
:105DD80003D11A6842F040021A60E368B3F5006F15
:105DE80011D063680BB1012F0BD1226B2368127895
:105DF8001A73236B01332363E38E9BB2013B9BB27F
:105E0800E38601276BE063680BB1012F0BD1226B8E
:105E180023681288DA60236B02332363E38E9BB214
:105E2800013B9BB2E38601271CE023689A6812F0C5
:105E3800010F0ED0E28F92B25AB1DA68A36B1A80C2
:105E4800A36B0233A363E38F9BB2013B9BB2E3874F
:105E58000127FCF773FA801BA84203D3B5F1FF3F73
:105E680040F08380E38E9BB21BB9E38F9BB2002B7B
:105E780053D023689A6812F0020FD6D0E28E92B2FD
:105E8800002AD2D0002FD0D0226B1288DA60236B80
:105E980002332363E38E9BB2013B9BB2E386002768
:105EA800C3E723689A6812F0010F0ED0E28F92B20E
:105EB8005AB1DA68A36B1A70A36B0133A363E38F3B
:105EC8009BB2013B9BB2E3870127FCF737FA831BA0
:105ED800AB4202D3B5F1FF3F49D1002D49D0E38E43
:105EE8009BB213B9E38F9BB2BBB123689A6812F0D7
:105EF800020FD6D0E28E92B2002AD2D0002FD0D094
:105F0800226B12781A73236B01332363E38E9BB2DF
:105F1800013B9BB2E3860027C3E732462946204669
:105F2800FFF736FE48B9A36863B901932368DA68B6
:105F380001929B680193019B04E020236365012083
:105F480000E00220012384F85130002384F8503007
:105F580003B0BDE8F0830220F4E70220F2E7012055
:105F6800F0E70120EEE70120ECE70320EAE7032051
:105F7800E8E70320E6E70220EAE7000038B5044630
:105F880090F85000012800F09480012084F8500017
:105F980094F85100C0B26568012807D0B5F5827F32
:105FA80078D1A568002D7AD104287AD100297AD031
:105FB800002A7AD0002B7AD094F85100C0B2042875
:105FC80002D0052084F85100002060652163A38673
:105FD800E386A263A387E3872064606494F8513062
:105FE800DBB2042B1CD0E36C334A1A64E36C334AEB
:105FF800DA63E36C324ADA64E36C00221A652168DA
:10600800E38F9BB2A26B0C31E06CFDF79FF970B186
:10601800636D43F010036365012084F851003AE092
:10602800E36C284A1A64E36C274ADA63E1E72268DA
:10603800536843F001035360A26C00231364A26CFD
:10604800D363A26CD364A26C13652268E38E9BB2FF
:106058000C32216BA06CFDF779F998B923681A689E
:1060680012F0400F03D11A6842F040021A60226809
:10607800536843F0200353602268536843F00203D7
:10608800536008E0636D43F010036365012084F8F2
:10609800510000E00220002384F8503038BD02206F
:1060A800F9E70220F7E70120F5E70120F3E70120EF
:1060B800F1E70220F2E700BFE5600008816100080F
:1060C800F1600008D9600008136100087047704744
:1060D80008B5806BFFF7FBFF08BD704708B5806BFC
:1060E800FFF7FBFF08BD704708B5806B026853686F
:1060F80023F003035360436D43F01003436501230A
:1061080080F85130FFF7EFFF08BD38B50546846BBE
:10611800FCF714F92B681B6813F4807F1ED1024624
:1061280021684B6823F020034B60A3681BB96368A0
:10613800B3F5827F16D021684B6823F001034B60CA
:1061480064212046FFF758FD08B12023636500232A
:10615800E387012384F85130636D4BB92046FFF77C
:10616800B5FF38BD21684B6823F003034B60E7E7B0
:106178002046FFF7B8FFF4E738B50546846BFCF70F
:10618800DDF82B681B6813F4807F1BD10246216859
:106198004B6823F020034B6064212046FFF7F8FC8E
:1061A80018B1636D43F0200363652268536823F0D8
:1061B800030353600023E386E387012384F8513007
:1061C800636D1BB9204606F0D9FE38BD2046FFF79F
:1061D8008AFFFAE710B4036A046A24F0010404622F
:1061E800846924F0F00C4CEA021223F00A030B43F2
:1061F800826103625DF8044B704730B4046A24F08E
:10620800100404628469056A24F4407C4CEA022C78
:106218002CF4704C1B039BB243EA0C0325F0A00539
:10622800090101F0A00129438361016230BC704774
:1062380010B4046A24F0100404628469036A24F424
:10624800704C4CEA023223F0A00343EA0113826146
:1062580003625DF8044B704730B4046A24F4807418
:106268000462C469056A24F0030C4CEA020C2CF0A1
:10627800F00C1B01DBB243EA0C0325F4206509028C
:1062880001F420612943C361016230BC704730B416
:10629800046A24F480540462C469056A24F4407CC6
:1062A8004CEA022C2CF4704C1B039BB243EA0C03FF
:1062B80025F42045090301F420412943C361016203
:1062C80030BC7047836823F070030B4343F0070327
:1062D8008360704790F83D30DBB2012B37D1022341
:1062E80080F83D300268D36843F00103D360036847
:1062F800194A934220D0B3F1804F1DD0A2F57C42B9
:10630800934219D002F58062934215D002F580625B
:10631800934211D002F5784293420DD002F57052A3
:10632800934209D0A2F59432934205D01A6842F0FC
:1063380001021A60002070479A6802F00702062AD4
:1063480007D01A6842F001021A6000207047012045
:1063580070470020704700BF000001407047704739
:106368007047704710B5044603681A6912F0020FA7
:1063780011D0DA6812F0020F0DD06FF002021A6124
:106388000123037703689B6913F0030F70D0FFF7AD
:10639800E6FF0023237723681A6912F0040F12D04E
:1063A800DA6812F0040F0ED06FF004021A610223AB
:1063B800237723689B6913F4407F5FD02046FFF75B
:1063C800CEFF0023237723681A6912F0080F12D032
:1063D800DA6812F0080F0ED06FF008021A61042371
:1063E80023772368DB6913F0030F4ED02046FFF7AD
:1063F800B6FF0023237723681A6912F0100F12D012
:10640800DA6812F0100F0ED06FF010021A6108232C
:1064180023772368DB6913F4407F3DD02046FFF7DC
:106428009EFF0023237723681A6912F0010F03D017
:10643800DA6812F0010F36D123681A6912F0800F5A
:1064480003D0DA6812F0800F34D123681A6912F089
:10645800400F03D0DA6812F0400F32D123681A696E
:1064680012F0200F03D0DA6812F0200F30D110BDDF
:10647800FFF774FF2046FFF773FF8AE72046FFF710
:106488006DFF2046FFF76CFF9BE72046FFF766FF8E
:106498002046FFF765FFACE72046FFF75FFF204681
:1064A800FFF75EFFBDE76FF001021A61204606F0B4
:1064B8007FFEC1E76FF080021A61204600F0C5FA3E
:1064C800C3E76FF040021A612046FFF74AFFC5E7AD
:1064D8006FF020021A61204600F0B6FAC7E7000004
:1064E8000368304A904212D0B0F1804F0FD0A2F525
:1064F8007C4290420BD002F58062904207D002F5B0
:106508008062904203D002F57842904203D123F092
:1065180070034A681343234A90422AD0B0F1804F4F
:1065280027D0A2F57C42904223D002F580629042A7
:106538001FD002F5806290421BD002F5784290424B
:1065480017D002F57052904213D002F58062904243
:106558000FD002F5806290420BD0A2F5983290429B
:1065680007D002F58062904203D002F58062904223
:1065780003D123F44073CA68134323F080034A69A4
:10658800134303608B68C3620B688362054B9842B0
:1065980003D003F58063984201D10B69036301239B
:1065A800436170470000014040B310B5044690F8BD
:1065B8003D30F3B1022384F83D30214651F8040BF5
:1065C800FFF78EFF012384F8463084F83E3084F8C4
:1065D8003F3084F8403084F8413084F8423084F801
:1065E800433084F8443084F8453084F83D30002046
:1065F80010BD80F83C30FBF707FCDBE70120704753
:1066080040B310B5044690F83D30F3B1022384F846
:106618003D30214651F8040BFFF762FF012384F84F
:10662800463084F83E3084F83F3084F8403084F8AF
:10663800413084F8423084F8433084F8443084F898
:10664800453084F83D30002010BD80F83C30FBF721
:10665800FBFBDBE70120704770B49446046A24F022
:10666800010404628469066A184DA8421CD0B0F17E
:10667800804F19D0164A904216D002F58062904297
:1066880012D002F5806290420ED002F57842904214
:106698000AD002F57052904206D0A2F59432904288
:1066A80002D044F0010203E024F0030242EA0C02A3
:1066B80022F0F0021B01DBB2134326F00A0201F0BC
:1066C8000A0111438361016270BC704700000140F8
:1066D8000004004038B590F83C30012B5AD00446ED
:1066E8000D46012380F83C3052B1042A1AD0082AFA
:1066F8002BD00C2A3BD00120002384F83C3038BD35
:10670800CB684A6809680068FFF7A6FF22689369A2
:1067180023F00C03936122689369A9680B43936182
:106728000020E9E7CB684A6809680068FFF765FD5B
:106738002268936923F44063936122689369A96886
:1067480043EA012393610020D6E7CB684A680968C9
:106758000068FFF781FD2268D36923F00C03D36139
:106768002268D369A9680B43D3610020C4E7CB68CA
:106778004A6809680068FFF78AFD2268D36923F42C
:106788004063D3612268D369A96843EA0123D361CE
:106798000020B1E70220B2E710B4846824F47F4CEB
:1067A80042EA03220A4342EA0C0282605DF8044B83
:1067B800704790F83C30012B78D010B5044601237F
:1067C80080F83C30022380F83D300268936823F457
:1067D8007F4323F0770393600B68602B4CD029D854
:1067E800402B54D00CD9502B22D1CA684968006874
:1067F800FFF7F0FC50212068FFF764FD002005E05A
:10680800202B0DD009D9302B0AD00120012384F880
:106818003D30002384F83C3010BD0BB1102B05D15E
:1068280019462068FFF74EFD0020EFE70120EDE74D
:106838000120EBE7B3F5805F34D0B3F5005F0CD1EE
:10684800CB684A6889680068FFF7A6FF22689368E2
:1068580043F4804393600020D8E7702B24D1CB68A1
:106868004A6889680068FFF797FF2268936843F0D1
:10687800770393600020C9E7CA6849680068FFF792
:10688800D7FC60212068FFF71DFD0020BEE7CA681D
:1068980049680068FFF79EFC40212068FFF712FD59
:1068A8000020B3E70020B1E70120AFE702207047DE
:1068B80010B50468A26822F070024B68134323F0F5
:1068C80007030A681343A3604B68502B32D00BD9D7
:1068D800602B36D0702B43D10B698A68C968006871
:1068E800FFF75AFF00200FE0402B0ED001D90120FE
:1068F8000AE0202B2CD003D9302B2FD1002003E025
:1069080043B3102B28D1002010BD0B68052B29D0CC
:1069180003681C6A1A6A22F001021A620268936903
:1069280023F0F003096943EA0113936103681C62C9
:106938000020E9E70A6989680068FFF74BFC002036
:10694800E2E70A6989680068FFF772FC0020DBE764
:106958000020D9E70020D7E70120D5E70120D3E7B9
:106968000120D1E70120CFE790F83C30012B22D05D
:1069780010B50446012380F83C30022380F83D30EE
:10698800FFF796FF80B92268D36823F04003D360ED
:106998002268D36823F48043D360012384F83D3010
:1069A800002384F83C3010BD012084F83D0000230A
:1069B80084F83C30F7E702207047000090F83C303C
:1069C800012B3DD010B4012380F83C30022380F81D
:1069D8003D3003685A689C6822F0700C0A6842EAE5
:1069E8000C025A600368174A93421AD0B3F1804FD9
:1069F80017D0A2F57C42934213D002F580629342ED
:106A08000FD002F5806293420BD002F57842934290
:106A180007D002F57052934203D0A2F59432934204
:106A280004D124F080044A6814439C60012380F850
:106A38003D30002380F83C3018465DF8044B704721
:106A4800022070470000014070477047026802F159
:106A58000C0353E8003F23F0C0030C3242E8003136
:106A68000029F3D1202380F83D307047026802F1F5
:106A78000C0353E8003F23F490730C3242E80031D2
:106A88000029F3D1026802F1140353E8003F23F010
:106A98000103143242E800310029F3D1036B012BC2
:106AA80005D0202380F83E30002303637047026836
:106AB80002F10C0353E8003F23F010030C3242E8C4
:106AC80000310029F3D1ECE790F83D30DBB2212BFF
:106AD80001D0022070478368B3F5805F17D0036A3E
:106AE8005A1C02621A7803685A60C38C9BB2013B35
:106AF8009BB2C3844BB90268D36823F08003D36088
:106B08000268D36843F04003D360002070470369EC
:106B1800002BE4D1036A1B880268C3F3080353609F
:106B2800036A02330362E0E738B504460268136972
:106B380023F44053C1680B4313618368026913430C
:106B480042691343C2691A430168CB6823F41643A8
:106B580023F00C031343CB600268536923F440739A
:106B680081690B4353610368314A934206D002F5A9
:106B78008062934202D0FEF781FF01E0FEF78EFFAC
:106B8800E369B3F5004F29D00021031849411B18C8
:106B980041F10001C90041EA5371DB00181863682C
:106BA8004FEA83024FEA937341F10001F9F7BEFF00
:106BB800204DA5FB00325109642303FB11031B017F
:106BC8003233A5FB03235B0903F0F00202EB011249
:106BD80003F00F03216813448B6038BD00230218AB
:106BE80043EB0301121841F10001C90041EA527157
:106BF800D200101841F10001626892185B41F9F760
:106C080095FF0C4DA5FB00325109642303FB1103CA
:106C1800DB003233A5FB03235B095A0002F4F87248
:106C280002EB011203F00703216813448B60D4E7D9
:106C3800001001401F85EB5158B310B5044690F879
:106C48003D300BB3242384F83D302268D36823F405
:106C58000053D3602046FFF767FF2268136923F4C7
:106C6800904313612268536923F02A035361226811
:106C7800D36843F40053D36000202064202384F8B1
:106C88003D3084F83E3010BD80F83C30FBF788F981
:106C9800D8E701207047000038B590F83D30DBB2E6
:106CA800202B38D10446002937D0002A37D090F855
:106CB8003C30012B35D0012380F83C3001628284BE
:106CC800C28400250564212380F83D30436B1648B3
:106CD800D863636B15481864636B1548D864636B95
:106CE8001D6520681346021D606BFCF72FFB2368A7
:106CF8006FF040021A6084F83C50226802F11403D5
:106D080053E8003F43F08003143242E80031002981
:106D1800F3D1002000E0022038BD0120FCE701206B
:106D2800FAE70220F8E700BF3D6D0008A56D0008EE
:106D3800B36D000808B50346806B1B681B6813F425
:106D4800807F1AD10023C384026802F1140353E838
:106D5800003F23F08003143242E800310029F3D1C8
:106D6800026802F10C0353E8003F43F040030C3281
:106D780042E800310029F3D108BD06F07EFAFBE7AE
:106D880008B50168CA6822F04002CA60202280F86B
:106D98003D2006F072FA002008BD704708B5806BE8
:106DA800FFF7FBFF08BD7047704710B5846B236879
:106DB8005A6994F83D30DBB2212B10D023685A6908
:106DC80002F0400294F83E30DBB2222B11D0236C43
:106DD80043F0100323642046FFF7E6FF10BD02F0DE
:106DE8008002002AEAD00023E3842046FFF72EFE23
:106DF800E4E7002AEBD00023E3852046FFF736FEC0
:106E0800E5E708B5806B0023C385C384FFF7CCFF93
:106E180008BD704790F83E30DBB2222B67D18368FB
:106E2800B3F5805F4DD0826AB3F5805F04D0002B44
:106E380054D10369002B51D103685B681370836ACE
:106E480001338362C38D9BB2013B9BB2C385002B88
:106E58004FD100B583B00268D36823F02003D36014
:106E68000268D36823F48073D3600268536923F0FF
:106E780001035361202380F83E30036B012B33D18B
:106E880000230363026802F10C0353E8003F23F078
:106E980010030C3242E800310029F3D103681A6864
:106EA80012F0100F06D0002201921A6801925B6856
:106EB8000193019B818DFFF7ACFF002003B05DF8C3
:106EC80004FB0269002AAED1826A03685B68C3F3D7
:106ED80008031380836A02338362B3E703685B683D
:106EE80003F07F031370AAE706F0C6F9E5E702206E
:106EF800704700207047000030B583B00446026830
:106F08001368D068516913F00F0505D113F0200FED
:106F180002D010F0200F19D12DB111F0010119D1B3
:106F280010F4907F16D1216B01297DD013F0800FCA
:106F380003D010F0800F40F0158113F0400F03D0FC
:106F480010F0400F40F0128103B030BD2046FFF72B
:106F580061FFF9E713F0010F06D010F4807F03D02A
:106F6800226C42F00102226413F0040F04D019B11C
:106F7800226C42F00202226413F0020F04D019B10D
:106F8800226C42F00402226413F0080F07D010F0BC
:106F9800200F00D119B1226C42F008022264226C41
:106FA800002AD1D013F0200F02D010F0200F29D1E1
:106FB80023685B6903F04003226C12F0080F00D1CC
:106FC80063B32046FFF752FD23685B6913F0400F57
:106FD80020D0226802F1140353E8003F23F0400355
:106FE800143242E800310029F3D1A36B73B1614A2E
:106FF8001A65A06BFCF729FA0028A5D0A06B036DD1
:107008009847A1E72046FFF705FFD1E72046FFF79D
:10701800CBFE99E72046FFF7C7FE95E72046FFF726
:10702800C3FE002323648FE713F0100F3FF47EAFF5
:1070380010F0100F3FF47AAF002301931368019307
:1070480053680193019B536913F0400F50D0A26B12
:1070580013685B689BB2002B3FF476AFA18D994211
:107068007FF672AFE385D369B3F5807F37D02268A6
:1070780002F10C0353E8003F23F480730C3242E81A
:1070880000310029F3D1226802F1140353E8003FCC
:1070980023F00103143242E800310029F3D12268B9
:1070A80002F1140353E8003F23F04003143242E88E
:1070B80000310029F3D1202384F83E3000232363D4
:1070C800226802F10C0353E8003F23F010030C324E
:1070D80042E800310029F3D1A06BFCF76CF9A18DCF
:1070E800E38D9BB2C91A89B22046FFF792FE2BE7BF
:1070F800A18DE38D9BB2C91A89B2E38D9BB2002B97
:107108003FF422AF00293FF41FAF226802F10C03BD
:1071180053E8003F23F490730C3242E80030002813
:10712800F3D1226802F1140353E8003F23F001036E
:10713800143242E800300028F3D1202384F83E308E
:1071480000232363226802F10C0353E8003F23F075
:1071580010030C3242E800300028F3D12046FFF734
:1071680058FEF1E62046FFF7AFFCEDE62046FFF7B4
:1071780007FEE9E60B6E000808B5806B036B012B70
:1071880002D0FFF710FE08BD818D4908FFF741FEC8
:10719800F9E708B50346806B1B681B6813F4807F0A
:1071A8002BD10023C385026802F10C0353E8003F8A
:1071B80023F480730C3242E800310029F3D10268CD
:1071C80002F1140353E8003F23F00103143242E8AC
:1071D80000310029F3D1026802F1140353E8003F9B
:1071E80023F04003143242E800310029F3D1202370
:1071F80080F83E30036B012B05D0036B012B0FD0B9
:1072080006F03AF808BD026802F10C0353E8003FA3
:1072180023F010030C3242E800310029F3D1ECE7E7
:10722800818DFFF7F6FDEDE7006C704730B583B050
:10723800044613468162828500250564222280F86F
:107248003E20826B2048D063A26B20481064A26B5A
:107258001F48D064A26B156520680A46011DA06B03
:10726800FCF774F8019523681A6801925B6801932A
:10727800019B84F83C5023695BB1226802F10C033E
:1072880053E8003F43F480730C3242E80031002990
:10729800F3D1226802F1140353E8003F43F00103DD
:1072A800143242E800310029F3D1226802F11403B4
:1072B80053E8003F43F04003143242E8003100290C
:1072C800F3D1002003B030BD9B7100088171000824
:1072D800B36D000808B590F83E30DBB2202B0DD115
:1072E80071B17AB190F83C30012B0DD0012380F8B0
:1072F8003C3000230363FFF799FF00E0022008BD3C
:107308000120FCE70120FAE70220F8E70023102219
:107318008B4213D210B410F803C08CEAD21C094C6B
:1073280034F91CC08CEA022292B201339BB28B4220
:10733800F1D3500080B25DF8044B7047500080B222
:10734800704700BF940B002030B505464FF0000C85
:1073580010230FE015F80CE08EEA930E5FFA8EFE0C
:107368001B029BB2124C34F81E0043400CF1010C76
:107378005FFA8CFC5FFA81FEE645EBD8012A01D062
:10738800062209E06A5C920002F47C725340F7E737
:107398005B009BB2013AD2B23AB113F4007FF7D046
:1073A8005B009BB283F08F03F4E7C3F3090030BDA1
:1073B80094090020002113E05B009BB2013A92B2CD
:1073C8004AB113F4804FF7D05B009BB283F48B4330
:1073D80083F01903F2E7064A22F81130013189B225
:1073E800FF2903D8CB019BB20822E9E7704700BF09
:1073F800940B0020002113E05B009BB2013A92B28B
:107408003AB113F4007FF7D05B009BB283F08F038F
:10741800F4E7C3F30903064A22F81130013189B2AF
:10742800FF2903D88B009BB20822E9E7704700BF09
:107438009409002038B590B9C1B902210125154C2D
:10744800012A1DD000222046FCF7F6F90122294620
:107458002046FCF7F1F90A2005F04CFE38BD49B981
:107468004FF400414FF480450B4CE9E70121022518
:10747800084CE5E74FF480414FF40045064CDFE740
:107488002046FCF7D9F9002229462046FCF7D4F912
:10749800E1E700BF001002400008024070B5064650
:1074A8000D46002404B170BD012229463046FFF77D
:1074B800C1FF022005F01EFE002229463046FFF7D4
:1074C800B9FF022005F016FE0134EBE7F0B585B0F0
:1074D8000C46064660BB174F002503950295130A14
:1074E8008DF80C308DF80D20022103A8FFF70EFF50
:1074F800C0F307238DF80E308DF80F0001222146C6
:107508003046FFF797FF0A2005F0F4FD05230093A6
:10751800042302AA03A93846FEF713FC2A4621468B
:107528003046FFF787FF0A2005F0E4FD05B0F0BDFF
:10753800014FD1E77C040020D40400202DE9F0415C
:107548000F4615460446B8BBDFF8B0804FEA132C47
:10755800284805EB450204EBC401890001EB8202CF
:10756800861800F802C0737002213046FFF7CEFE7D
:10757800C0F30723B370F0704FF0000EBEF1000F98
:1075880035D0012239462046FFF754FF0A2005F07E
:10759800B1FD05EB450504EBC404A40004EB850527
:1075A8000C23154A2A4431464046FEF7E7FC0A20D8
:1075B80005F0A0FDBDE8F081DFF84480C6E703EBE5
:1075C800CE02043205EB450004EBC40C4FEA8C0CE8
:1075D8000CEB800007490844FF2181540133DBB2DA
:1075E800072BECD90EF1010E5FFA8EFEC6E7734643
:1075F800F6E700BFCC0D0020A80D00207C04002079
:10760800D40400202DE9F04188B00E461C460546FA
:10761800002844D1344F4FF00008CDF81480CDF83D
:107628001880CDF81C80CDF80880CDF80C80CDF8F6
:107638001080130A8DF814308DF81520022105A842
:10764800FFF764FEC0F307238DF816308DF8170096
:1076580005EB450304EB4304424606212046FFF7A9
:1076680073FE4246002A3DD0012231462846FFF7E4
:10767800E1FE0A2005F03EFD142300930C2302AA24
:1076880005A93846FEF75DFB002231462846FFF77C
:10769800D1FE0A2005F02EFD08B0BDE8F081134F99
:1076A800B9E703F1040C0CEBC20C02EB420104EB4A
:1076B8004101C95C0CF1200CEC440CF80C1C0133A2
:1076C800DBB2052BEDD9D300C0F3072C03F12A0157
:1076D800694401F80CCC2B336B4403F80C0C0132D1
:1076E800D2B2BFE71346ECE77C040020D4040020A4
:1076F8002DE9F8439DF820609DF8247000242CB1F2
:10770800164B0122FFF77EFFBDE8F883A44642F03E
:107718008008124D00EB040E0EEB4E0905F8198097
:1077280005EB490E8EF80130012E0BD084440CEB8A
:107738004C0C0A4D05EB4C0C27258CF803500134F2
:10774800E4B2DCE746EA070848F00608DFF80CE090
:107758000EEB490585F80280E8E700BF940D00208C
:107768002DE9F04788B0884699460746002837D162
:10777800DFF8D4A000250595069507950295039591
:107788000495130A8DF814308DF81520022105A8E8
:10779800FFF7BCFDC0F307238DF816308DF81700EE
:1077A8000DB341463846FFF779FE01224146384677
:1077B800FFF740FE0A2005F09DFC142300930C23DC
:1077C80002AA05A95046FEF7BCFA002241463846EF
:1077D800FFF730FE0A2005F08DFC08B0BDE8F08701
:1077E800DFF868A0C6E707EB470609EB46062C4614
:1077F80005EB45000022062106EB4000FFF7A4FD3B
:107808002A460DE0131D03EBC40304EB440106EB09
:107818004101895C20336B4403F80C1C0132D2B25D
:10782800052AEFD9E400C0F3072204F12A036B44C8
:1078380003F80C2C04F12B030DEB030404F80C0CD7
:107848000135EDB2ACE700BF7C040020D404002071
:107858000B4691B930B101280CD07047114B185420
:107868000130C0B20028F9D0704759420D4AD154AE
:107878000133DBB2002BF8D0704740B10128ECD1BE
:1078880000230BE04242074B1A540130C0B20028D3
:10789800F8D07047034AD3540133DBB2002BF9D038
:1078A800DBE700BFA40D0020034600B10023014A16
:1078B800D05C7047A40D0020F0B583B005460E4695
:1078C80000238DF804301D4B1B78012B08D01B4B6F
:1078D80001221A7055270024012C06D1002323E029
:1078E800164B00221A70AA27F5E70020FFF7DCFFE5
:1078F80004F108036B4403F8040C0134E4B2EBE729
:107908000F4A2A441A44107C03F108026A4412F808
:10791800042C2A4402EB42020A4901EB420200EA23
:10792800070111710133DBB2002BE9D0054B24228A
:1079380031462846FFF714FF03B0F0BDB408002015
:10794800B80800209C0D00200388C3F309020280B8
:10795800980A70472DE9F04F8DB0074615460293F7
:107968009DF858B09DF85C30019302EB42095FFA2C
:1079780089F900248DF82C400994ADF82840ADF819
:1079880022400794ADF820400494059406942246BA
:10799800FFF750FD0CB1002435E02046FFF784FFC7
:1079A80004F130036B4403F8040C0134E4B2F1E74A
:1079B80003944FEAC40808F10A01DFF890A305EB25
:1079C800450607EBC7039B0003EB86060AEB060296
:1079D800515C08F10B03D35C03EB0123ADF82230B3
:1079E8000DF12200FFF7B0FF08F1040806EB0800CC
:1079F800012206215044FFF7A7FCBDF8223083423C
:107A080006D00134E4B2002CD2D00DB0BDE8F08F1E
:107A18002346052B13D808EB030005EB450207EBBB
:107A2800C701890001EB8202C8490A44115C03F1CD
:107A380030026A4402F80C1C0133DBB2E9E7BBF1FF
:107A4800000F36D0BBF1010FDBD1002D00F0B4815F
:107A5800012D00F0FA81022DD3D19DF825109DF853
:107A68002420039B30336B4413F8048C42EA01232F
:107A780003EB830003EB4000B54BA3FB0030C0F3DE
:107A8800CF00B844029B03EBC806A6F8BF0005F078
:107A9800A5FAA6F8B7009DF829309DF8282042EAF3
:107AA800032208F16803029901EB4303A3F80120BC
:107AB800A7E79DF825209DF8243043EA0223ADF876
:107AC8001C3007EE903AF8EE677A9FEDA27A67EEDF
:107AD800877ACDED047AADF81E30CDED057AB9F18F
:107AE800050F03D8ADF82030CDED067A019B7BBB9E
:107AF800039B30336B4413F8041CFCEEE77A17EE53
:107B0800903A781809EBC0020832029E06EB42024E
:107B1800A2F8013009F1010202EBC002083206EBBB
:107B28004202A2F80130B9F1050F3FF66AAF09F138
:107B38000203DDED067AFCEEE77A394403EBC10374
:107B4800083306EB430317EE902AA3F8012058E701
:107B5800019B012B42D0019B022B6FD0019B032B71
:107B680000F09C80019B042B00F0C480019B052B36
:107B780000F0F280019B062B7FF443AF039B303368
:107B88006B4413F8041CFCEEE77A17EE903A781869
:107B980009EBC0023832029E06EB4202A2F801301D
:107BA80009F1010202EBC002383206EB4202A2F8E8
:107BB8000130B9F1050F3FF624AF09F10203DDEDFD
:107BC800067AFCEEE77A394403EBC103383306EB57
:107BD800430317EE902AA3F8012012E7039B3033E2
:107BE8006B4413F8041CFCEEE77A17EE903A781809
:107BF80009EBC0021032029E06EB4202A2F80130E5
:107C080009F1010202EBC002103206EB4202A2F8AF
:107C18000130B9F1050F3FF6F4AE09F10203DDEDCD
:107C2800067AFCEEE77A394403EBC103103306EB1E
:107C3800430317EE902AA3F80120E2E6039B3033B2
:107C48006B4413F8041CFCEEE77A17EE903A7818A8
:107C580009EBC0021832029E06EB4202A2F801307C
:107C680009F1010202EBC002183206EB4202A2F847
:107C78000130B9F1050F3FF6C4AE09F10203DDED9D
:107C8800067AFCEEE77A394403EBC103183306EBB6
:107C9800430317EE902AA3F80120B2E6039B303382
:107CA8006B4413F8041CFCEEE77A17EE903A1FFABF
:107CB80083FC7E1809EBC6022032029800EB4202D0
:107CC800A2F8013009F1010202EBC602203200EBF2
:107CD8004202A2F80130B9F1050F3FF692AE09F160
:107CE8000203394403EBC103203300EB4303A3F839
:107CF80001C086E6039B30336B4413F8040CFCEE9A
:107D0800E77A17EE903A1FFA83FC3E1809EBC60192
:107D18002831029A02EB4101A1F8013009F1010171
:107D280001EBC601283102EB4101A1F80130B9F19C
:107D3800050F3FF666AE09F10203384403EBC003B2
:107D4800283302EB4303A3F801C05AE6A80D00202C
:107D5800CDCCCCCCCDCCCC3D039B30336B4413F88D
:107D6800041CFCEEE77A17EE903A781809EBC0028B
:107D78003032029E06EB4202A2F8013009F10102FC
:107D880002EBC002303206EB4202A2F80130B9F130
:107D9800050F3FF636AE09F10203DDED067AFCEE7B
:107DA800E77A394403EBC103303306EB430317EE9C
:107DB800902AA3F8012024E69DF825309DF8242078
:107DC80003993031694411F8046C42EA03223E44B5
:107DD80006F16403029901EB4303A3F807209DF819
:107DE80027209DF8263043EA022303EB830003EBA8
:107DF8004000DFF89480A8FB0030C0F3CF0006F104
:107E0800170301EBC303A3F8010005F0E7F806F137
:107E18001603029901EBC303A3F801009DF829207A
:107E28009DF8283043EA022303EB830003EB40006C
:107E3800A8FB0030C0F3CF0001EBC606A6F8BB00D4
:107E480005F0CCF8A6F8B300DBE59DF825209DF8F1
:107E5800243003993031694411F8046C43EA022351
:107E680003EB830003EB4000074BA3FB0030C0F398
:107E7800CF003E44029B03EBC606A6F8BD0005F002
:107E8800ADF8A6F8B500BCE5CDCCCCCC10B5084C07
:107E9800D9220021204605F001FB00210846FFF702
:107EA800D7FCFFF787FAFFF7A5FA0123637210BD25
:107EB800B808002030B584468E46B0F85230B0F885
:107EC80057209B1A9BB291F8D820012A22D0042B64
:107ED80024D90122DCF8303013F5FA6F00DB0022D8
:107EE80042F20F718B4200DD0022BCF8501040F6C0
:107EF800AB53994200D80022DCF8003083B100234C
:107F08008EF8D830284B5B7D012B0DD00023002B39
:107F180048D030BD132BDDD80022DBE70022D9E79B
:107F28008EF8D820012AEDD100202BE0012404FA94
:107F380002F50EEB00030B441C7C24EA05041C74B8
:107F48000132D2B2072A17D8431802EBC303083309
:107F58000EEB4303B3F80140BCF850309C42E5D91E
:107F6800012404FA02F50EEB00030B441C7C2C439D
:107F78001C74E5E70A46E5E70131C9B20029F9D0E2
:107F88000130C0B20028C4D10146F7E70EEB030167
:107F98001144002008740132D2B2002AF6D001330D
:107FA800DBB2B4E71A46F8E7CC6A002010B582B015
:107FB800104BB3F8053013F0800F16D00D4B1A7E16
:107FC8000D4B1A740C4C6178A078FFF767FA002201
:107FD8000192009213466178A078FFF789FB6178D7
:107FE800A078FFF769FC02B010BD03490348FFF70A
:107FF80061FFE7E7CC6A0020B8080020B4690020D8
:1080080010B584B00D4B93E803000290ADF80C1046
:108018000B4C6178A078FFF741FA00220192009298
:1080280013466178A078FFF763FB4FF458726178C4
:10803800A078FFF74BFA04B010BD00BFD4D40008F5
:10804800B808002030B583B005460B4B93E8030011
:108058000090ADF80410094C6178A078FFF71EFA7B
:1080680002AB03EB450333F8083C2A466178A07855
:10807800FFF764FA03B030BDD4D40008B808002074
:1080880000B585B00246084B93E803000290ADF8AE
:108098000C10064B00210191009159789878FFF750
:1080A80059FC05B05DF804FBD4D40008B8080020DA
:1080B80010B582B0094B93E803000090ADF80410A6
:1080C800074C6178A078FFF7E9F94FF4A06261786E
:1080D800A078FFF7FBF902B010BD00BFDCD40008A0
:1080E800B808002030B583B005460B4B93E8030071
:1080F8000090ADF80410094C6178A078FFF7CEF92C
:1081080002AB03EB450333F8083C2A466178A078B4
:10811800FFF714FA03B030BDDCD40008B80800201B
:1081280000B585B00246094B93E803000290ADF80C
:108138000C10074B00210191012100915978987882
:10814800FFF708FC05B05DF804FB00BFDCD40008AD
:10815800B808002010B4384A384BD3F886001060AD
:10816800B3F88A0093F88C10908091711988A2F85E
:10817800071099799172197AD172D97A1173B3F873
:108188000910A2F80D1019692D48A0FB0101C1F3CF
:10819800CF01A2F80F10196B2A4880FB0140C917BC
:1081A800C1EB6011A2F81110B3F87C10A2F81310FB
:1081B800B3F85010A2F81510B3F85210A2F817101F
:1081C800B3F857105183B3F95E10A2F81D10B3F934
:1081D8006010A2F81F1093F8620093F8631001EB87
:1081E800800182F82110B3F96410518493F8660075
:1081F80093F8671001EB800182F82410B3F880101F
:10820800A2F82510D3F86E000F4CA4FB0010C00A8A
:10821800C2F82700596CA4FB0101C90AC2F82B1047
:10822800B3F87610A2F82F10D3F86A30C2F83330BA
:108238005DF8044B704700BFF80D0020B4690020BA
:10824800CDCCCCCC1F85EB51C5B3A29110B582B073
:108258004B4B1C78621C1A70032C5FD8DFE804F0C3
:10826800023E054E474B1B780BB902B010BD454B7B
:1082780000221A70444B01221A70FFF76BFF434B20
:10828800B3F87A304FF6FF72934214D03F49B1F8F1
:108298007A203F4BA3FB02031B0A03EB4303D801DD
:1082A800131A9B013B4A1380B1F878203A4BA3F884
:1082B800312041220CE0A3F5C073344AA2F87A3089
:1082C800E4E7354B1B5D5340344AD25C0134E4B2D9
:1082D800362CF6D9304B83F83720C6E72A4B1B7863
:1082E800002BC2D0382301932B4B00931023294A2B
:1082F8001288A0212A48FCF7B3F9B6E7224B1B786D
:10830800002BB2D038230193264B00931023214A27
:108318001288A0212248FCF715FAA6E71A4B1B7809
:108328000BBB174B00221A709FE71B49C81890F81F
:108338003800C95C884200D001220133DBB2372BF8
:10834800F3D91249B1F87A300133A1F87A306AB119
:108358008B7913F0400FE4D143F040038B71094B44
:1083680001221A70DDE700221346E8E7074A9379ED
:1083780023F040039371044B00221A70D1E700BF29
:10838800F10D00200C0000206E0E0020B4690020C2
:10839800ABAAAAAAF40D0020F80D00200CD50008FD
:1083A80054020020300E002000B583B0544B1B68E7
:1083B800544A12689A4207D0524A1360524B1B78AB
:1083C8006BB1524B01221A70514A1378591C117023
:1083D800042B66D8DFE803F0064165505F00FFF71D
:1083E800B9FEEEE7494A12782AB1484A00211170CD
:1083F800454A01211170444A1278002A51D0404A56
:10840800B2F878204FF6FF718A4214D03C4AB2F88D
:108418007810404AA2FB01029209742000FB121254
:1084280002F5C07292013C48028001313B4AA2F831
:10843800311041210BE0743A3149A1F87820E5E781
:10844800364AD25C4A403649895C0133DBB2362B66
:10845800F6D9324B83F8371023E02B4B1B7803B344
:10846800382301932D4B009310232B4A1288A02107
:108478002C48FCF7F5F814E0234B1B788BB1382314
:108488000193294B00931023234A1288A0212548E1
:10849800FCF758F905E01C4B1B7893B91C4B0022DC
:1084A8001A7003B05DF804FB0133DBB2372B0BD82D
:1084B8001A4AD11891F83810D25C9142F4D00120B0
:1084C800F2E700200346F1E70D4AB2F878300133AD
:1084D800A2F8783040B90A4A937923F0400393719F
:1084E800094B00221A70D9E7937913F0400FD5D1C0
:1084F80043F040039371054B01221A70CEE700BF89
:10850800B4690020680E00206D0E00206C0E00205B
:10851800F00D002009CB3D8DF20D0020F80D002054
:108528000CD5000854020020300E002030B585B06C
:108538001446012803D002283DD005B030BDB9B992
:108548003A4BB3F87A30B3F5C07F01D34FF4C07318
:108558002380364BB3F87A20013A354BA3FB02133C
:108568001B0A03EB4303A2EBC313324A1380E4E76D
:10857800304B1B884A1E934212D35D1A0135AD0158
:10858800ADB23223029338230193009410232A4674
:10859800A0212948FBF7F2FE03460028F1D107E0A5
:1085A8005D1A05F28115AD01ADB2EAE70133DBB220
:1085B800362BFBD9C1E7A1B91C4BB3F87830732B24
:1085C80000D974232380194BB3F87820013A1B4B48
:1085D800A3FB02139B09742101FB1323154A138083
:1085E800ABE7144B1B884A1E934213D35D1A05F25E
:1085F8008115AD01ADB23223029338230193009463
:1086080010232A46A0210C48FBF7B8FE0346002891
:10861800F1D107E05D1A05F2F515AD01ADB2EAE753
:108628000133DBB2362BFBD987E700BFB4690020E2
:10863800ABAAAAAAF60D00205402002009CB3D8D52
:1086480002280BD0032810D0012800D07047104B07
:10865800002283F87A2083F87B2070470C4B002295
:1086680083F8782083F879207047094B002283F833
:108678006A2083F86B2083F86C2083F86D2083F8D8
:108688007A2083F87B2083F8782083F87920DDE747
:10869800B4690020F0B58BB000250CE0954B03EBD6
:1086A80084034FF07E521A60934B03EB840400233B
:1086B80023600135EDB2032D00F2C780AEB205F597
:1086C800FA522C468D4B03EB8503920092B214218B
:1086D80002910421019100931023A0218848FBF7FF
:1086E8004DFE0228EAD006F5FA520432854B03EB18
:1086F8008403142102910421019100931023920014
:10870800A0217F48FBF73AFE0228ECD0A7007B4B5C
:1087180003EB84031868F7F7B7FE00227A4BF7F7E4
:108728000BFF02460B46CDE906230022764BF7F7EE
:108738004BFD02460B46CDE90823F8F70FF9714BBC
:108748003B44D3ED007AFDEEE77A17EE903A80EAE3
:10875800E072A2EBE072049283EAE371A1EBE371A9
:108768000591B2F5AF7F05DC42F21072914201DC4F
:1087780058B953B9614B03EB84034FF07E521A602A
:10878800604B03EB840300221A6006F5FA520832A4
:10879800584B03EB840314210291042101910093A7
:1087A80010239200A0215648FBF7E8FD0228ECD0E0
:1087B80006F5FA520C32504B03EB84031421029154
:1087C80004210191009310239200A0214C48FBF74B
:1087D800D5FD0228ECD0A600464B03EB84031868AD
:1087E800F7F752FE0022484BF7F7A6FE02460B4663
:1087F800CDE906230022444BF7F7E6FC02460B4678
:10880800CDE90823F8F7AAF83B4B3344D3ED007AB7
:10881800FDEEE77A17EE903A80EAE072A2EBE0729A
:10882800049283EAE371A1EBE3710591FA2A3FF719
:1088380035AF42F2107291423FF730AF00287FF413
:1088480038AF002B7FF435AF28E7142302930423B5
:1088580001932E4B0093102347F64052A02128483D
:10886800FBF78CFD0228F0D0142302930423019314
:10887800274B0093102347F64452A0212048FBF7CA
:108888007DFD0228F0D0214B1868F7F7FDFD002286
:108898001D4BF7F751FE02460B46CDE90623002291
:1088A800194BF7F791FC02460B46CDE90823F8F778
:1088B80055F8174BD3ED007AFDEEE77A17EE903AAC
:1088C80080EAE072A2EBE072049283EAE371A1EB22
:1088D800E3710591FA2A04DCB1F5FA6F01DC38B9C5
:1088E80033B90A4B4FF07E521A60094B00221A60C6
:1088F8000BB0F0BDB06A0020A4690020A06A002077
:10890800540200209469002000408F409C6A002097
:108918009069002000B585B01423029303230193C6
:10892800174B009310234FF4FE42A0211548FBF784
:1089380025FD0028F0D1144B93F88E300C2B03D969
:10894800114B002283F88E200F4B93F88F301F2B8A
:1089580003D90D4B002283F88F201423029302239E
:1089680001930A4B0093102347F60372A021054890
:10897800FBF704FD0028F0D105B05DF804FB00BF4B
:10898800416A002054020020B4690020386A00209F
:10899800014B00221A7070476F0E0020274B1B698D
:1089A80013F4805F1ED00123244A126912F4005F79
:1089B8001AD00122D3B903B96ABB93B98AB9204A3C
:1089C80013780133DBB213701D2B05D913461E2211
:1089D8001A701C4B00221A7000231B4A13701B4A82
:1089E800137070470023DFE70022E3E7002AE2D193
:1089F800154A13780133DBB213701D2B05D91346C2
:108A08001E221A700F4B01221A7000230F4A13708E
:108A18000B4A137070470D4A13780133DBB2137099
:108A28001D2B05D913461E221A70064B02221A70F6
:108A38000023054A1370024A13707047000C024065
:108A4800700E00206F0E0020710E0020720E0020A4
:108A580008B5FFF7A3FF08BD10B5064B20229A61A1
:108A6800054C22220021204604F018FD0123237220
:108A780010BD00BF00140240740E002008B5827BB0
:108A88000B78437207EE903AF8EE677A9FED317AE9
:108A980077EEC77A17EE903A036191F801C08B78A8
:108AA80043EA0C23438107EE903AF8EE677A9FED8C
:108AB8002A7A67EE877A17EE903A4361CB7803F00B
:108AC80001034370CB78C3F340038370CB78C3F3BF
:108AD8008003C370CB78C3F3C0030371CB78C3F3AF
:108AE80000134371CB78C3F340138371CB78C3F37E
:108AF8008013C3710B79037307EE903AF8EE677A27
:108B08009FED167A67EE877A17EE903A83614B7974
:108B1800437307EE903AF8EE677AB6EE007A67EE9E
:108B2800877A17EE903AC3618B7903F00F0383734A
:108B3800934208D00023C37300230372F9F7FEFBA6
:108B4800074B186008BDC37BFF2BF5D00133C373F7
:108B5800F2E700BF00005C420AD7233CCDCCCC3DF5
:108B6800980E002010B50446F9F7E8FB054B1B6882
:108B7800C31AB3F5FA7F03D301232372014B18609C
:108B880010BD00BF980E0020C37B042B46D90123DB
:108B9800C3734378012B44D0028C22F00102028473
:108BA8008278012A42D0028C22F002020284C27822
:108BB800012A40D0028C22F0040202840279012AA0
:108BC8003ED0028C22F0080202844279012A3CD06D
:108BD800028C22F0100202848279012A3AD0028C97
:108BE80022F020020284C279012A38D0028C22F0B5
:108BF80040020284027A012A36D0028C22F08002D6
:108C08000284012B35D0038C23F080030384028C6B
:108C180040F2EF131A4231D1002070470023C3738A
:108C2800B7E7028C42F001020284B9E7028C42F0F5
:108C380002020284BBE7028C42F004020284BDE710
:108C4800028C42F008020284BFE7028C42F0100254
:108C58000284C1E7028C42F020020284C3E7028C3E
:108C680042F040020284C5E7028C42F0800202848E
:108C7800C7E7038C43F080030384C8E701207047EB
:108C880010B50A4B5B78012B08D0094C2046FFF73A
:108C980069FF2046FFF778FF012010BD034B002233
:108CA8005A7004490248FFF7E9FEEEE7C01D0020AC
:108CB800740E002058690020074B00221A605A6081
:108CC8009A60DA601A615A61C3F8172001229A7112
:108CD800024B40229A6170479C0E0020001402400B
:108CE80030B589B00C460023049305930693079387
:108CF8000093019302930393394B5B5CABB9384AF9
:108D080001211155374A125D9A421BD9C117364DB8
:108D180004EB840203EB420205EBC20C45F8320077
:108D2800CCF804100133DBB2ECE7304B5B5CC517C1
:108D38002D4A01EB810103EB410302EBC30142F829
:108D480033004D60294A135D0133DBB21355092BFB
:108D580002D9134600221A55224A135D0133DBB2A9
:108D68001355092B02D913460A221A55002319E074
:108D78001D4904EB840203EB420201EBC20051F8E7
:108D88003250416808AA02EBC40050F8102C52195E
:108D980050F80C5C41EB050140F8102C40F80C1C15
:108DA8000133DBB20F4A125D9A42E1D86AB900205A
:108DB800002108AB03EBC40343E9080108AB03EB4C
:108DC800C40454F8200C09B030BD08AB03EBC4054B
:108DD800002355E90401F7F759FE45E90801EDE7D5
:108DE800BC0E0020600F0020C00E0020640F002081
:108DF80010B50446F9F7A2FA054B1B68C31AB3F578
:108E0800FA6F03D30123A371014B186010BD00BF93
:108E1800B80E0020054BD3F8073007EE903AF8EE6D
:108E2800E77A9FED030A27EE800A70479C0E002020
:108E38006F12833A054BD3F80F3007EE903AF8EEED
:108E4800E77A9FED030A27EE800A70479C0E002000
:108E58006F12833A10B52DED028B0446FFF7DAFF47
:108E6800B0EE408AFFF7E6FFB5EEC08AF1EE10FAE1
:108E78001DD4F0EE487AE378012B29D038EE408AE9
:108E8800B5EEC08AF1EE10FA14D49FED147AF4EE20
:108E9800C77AF1EE10FA10D5DFED117AB4EEE78A51
:108EA800F1EE10FA16DC0120BDEC028B10BDF1EEDC
:108EB800487AE0E7B1EE488AE7E79FED0A7A67EE7D
:108EC800877AB4EEE78AF1EE10FA05DC0120EBE7C9
:108ED8000020E9E70020E7E70020E5E700005C4321
:108EE80000003042CDCC4C3E10B50446C37D042B67
:108EF8003FD9012343716379012B3DD0B4F8193070
:108F080023F00103A4F81930A378032B3BD0B4F85D
:108F1800193023F00203A4F81930E378012B39D073
:108F2800B4F8193023F00403A4F819302379012B7D
:108F380037D0B4F8193023F00803A4F81930A3790E
:108F4800012B35D0B4F8193043F04003A4F8193098
:108F58001F48FFF77FFF90BBB4F8193043F0200398
:108F6800A4F81930B4F8193013F06F0F2ED100207F
:108F780010BD00234371BEE7B4F8193043F0010374
:108F8800A4F81930C0E7B4F8193043F00203A4F884
:108F98001930C2E7B4F8193043F00403A4F81930C3
:108FA800C4E7B4F8193043F00803A4F81930C6E749
:108FB800B4F8193043F04003A4F81930C8E7B4F8FE
:108FC800193023F02003A4F81930CBE70120CFE7AC
:108FD8009C0E00204FF0000CFF230EE05B00DBB27C
:108FE8000132072A07DC13F0800FF7D05B00DBB2F1
:108FF80083F01D03F4E70CF1010C8C4504D210F842
:109008000C2053400022ECE7DB43D8B27047000045
:1090180070B582B00446304B5E786B460868496884
:1090280003C39DF80750257607216846FFF7D2FF4E
:10903800854209D0072323700023A371F9F77EF92D
:10904800264B186002B070BD9DF800301A09627096
:10905800C3F38102A270C3F34001E17003F001037E
:109068002371032A04D069BB23B10323237001E0D1
:10907800012323709DF801309DF80200000240EAA8
:1090880003439DF803001843A0F50000C4F8070047
:109098000021FFF725FEC4F80B009DF804309DF869
:1090A800050040EA0320A0F50040C4F80F000121A4
:1090B800FFF716FEC4F813006378B34205D0002307
:1090C800E375B9E702232370D4E7E37DFF2BB3D020
:1090D8000133E375B0E700BF9C0E0020B80E0020F6
:1090E80010B50A4B1B78012B07D0094C2046FFF717
:1090F8007FFE2046FFF7F8FE10BD044B00221A70D1
:1091080004490348FFF784FFEFE700BFC01D0020B4
:109118009C0E0020506900202DE9F04F87B00025F3
:109128000295039504950595072000F089FDA0F5A3
:109138007F563F3E082000F083FDA0F57F543F3C5A
:109148000121304602F0E2FE06462946204602F09A
:10915800DDFE05463046F7F785F902460B46CDE9B0
:1091680002238DA3D3E90023F7F7E6F902460B465D
:10917800CDE90423F7F7F2FB0446774B186028463D
:10918800F7F770F902460B46CDE9022370A3D3E93D
:109198000023F7F7D1F902460B46CDE90423F7F788
:1091A800DDFB82466D4B18602046F7F75BF9804679
:1091B80089466B4F3868F7F767F902460B46404611
:1091C8004946F7F701F8F7F7C9FBF7F74BF90446F3
:1091D8000D46644E3068F7F757F902460B462046AD
:1091E8002946F7F7D3FAF7F7B9FB04465E4D28602E
:1091F800B868F7F749F902460B4640464946F6F77C
:10920800E3FFF7F7ABFBF7F72DF980468946B0681F
:10921800F7F73AF902460B4640464946F7F7B6FAD9
:10922800F7F79CFB8346A8605046F7F71BF9804682
:1092380089467868F7F728F902460B4640464946BA
:10924800F6F7C2FFF7F78AFBF7F70CF9CDE900014B
:109258007068F7F719F902460B46DDE90001F7F7E0
:1092680095FAF7F77BFB82466860F868F7F70CF920
:1092780002460B4640464946F6F7A6FFF7F76EFB4F
:10928800F7F7F0F880468946F068F7F7FDF80246E8
:109298000B4640464946F7F779FAF7F75FFBE8606F
:1092A800B4F5617F06DA1BF5617F03DD2F4B0022E1
:1092B8001A6004E02E4B9C4230D82C4B1C602B4B80
:1092C8001B68002BB8BF5B422A4A934201DD274B3B
:1092D8001A60294BD3F801301BB9244B1A68274B65
:1092E8001A63264B1B6B264A11680B4413602549E9
:1092F8000A780132D2B20A70132A0CD9224A82FBA8
:109308000312DB17C3EBE2031C4A536300231C4A16
:1093180013601C4A137007B0BDE8F08F0BF58A3351
:1093280003F25713194A934203D8104BC3F800B0FD
:10933800C5E7174B9A4503DD0C4BC3F800A0BEE701
:10934800144B9842BBDA094B1860B8E7AFF30080BA
:10935800D84BEC25F61243408C6900208869002020
:1093680094690020A06A00206C0F00207C0F002068
:109378005715010020A10700CC6A0020B46900201D
:10938800680F00200D00002067666666561501000C
:10939800870D010079F2FEFFD15CBA0F3DDC164063
:1093A800084B00221A605A609A601A73064A0749E5
:1093B8001160074A88211170064A1A60D8221A7269
:1093C800704700BF800F0020900F0020540200203B
:1093D8000E000020000020C210B5074C2D220021ED
:1093E800204604F05BF8D8232370044BC4F80730F8
:1093F800012384F8223010BD940F0020000020C201
:1094080008B50B7803F0010303770B7813F0030317
:1094180018BF012343770B78C3F3800383770B7856
:10942800C3F3C003C3770B78C3F3001380F820306D
:109438000B78C3F3801380F8213091F801C0ACF1A8
:10944800280C4FFA8CFC80F800C091F802E0CB7829
:109458004EEA032EA0F801E00B794A7943EA022389
:10946800A0F803308A79C97942EA0122A0F80520D8
:1094780007EE90CAF8EEE77A17EE90CAC0F807C070
:1094880007EE90EAB8EE677A17EE101AC0F80B10DC
:1094980007EE903AF8EE677A17EE903AC0F80F3078
:1094A800B4EEE77AF1EE10FA01D8F0EE477A17EE4B
:1094B800903AC0F8133007EE902AF8EE677A9FEDDD
:1094C800087A67EE877A17EE903AC0F817300023CB
:1094D80080F82230F8F732FF024B186008BD00BF51
:1094E800CDCCCC3DC40F0020037F012B46D0B0F873
:1094F8002B3023F00103A0F82B30437F012B44D0FD
:10950800B0F82B3023F00203A0F82B30837F012B17
:1095180042D0B0F82B3023F00403A0F82B30C37FDF
:10952800012B40D0B0F82B3023F00803A0F82B30E3
:1095380090F82030012B3DD0B0F82B3023F01003E9
:10954800A0F82B3090F82130012B3AD0B0F82B300E
:1095580023F04003A0F82B3090F82230012B37D0AD
:10956800B0F82B3023F48073A0F82B30B0F82B2000
:1095780040F25F131A4232D100207047B0F82B3006
:1095880043F00103A0F82B30B7E7B0F82B3043F0D5
:109598000203A0F82B30B9E7B0F82B3043F00403EE
:1095A800A0F82B30BBE7B0F82B3043F00803A0F845
:1095B8002B30BDE7B0F82B3043F01003A0F82B3068
:1095C800C0E7B0F82B3043F04003A0F82B30C3E7D6
:1095D800B0F82B3043F48073A0F82B30C6E7012095
:1095E8007047000010B50446F8F7A8FE054B1B6845
:1095F800C31AB3F5FA7F04D3012384F82230014B50
:10960800186010BDC40F002010B50A4B9B78012BC1
:1096180007D0094C2046FFF7E5FF2046FFF764FF17
:1096280010BD044B00229A7004490348FFF7E8FE76
:10963800EFE700BFC01D0020940F002060690020E4
:10964800030903EB830300F00F0000EB4300C0B2F3
:10965800704700002DE9F04F85B0047890F801803C
:10966800877890F803900679457990F806B06B1ED4
:10967800DBB20B2B18D80022731EDBB21E2B00D9CD
:10968800012209F1FF33DBB2062B00D90122172F83
:1096980000D90122B8F13B0F00D901223B2C00D898
:1096A80022B105B0BDE8F08F0122E5E7DFF8E4A0BC
:1096B8000023CAF80030CAF80330142302930723A2
:1096C8000193CDF800A00123DE213048FAF7A4FD6C
:1096D8002F4BA3FB0412D1080A01D2B201EB81017E
:1096E800A4EB4104E4B2144344F080048AF8004037
:1096F800A3FB0812D2081101C9B202EB8202A8EB3F
:10970800420841EA08088AF80180A3FB0712D20838
:109718001101C9B202EB8202A7EB42070F438AF894
:10972800027049F008098AF80390A3FB0612D208D0
:109738001101C9B202EB8202A6EB42060E438AF877
:109748000460A3FB0512D2081101C9B202EB820220
:10975800A5EB42050D438AF80550A3FB0B23DB0854
:109768001A01D2B203EB8303ABEB430313438AF82A
:1097780006301423029307230193CDF800A0012398
:109788000022DE210148FAF747FD8AE7540200204B
:10979800CDCCCCCCCC0F0020244A138801339BB20B
:1097A8001380092B00D8704730B585B004460022D5
:1097B8001E4B1A8014230293072301931C4B00931A
:1097C8000123DE211B48FAF7D9FD58BB1A4B0022AA
:1097D8001A70174D287800F07F00FFF731FF2070CE
:1097E800687800F07F00FFF72BFF6070A87800F022
:1097F8001F00FFF725FFA070EB7803F00703E37065
:10980800287900F03F00FFF71BFF2071687900F00E
:109818001F00FFF715FF6071A879FFF711FFA0710E
:1098280005B030BD044B01221A70D2E7FA0F0020B0
:10983800CC0F002054020020F80F002030B585B06E
:109848006E4B1C78032C00F29C80DFE804F00225A4
:10985800499C322302931C230193694B00930123F3
:109868002022DE216748FAF789FD412206E0644B91
:109878001B5D5340644AD25C0134E4B21A2CF6D919
:109888005F4BDB7E934203D05C4B01221A7078E079
:109898005A4B02221A7074E0142302931C2301937A
:1098A800574B009301233C22DE215648FAF766FD08
:1098B8004121002306E0524AD25C4A405249895C61
:1098C8000133DBB21A2BF6D94D4BDB7E8B4203D02A
:1098D8004A4B03221A7054E0484B02221A7050E097
:1098E800474D6B68494CC4F86A30AB68C4F86E30B1
:1098F800EB68C4F872302B8AA4F876306B8AA4F827
:109908007830AB8AA4F87A30D5F81630E36304F1DE
:109918008600FFF741FF94F88C2002EB4202930087
:1099280094F88B2013443A490B60C3EB431394F823
:109938008A2013440B6003EB4303DA0094F8883061
:109948001A440A60C2EB0212930094F88720134469
:109958000B60C3EB03139A0094F8863013440B6032
:109968002A689B1A0B60B3F5076F02D34FF407629E
:109978000A60274B1A88254BA3F84A201F4B04225C
:109988001A7005B030BD214B002283F86A2083F895
:109998006B2083F86C2083F86D2083F86E204424B4
:1099A80083F86F406FF06A0083F87000082183F82D
:1099B800711083F8722083F8734083F8740083F879
:1099C800751083F8762083F8772083F8782083F859
:1099D800792083F87A2083F87B20702083F84A0066
:1099E80083F84B1083F83C2083F83D2083F83E2011
:1099F80083F83F20014B04221A70C2E7C90F0020E8
:109A0800D40F0020540200200CD50008B4690020AF
:109A1800F40F002000B585B0444A13780133DBB257
:109A280013700A2B02D9134601221A703F4B1B7878
:109A3800013B072B29D8DFE803F0042B54282828FA
:109A48002866837903EB4302437903EB82033849A1
:109A58000B60C3EB4313027913440B6003EB43031E
:109A6800827802EBC3030B60C3EB0313427802EB6B
:109A780083030B60C3EB0313027802EB83030B60D1
:109A88002C4AB2F84A209B1A0B6005B05DF804FB1B
:109A9800294B274A12681A60264AD2F86A10596078
:109AA800D2F86E109960D2F87210D960B2F87610B8
:109AB8001982B2F878105982B2F87A109982D26B6A
:109AC800C3F816204121002306E01B4AD25C4A4015
:109AD8001A49895C0133DBB21A2BF6D9164BD976B1
:109AE800D3E71748FBF7C2FC2028CED132230293D4
:109AF8001C230193104B009301232022DE211048E0
:109B0800FAF78AFBC1E70E48FBF7B0FC2028BCD166
:109B1800322302931C230193074B009301233C2219
:109B2800DE210748FAF778FBAFE700BFC80F00202F
:109B3800F00F0020B4690020D40F00200CD50008D5
:109B48005402002030B587B000238DF81730142355
:109B58000293012301930DF1170200920322DE21E3
:109B68002748FAF70BFC9DF8173013F0080F17D0A9
:109B7800002414230293012301930DF1170200928C
:109B88000022DE211E48FAF7F9FB9DF817209DF9FF
:109B98001730002B06DB012534B9B5B900242BE0BA
:109BA8000124E6E70025F7E742F008028DF81720C0
:109BB80014230293012301930DF11702009203224B
:109BC800DE210F48FAF728FBE7E79DF8173063F026
:109BD8007F038DF8173014230293012301930DF1AD
:109BE800170200920022DE210548FAF715FBD5E797
:109BF800FFF724FE0134E4B2022CF9D907B030BDD6
:109C08005402002008B5042207490848F8F776FCF2
:109C1800032207490748F8F771FC0222064907485A
:109C2800F8F76CFC08BD00BF1010002034000020BD
:109C3800181000207C00002020100020C400002004
:109C48000D4BDA68A2B10D4B5B8D40F6E44101FB88
:109C580003F39209B3FBF2F3074A52F82000C00855
:109C680003FB00F08008064BA3FB00304009704757
:109C780040F6E443F0E700BF54190020007AFF1FC4
:109C88009F00EE090000000008B50720FFF7D8FF85
:109C9800F6F7E8FB05A3D3E90023F6F74DFCF6F742
:109CA80085FE014B588108BDFC0F00200000000014
:109CB800F725F33F0000000008B50020FFF7C0FFBC
:109CC800F6F7D0FB05A3D3E90023F6F735FCF6F742
:109CD8006DFE014BD88008BDFC0F0020000000007D
:109CE800F725F33F0000000008B50120FFF7A8FFA3
:109CF800F6F7B8FB05A3D3E90023F6F71DFCF6F742
:109D080055FE014B988008BDFC0F00200000004064
:109D18008172E43F0000000008B50220FFF790FFC1
:109D2800F6F7A0FB05A3D3E90023F6F705FCF6F741
:109D38003DFE014B588008BDFC0F0020000000A02C
:109D48002B72D43F0000000008B50320FFF778FF0E
:109D5800F6F788FB05A3D3E90023F6F7EDFBF6F742
:109D680025FE014B188008BDFC0F002000000020D4
:109D7800C1C1D13F0368584A93422AD010B4574A08
:109D880093423BD0564A934200F08F805DF8044BD3
:109D98007047544A1268544931F8130003EB831191
:109DA8001144524A42F82100514951F823200244F3
:109DB80041F823200133DBB2032BEAD9494A13685F
:109DC80001331360402B02D9134600221A60002386
:109DD80011E00023F0E703EB8312424909680A44C3
:109DE800424951F82200424951F82320121A41F8F9
:109DF80023200133DBB2032BEDD970470023022B5C
:109E080014D83C4A12683C4931F8134003EB8311DB
:109E180011443A4A42F82140181D354951F820208A
:109E2800224441F820200133DBB2E8E7314A1368C5
:109E380001331360402B02D9134600221A60002315
:109E4800022BA3D8181D03EB83122A4909680A4478
:109E58002A4951F82240264951F82020121B41F87E
:109E680020200133DBB2EBE7254A1268254931F897
:109E7800134003EB83111144234A42F82140D81DB3
:109E88001B4951F82020224441F820200133DBB23D
:109E9800012BE9D91A4A136801331360402B02D900
:109EA800134600221A60002312E00023F0E7D81DB1
:109EB80003EB8312124909680A44134951F82240F6
:109EC8000B4951F82020121B41F820200133DBB246
:109ED800012BECD95AE700BF0020014000210140C6
:109EE800002201403414002010100020241000200B
:109EF800541900204417002018100020381400209E
:109F080050190020201000204817002040F659233F
:109F1800984208D90A4B1B881D2B0CD80133084AD4
:109F2800138000207047064B1B8833B1013B044A5D
:109F3800138000207047012070470020704700BF41
:109F48007819002040F2D663984208D80A4B1B883B
:109F58001D2B0CD80133084A138000207047064B8C
:109F68001B8833B1013B044A13800020704701204D
:109F780070470020704700BF7C19002045F2CF23AE
:109F8800984208D90A4B1B881D2B0CD80133084A64
:109F9800138000207047064B1B8833B1013B044AED
:109FA800138000207047012070470020704700BFD1
:109FB8009819002043F2B063984208D80A4B1B88CE
:109FC8001D2B0CD80133084A138000207047064B1C
:109FD8001B8833B1013B044A1380002070470120DD
:109FE80070470020704700BF9C1900200B4B984217
:109FF80008DD0B4B1B881D2B0CD80133084A138036
:10A0080000207047064B1B8833B1013B044A13807C
:10A018000020704701207047002070471F120A0077
:10A02800801900200B4B984208DA0B4B1B881D2B1C
:10A038000CD80133084A138000207047064B1B8850
:10A0480033B1013B044A1380002070470120704758
:10A0580000207047F1F6FAFF8C190020A1B140F2F8
:10A068002523984208DD0B4B1B88312B0ED8013372
:10A07800084A138000207047064B1B8843B1013BF8
:10A08800044A138000207047002070470120704761
:10A09800002070478419002099B110F5967F08DCDC
:10A0A8000B4B1B88312B0ED80133094A1380002033
:10A0B8007047074B1B8843B1013B054A13800020BA
:10A0C800704700207047012070470020704700BF8C
:10A0D8008819002040F22523984208DD0A4B1B8886
:10A0E800312B0CD80133084A138000207047064BE7
:10A0F8001B8833B1013B044A1380002070470120BC
:10A1080070470020704700BF9019002010F5967F17
:10A1180008DC0A4B1B88312B0CD80133074A138003
:10A1280000207047054B1B8833B1013B034A13805D
:10A1380000207047012070470020704794190020C4
:10A1480038B5414BB3F80940C4F34015C4F30014C3
:10A15800B3F85200FFF7DAFE012851D03A4BB3F8B2
:10A168005700FFF7EFFE012850D0374B1869FFF76B
:10A1780005FF012850D0344B1869FFF71BFF012851
:10A1880050D0314B186AFFF731FF012850D02E4BC1
:10A19800186AFFF747FF012850D029462A4BB3F920
:10A1A8006000FFF75BFF20B1284A138843F04003A3
:10A1B80013802946244BB3F96400FFF76DFF20B1E3
:10A1C800224A138843F08003138021461E4BB3F9BB
:10A1D8006000FFF77FFF20B11C4A138843F48073A7
:10A1E80013802146184BB3F96400FFF78FFF20B1A5
:10A1F800164A138843F400731380144B188838BD2B
:10A20800124A138843F001031380A7E70F4A138803
:10A2180043F002031380A8E70C4A138843F00403B1
:10A228001380A8E7094A138843F008031380A8E7B6
:10A23800064A138843F010031380A8E7034A1388DB
:10A2480043F020031380A8E7B4690020A019002078
:10A2580040F62723984208D80A4B1B881D2B0CD898
:10A268000133084A138000207047064B1B8833B11E
:10A27800013B044A138000207047012070470020EA
:10A28800704700BF7A190020B0F5E16F08D30A4B78
:10A298001B881D2B0CD80133074A138000207047F8
:10A2A800054B1B8833B1013B034A138000207047DC
:10A2B80001207047002070477E19002045F23F13A7
:10A2C800984208D80A4B1B881D2B0CD80133084A22
:10A2D800138000207047064B1B8833B1013B044AAA
:10A2E800138000207047012070470020704700BF8E
:10A2F8009A190020B0F5615F08D30A4B1B881D2B03
:10A308000CD80133074A138000207047054B1B887F
:10A3180033B1013B034A1380002070470120704786
:10A32800002070479E1900200B4B984208DA0B4B0F
:10A338001B881D2B0CD80133084A13800020704756
:10A34800064B1B8833B1013B044A13800020704739
:10A35800012070470020704779ECFFFF8219002028
:10A3680041F28733984208DD0A4B1B881D2B0CD815
:10A378000133084A138000207047064B1B8833B10D
:10A38800013B044A138000207047012070470020D9
:10A39800704700BF8E19002099B1B0F5FA7F08DC2C
:10A3A8000B4B1B88312B0ED80133094A1380002030
:10A3B8007047074B1B8843B1013B054A13800020B7
:10A3C800704700207047012070470020704700BF89
:10A3D8008619002099B110F1C80F08DB0B4B1B88B8
:10A3E800312B0ED80133094A138000207047074BE0
:10A3F8001B8843B1013B054A1380002070470020A9
:10A408007047012070470020704700BF8A1900205C
:10A4180099B1B0F5FA7F08DC0B4B1B88312B0ED8AD
:10A428000133094A138000207047074B1B8843B14A
:10A43800013B054A13800020704700207047012027
:10A4480070470020704700BF9219002099B110F1A1
:10A45800C80F08DB0B4B1B88312B0ED80133094A78
:10A46800138000207047074B1B8843B1013B054A06
:10A47800138000207047002070470120704700209B
:10A48800704700BF9619002038B5414BB3F8094012
:10A49800C4F34015C4F30014B3F85200FFF7D8FE14
:10A4A800012851D03A4BB3F85700FFF7EDFE0128C9
:10A4B80050D0374B1869FFF701FF012850D0344BB3
:10A4C8001869FFF717FF012850D0314B186AFFF7BA
:10A4D8002BFF012850D02E4B186AFFF741FF0128A7
:10A4E80050D029462A4BB3F96000FFF755FF20B139
:10A4F800284A138823F0400313802946244BB3F9D4
:10A508006400FFF767FF20B1224A138823F0800315
:10A51800138021461E4BB3F96000FFF779FF20B185
:10A528001C4A138823F4807313802146184BB3F90F
:10A538006400FFF78BFF20B1164A138823F40073D9
:10A548001380144B188838BD124A138823F001036E
:10A558001380A7E70F4A138823F002031380A8E7A4
:10A568000C4A138823F004031380A8E7094A1388C8
:10A5780023F008031380A8E7064A138823F0100382
:10A588001380A8E7034A138823F020031380A8E761
:10A59800B4690020A019002070B53E4D42F2A653C0
:10A5A80002FB03F3EC1804F51654246803EB441378
:10A5B80005EB030C0668EE504368CCF8043083685A
:10A5C800CCF80830C368CCF80C300369CCF81030EC
:10A5D800037D8CF8143000230EE011F803E042F2FA
:10A5E800A65002FB00F000EB441C2A4860441844C3
:10A5F80080F818E00133DBB2072BEED90134254B84
:10A6080042F2A65101FB023303F516531C60B4F560
:10A61800967F07D31F4B01FB023303F51653002126
:10A62800198059801B4942F2A65303FB021101F518
:10A6380016531B6842F2845009588B4220D25B1A89
:10A6480003F59673134942F2A65000FB021142F239
:10A6580088500B500F4B42F2A65101FB023342F2D5
:10A668008C51595842F288501B58994207D20949CF
:10A6780042F2A65000FB021242F28C51535070BDB8
:10A688005B1A044942F2A65000FB021142F28850BC
:10A698000B50DFE7C41D002003460A4A42F2A651C8
:10A6A80001FB002242F28851505848B9054A42F24B
:10A6B800A65101FB032342F290515A5801325A50D5
:10A6C800704700BFC41D002030B5534B42F2A6545A
:10A6D80004FB023342F288541B59002B00F0988087
:10A6E8004D4C42F2A65302FB03F304EB030E42F275
:10A6F800845C5EF80C5003EB4515655905605EF8FF
:10A708000C5003EB451525446D6845605EF80C5008
:10A7180003EB45152544AD6885605EF80C5003EBE6
:10A7280045152544ED68C5605EF80C5003EB4515EA
:10A7380025442D6905615EF80C5003EB451323444D
:10A748001B7D0375002312E0334842F2A65C0CFB24
:10A7580002FC00EB0C0442F2845E54F80EE00CEBB1
:10A768004E1C60441844007EC8540133DBB2072BEA
:10A77800EAD9294942F2A65303FB021142F2845056
:10A788000B5801330B50B3F5967F08D3224B42F296
:10A79800A65101FB02331C180021195261801E4981
:10A7A80042F2A65303FB021101F516531B6842F24D
:10A7B800845009588B4221D25B1A03F596731649C7
:10A7C80042F2A65000FB021142F288500B50124B85
:10A7D80042F2A65101FB023342F28C51595842F21F
:10A7E80088501B58994215D20B4942F2A65000FBDB
:10A7F800021242F28C51535001200AE05B1A0649BA
:10A8080042F2A65000FB021142F288500B50DEE7DC
:10A81800002030BD0120FCE7C41D002030B4154CD9
:10A828004FEA421C04EB4213056844F80C50446894
:10A838005C6084689C60C468DC6004691C61007D9D
:10A848001875002309E011F803C00A4800EB42100C
:10A85800184480F818C00133DBB2072BF3D9064B34
:10A8680042F2A65101FB023242F294530021D15424
:10A8780030BC704710690020C41D0020064B42F20E
:10A88800A65202FB003042F294530122C25442F213
:10A8980095530022C2547047C41D0020044B42F255
:10A8A800A65202FB003342F29452985C704700BFF4
:10A8B800C41D0020044B42F2A65202FB003342F2B0
:10A8C8009452002199547047C41D002000B58BB0E4
:10A8D8000023029303930093019306930793049331
:10A8E80005930123089369460448F8F793F810B9CB
:10A8F8000BB05DF804FBF6F715FFF9E72C02002012
:10A9080008B503210348F8F78BFA00B908BDF6F734
:10A9180009FFFBE72C02002010B544F64C32002159
:10A928000D4802F0BBFD402200210C4802F0B6FDA4
:10A938000B4B00241C605C609C60DC601C615C61EB
:10A94800FFF7C4FFFFF7DCFF2046FFF797FF054836
:10A95800F8F7FCF810BD00BFC41D002010690020E6
:10A96800506900202C02002010B58AB00021019106
:10A97800029101AB03AAF8F7AEF920BB079AD3B24C
:10A98800072B20D9059BE3B9039BC3F30A0340F2C5
:10A9980056218B420CD040F2C2318B4213D1D2B235
:10A9A80001A9A24802F06CFDA14B01221A700AE02D
:10A9B800D2B201A99F4802F063FD9D4B01225A7053
:10A9C80001E0042B01D00AB010BD049C24F06044BF
:10A9D800994B9C4253D0B4F5E06FF4D19DF80440F4
:10A9E8006CB99DF80530954A1370002B50D0944BE4
:10A9F8001B78012B55D0914B00225A719A718F4BBD
:10AA08001B78012BDFD1012C6ED0022C00F08E8038
:10AA1800032C00F0AC80042C00F0B580052C00F06D
:10AA2800BA80062C00F0C880072C00F0D380082CD0
:10AA380000F0EC80092CC6D1804BB3F8052042F415
:10AA48000072A3F805209DF8052083F841209DF8A1
:10AA5800062083F840209DF8072083F83F20012234
:10AA680083F83E209DF8082083F83D209DF80920B2
:10AA780083F83C209DF80A2083F83B20A3E7D2B254
:10AA880001A9704802F0FCFC694B01229A70A2E708
:10AA980042220021694802F001FD694B01221A7027
:10AAA800ADE70023664A13700BE003F11001634A17
:10AAB80002EB41026FF0270191700E21D170013332
:10AAC8009BB2072BF1D900230BE003F118015B4A75
:10AAD80002EB41026FF0050191700021D170013342
:10AAE8009BB2032BF1D986E7544BB3F8052042F00B
:10AAF8000202A3F805209DF805205A749DF8060067
:10AB0800A3F80F00072A0FD8103203EB4202508037
:10AB180059E703F11001494A02EB41025080013321
:10AB28009BB2072BF5D94EE70023FAE7434AB2F860
:10AB3800053043F00403A2F805309DF8053013757D
:10AB48009DF806105182032B0FD8183302EB4303EC
:10AB5800598038E703F11800384A02EB4002518067
:10AB680001339BB2032BF5D92DE70023FAE7334BCA
:10AB7800B3F8052042F00802A3F80520DDF8052007
:10AB8800C3F801201FE72D4AB2F8053043F010033F
:10AB9800A2F8053017E7294AB2F8053043F0200338
:10ABA800A2F805309DF80530937313F0800F7FF4F9
:10ABB8000AAF254A137006E7204BB3F8052042F088
:10ABC8004002A3F805209DF80620A3F807201F4B94
:10ABD8001A60F8E6194BB3F8052042F08002A3F892
:10ABE80005209DF80510D9759DF806209A759DF8E1
:10ABF8000800587501293FF6E6AE012A3FF6E3AE94
:10AC08009DF807000B4413441876DCE60B4AB2F8AB
:10AC1800053043F48073A2F805309DF805200C4BED
:10AC28005A709DF806209A70CDE600BF5069002042
:10AC3800C01D0020586900205050FF18CC6A002021
:10AC48000F00002060690020386C0020B4690020E3
:10AC5800B808002010B586B00C46114600200390B5
:10AC6800042202920194082204928DF814001A46D4
:10AC78006846FFF791FC06B010BD000010B58AB019
:10AC8800044600230393019302931248F8F70AF845
:10AC9800039018B12046FFF701FE08B90AB010BDAD
:10ACA8002046FFF7F9FC0028F8D0224601A904A89D
:10ACB800FFF70AFD224601A904A8FFF7AFFD2046C9
:10ACC800FFF7F8FD03AB01AA04A90248F7F76CFFE8
:10ACD800E4E700BF2C02002000B583B000230093F6
:10ACE80001930E4AD2F886000090B2F88A1092F8C2
:10ACF8008C20ADF804108DF80620094AD2ED007AB0
:10AD0800FCEEE77A17EE902A8DF807206A461021A4
:10AD18000120FFF79FFF03B05DF804FBB469002032
:10AD2800C46A002000B583B0002300930193184A39
:10AD3800B2F880308DF800301B0A8DF80130B2F877
:10AD480082308DF802301B0A8DF80330136813B176
:10AD580001238DF804300E4B9B882BB19DF80430ED
:10AD680043F002038DF804300A4B1B788DF8053048
:10AD7800094B1A788DF806205B788DF80730002388
:10AD88006A4611210120FFF765FF03B05DF804FB57
:10AD9800B4690020CC6A0020386C002010B582B05D
:10ADA8000023009301931948026B07EE902AF8EEEE
:10ADB800E77A9FED177A67EE877AFCEEE77A17EE67
:10ADC800902A8DF80020C2F307228DF8012001692E
:10ADD800104CA4FB0121C1F3C7028DF80220C1F376
:10ADE800C7218DF803104269A4FB0212C2F3C70100
:10ADF8008DF80410C2F3C7228DF805206A46122187
:10AE08000120FFF727FF02B010BD00BFB469002082
:10AE18000AD7233CCDCCCCCC00B583B0002300931B
:10AE280001930F49B1F852208DF80020120A8DF8CD
:10AE38000120B1F857208DF80220120A8DF803205E
:10AE4800B1F850208DF80420120A8DF805206A46C2
:10AE580013210120FFF7FEFE03B05DF804FB00BFDD
:10AE6800B469002000B583B0002300930193104912
:10AE7800B1F960208DF80020C2F307228DF8012077
:10AE8800B1F964208DF80220C2F307228DF803205F
:10AE9800B1F95E208DF80420C2F307228DF8052051
:10AEA8006A4614210120FFF7D5FE03B05DF804FBC4
:10AEB800B469002000B583B0002300930193074ACA
:10AEC8009188ADF80010126801926A461521012098
:10AED800FFF7C0FE03B05DF804FB00BFB4690020B3
:10AEE80000B583B000230093019301208DF8000082
:10AEF8008DF8010008218DF8021004228DF8032036
:10AF08008DF804108DF806206A461721FFF7A2FE77
:10AF180003B05DF804FB000000B583B0844600234D
:10AF280000930193810001F16802094901EB420194
:10AF38006A46D1F80600D1F80A1003C26A460CF531
:10AF480080510120FFF786FE03B05DF804FB00BFC7
:10AF5800B469002000B583B08446002300930193B0
:10AF6800810001F16402094901EB42016A46D1F806
:10AF78000600D1F80A1003C26A460CF500510120F8
:10AF8800FFF768FE03B05DF804FB00BFB46900205A
:10AF980000B583B00023009301931E4BB3F819301A
:10AFA80013F0080F02D001228DF8002013F0040FCF
:10AFB80005D09DF8002042F002028DF8002013F021
:10AFC800020F05D09DF8003043F00C038DF80030D7
:10AFD800104BD3F80B20C2F307418DF80110C2F3D0
:10AFE80007218DF802108DF80320D3F81320C2F33F
:10AFF80007218DF804108DF805201B7E8DF8073089
:10B0080000236A4642F2C2310120FFF723FE03B053
:10B018005DF804FB9C0E002000B583B0002300936C
:10B028000193104B1B6913F4805F17D0012253B2B0
:10B038008DF800200B4A126912F4005F10D001222B
:10B0480043EA42038DF8003000236A464FF440512A
:10B058000120FFF7FFFD03B05DF804FB0022E6E7DF
:10B068000022EDE7000C024000B583B000230093F6
:10B07800019307496A460869496903C26A4643F267
:10B0880001010120FFF7E6FD03B05DF804FB00BFF6
:10B098005069002000B583B000230093019307494D
:10B0A8006A468868C96803C26A4643F202010120F9
:10B0B800FFF7D0FD03B05DF804FB00BF5069002026
:10B0C80000B583B0002300930193114A11888DF8CD
:10B0D8000010090A8DF8011051888DF80210090A2C
:10B0E8008DF8031091888DF80410090A8DF8051061
:10B0F800D2888DF80620120A8DF807206A4643F296
:10B1080010010120FFF7A6FD03B05DF804FB00BFA6
:10B11800FC0F002000B583B00023009301930E4973
:10B128008A898DF80020120A8DF80120CA898DF8C5
:10B138000220120A8DF803200A8A8DF80420120AC8
:10B148008DF805206A4643F211010120FFF782FDC0
:10B1580003B05DF804FB00BFFC0F002010B5FFF73B
:10B16800BBFDFFF7DFFDFFF719FEFFF755FEFFF701
:10B1780079FEFFF79FFEFFF7B3FE002404E02046A8
:10B18800FFF7CAFE0134E4B2012CF8D9002464B1F7
:10B19800FFF7FEFEFFF740FFFFF792FFFFF7BAFF4A
:10B1A800FFF762FFFFF776FF10BD2046FFF7D2FEDC
:10B1B8000134E4B2EBE7000040F68C23984208D94A
:10B1C800084B1B781E2B0BD80133064A137000203E
:10B1D8007047044B187820B1013818700020704768
:10B1E800012070476869002040F2DB53984208D874
:10B1F800084B1B781E2B0BD80133064A137000200E
:10B208007047044B187820B1013818700020704737
:10B21800012070476C69002045F26043984208D9C4
:10B22800084B1B781E2B0BD80133064A13700020DD
:10B238007047044B187820B1013818700020704707
:10B24800012070477C69002042F6DF63984208D8E5
:10B25800084B1B781E2B0BD80133064A13700020AD
:10B268007047044B187820B10138187000207047D7
:10B27800012070477E6900200A4B984208DD0A4B7E
:10B288001B781E2B0BD80133074A13700020704718
:10B29800054B187820B1013818700020704701203C
:10B2A800704700BF38080B00706900200A4B9842AD
:10B2B80008DA0A4B1B781E2B0BD80133074A137088
:10B2C80000207047054B187820B10138187000200D
:10B2D80070470120704700BFC081FAFF76690020DF
:10B2E80059B1B0F5167F08DD084B1B78322B0BD807
:10B2F8000133064A137000207047044B187820B1B8
:10B3080001381870002070470120704772690020CA
:10B3180059B110F5967F08DA084B1B78322B0BD8F9
:10B328000133064A137000207047044B187820B187
:10B338000138187000207047012070477469002098
:10B34800B0F5167F08DD094B1B78322B0BD801337B
:10B35800064A137000207047044B187820B1013852
:10B368001870002070470120704700BF78690020DE
:10B3780010F5967F08DA094B1B78322B0BD801336E
:10B38800064A137000207047044B187820B1013822
:10B398001870002070470120704700BF7A690020AC
:10B3A80040F2DB53984212DCB0F5967F08DD0A4B79
:10B3B8001B78312B0DD80133074A137000207047D2
:10B3C800054B187830B101381870002070470020FC
:10B3D80070470120704700BF6E69002040F2DB53C0
:10B3E800984211DC962808DD094B1B78312B0DD8C3
:10B3F8000133074A137000207047054B187830B1A5
:10B4080001381870002070470020704701207047ED
:10B418006A69002038B5524BB3F80940C4F34015A7
:10B42800C4F30014B3F85200FFF7C6FE01284FD04A
:10B438004B4BB3F85700FFF7D7FE01284ED0484BC7
:10B448001869FFF7E9FE01284ED0454B1869FFF748
:10B45800FBFE01284ED0424B186BFFF70DFF012869
:10B468004ED03F4B186BFFF721FF01284ED02946DD
:10B478003B4BB3F96000FFF733FF01284CD0294656
:10B48800374BB3F96400FFF743FF01284AD0214640
:10B49800334BB3F96000FFF753FF012848D021462A
:10B4A8002F4BB3F96400FFF763FF012846D02C4BFC
:10B4B800B3F95C00FFF774FF012845D0284BB3F9B6
:10B4C8005C00FFF78BFF012844D0264B186838BD75
:10B4D800244A136843F001031360A9E7214A13685B
:10B4E80043F002031360AAE71E4A136843F00403FB
:10B4F8001360AAE71B4A136843F008031360AAE71E
:10B50800184A136843F010031360AAE7154A136832
:10B5180043F020031360AAE7124A136843F040037C
:10B528001360ACE70F4A136843F080031360AEE77B
:10B538000C4A136843F4A0731360B0E7094A136810
:10B5480043F420731360B2E7064A136843F4806338
:10B558001360B3E7034A136843F480631360B4E7E6
:10B56800B46900208069002040F62723984208D853
:10B57800084B1B781E2B0BD80133064A137000208A
:10B588007047044B187820B10138187000207047B4
:10B598000120704769690020B0F5E16F08D9094BAF
:10B5A8001B781E2B0BD80133064A137000207047F6
:10B5B800044B187820B1013818700020704701201A
:10B5C800704700BF6D69002045F23F13984208D8C4
:10B5D800084B1B781E2B0BD80133064A137000202A
:10B5E8007047044B187820B1013818700020704754
:10B5F800012070477D690020B0F5615F08D9094BCB
:10B608001B781E2B0BD80133064A13700020704795
:10B61800044B187820B101381870002070470120B9
:10B62800704700BF7F6900200A4B984208DA0A4B2E
:10B638001B781E2B0BD80133074A13700020704764
:10B64800054B187820B10138187000207047012088
:10B65800704700BF78ECFFFF7169002041F2883322
:10B66800984208DD084B1B781E2B0BD80133064A7D
:10B67800137000207047044B187820B101381870F7
:10B6880000207047012070477769002011B9B0F594
:10B69800FA7F08DA084B1B78322B0BD80133064A9D
:10B6A800137000207047044B187820B101381870C7
:10B6B80000207047012070477369002091B110F194
:10B6C800C70F08DB094B1B78322B0DD80133074A0B
:10B6D800137000207047054B187830B10138187086
:10B6E80000207047002070470120704775690020CE
:10B6F80091B1B0F5FA7F08DA094B1B78322B0DD8D7
:10B708000133074A137000207047054B187830B191
:10B7180001381870002070470020704701207047DA
:10B728007969002091B110F1C70F08DB094B1B782C
:10B73800322B0DD80133074A137000207047054B90
:10B74800187830B101381870002070470020704711
:10B75800012070477B690020F92808DC084B1B781A
:10B76800322B0BD80133064A137000207047044B64
:10B77800187820B1013818700020704701207047F0
:10B788006F690020812808DC084B1B78322B0BD806
:10B798000133064A137000207047044B187820B113
:10B7A8000138187000207047012070476B6900202D
:10B7B80038B5524BB3F80940C4F34015C4F300142C
:10B7C800B3F85200FFF7D0FE01284FD04B4BB3F827
:10B7D8005700FFF7E1FE01284ED0484B1869FFF7E4
:10B7E800F3FE01284ED0454B1869FFF705FF0128E5
:10B7F8004ED0424B186BFFF717FF01284ED03F4B36
:10B80800186BFFF72BFF01284ED029463B4BB3F9A5
:10B818006000FFF73BFF01284CD02946374BB3F9AE
:10B828006400FFF74BFF01284AD02146334BB3F998
:10B838006000FFF75DFF012848D021462F4BB3F980
:10B848006400FFF76FFF012846D02C4BB3F95C006A
:10B85800FFF782FF012845D0284BB3F96800FFF7AE
:10B8680091FF012844D0264B186838BD244A136834
:10B8780023F001031360A9E7214A136823F00203A8
:10B888001360AAE71E4A136823F004031360AAE7AB
:10B898001B4A136823F008031360AAE7184A1368C1
:10B8A80023F010031360AAE7154A136823F0200356
:10B8B8001360AAE7124A136823F040031360ACE749
:10B8C8000F4A136823F080031360AEE70C4A13682D
:10B8D80023F480731360B0E7094A136823F40073F4
:10B8E8001360B2E7064A136823F480631360B3E772
:10B8F800034A136823F480631360B4E7B469002033
:10B9080080690020114A536983F480535361104BB6
:10B918001B683BB1536983F4005353610D4B2022DC
:10B928009A6170470A4B9B8833B10A4B4FF4001257
:10B938009A6110229A617047064B4FF480129A61FF
:10B948004FF400129A6108229A617047001402406D
:10B95800B469002000100240034B1B6913F4007FF8
:10B968000CBF012000207047000C0240034B1B69EC
:10B9780013F4806F0CBF012000207047000C0240B8
:10B98800054B1B681BB1054B04229A617047034B9A
:10B998004FF480229A617047B46900200010024079
:10B9A800144B08229A61144A4FF480419161202275
:10B9B8009A6140229A6180229A614FF480729A615A
:10B9C800A3F580634FF400229A614FF480129A61C4
:10B9D8004FF400129A614FF480329A614FF40032AA
:10B9E8009A61A3F500634FF080429A614FF00042DC
:10B9F8009A6170470014024000040240164B1B680D
:10BA08009B0807EE903AF8EE677A144B93ED007AAC
:10BA1800B8EE477AC7EE876A114BC3ED006A93ED1B
:10BA2800007AF7EE007AB4EEE77AF1EE10FA01DD6B
:10BA3800C3ED007A0023084A1360084A1360084BD4
:10BA480093ED000AF7EE007A77EEC07A9FED050ACB
:10BA580027EE800A704700BF246B0020286B002067
:10BA6800C86A00200000C842094A136801331360FD
:10BA7800084A1268934206D283F00303064A116803
:10BA88000B4413607047024B00221A60704700BFD6
:10BA9800386B002010000020306B002010B582B0F9
:10BAA800B94B93E803000090ADF8041000F0EEFAEB
:10BAB80043E0B64A536983F00103536100F098FAF2
:10BAC80001F0E0F9B24BB3F8053013F4007F03D16D
:10BAD800B048FDF761FE43E0AD4823F40073A0F8D9
:10BAE80005303B30FDF7B6FDF2E7A94BB3F805305A
:10BAF80013F4807F03D1A84B00229A705A70A64B8A
:10BB0800197A0020FBF7A4FEFCF77AFAFFF7ACFFDE
:10BB1800A24B01221A70F6F711FCA14B1B68C01A40
:10BB2800B0F57A7F08D3F6F709FC9D4B1860FFF74C
:10BB380065FF9C4B83ED000A30BF0020FFF79EF89D
:10BB4800994B1B78012BF7D1974B00221A70974A13
:10BB5800B2F80F30013399B2A2F80F300929A8D9E9
:10BB6800924BB3F80F30013B592BCFD801A252F8B2
:10BB780023F000BFF3BA000815BB000815BB000886
:10BB880015BB0008E5BC000815BB000815BB00087C
:10BB9800EDBC000815BB000815BB0008FBBC00087D
:10BBA80015BB000815BB000809BD000815BB000837
:10BBB80015BB000815BB000815BB000815BB00081D
:10BBC80015BD000815BB000815BB000815BB00080B
:10BBD80015BB00081DBD000815BB000815BB0008F3
:10BBE80015BB000815BB00082BBD000815BB0008D5
:10BBF80015BB000815BB000815BB000839BD0008B7
:10BC080015BB000815BB000815BB000815BB0008CC
:10BC180015BB000815BB000815BB000815BB0008BC
:10BC280015BB000815BB000815BB000815BB0008AC
:10BC380015BB000815BB000815BB000815BB00089C
:10BC480015BB000815BB000815BB000815BB00088C
:10BC580015BB000815BB000815BB000815BB00087C
:10BC680015BB000815BB000815BB000815BB00086C
:10BC780015BB000845BD000815BB000815BB00082A
:10BC880015BB000815BB000815BB000815BB00084C
:10BC980015BB000815BB000815BB000859BD0008F6
:10BCA80015BB000815BB000815BB000815BB00082C
:10BCB80069BD000815BB000815BB000815BB0008C6
:10BCC80015BB000815BB000815BB000815BB00080C
:10BCD80015BB000815BB00088BBD00080020FCF749
:10BCE800B1F913E70020FCF7CBF90120FCF7AAF91A
:10BCF8000CE70120FCF7C4F90220FCF7A3F905E7DB
:10BD08000220FCF7BDF9FCF7D3F9FFE60020FCF7A9
:10BD1800E9F9FBE60020FCF703FA0120FCF7E2F959
:10BD2800F4E60120FCF7FCF90220FCF7DBF9EDE66C
:10BD38000220FCF7F5F9FCF739F9E7E61C4C204638
:10BD480000F03AF8204600F067F900F05BF9DDE60C
:10BD5800174800F07FF900F01FFB00F06EF9D5E6F8
:10BD680000F065F9134A13780133DBB21370092B1D
:10BD78007FF6CCAE0748FDF74DFE0E4B00221A7039
:10BD8800C4E6FFF7EBF9C1E6E4D40008000C024072
:10BD9800CC6A00203A6A0020B8080020346B0020E2
:10BDA8002C6B0020C46A00204C6C0020106B002013
:10BDB800B4690020C06A002070B54E4BB3F8053056
:10BDC80013F0020F1ED04C4A156854689168D26867
:10BDD800C0F8D650C0F8DA40C0F8DE10C0F8E2204B
:10BDE80013F0040F1CD0454B1A685B68C0F8CE20CE
:10BDF800C0F8D23000210C468E460B4647F6FF7637
:10BE08003F4D18E03F4A156854689168D268C0F8F9
:10BE1800D650C0F8DA40C0F8DE10C0F8E220DFE7FC
:10BE2800394B1A685B68C0F8CE20C0F8D230E1E719
:10BE3800114401339BB2032B0ED803F1640200EBCB
:10BE48004202B2F90620AA4201DD1C461546B2425A
:10BE5800EEDA9E461646EBE7A0F86050E3B20133EF
:10BE680080F86330A0F864605FFA8EF3013380F8DD
:10BE7800673009B200290BDB8910A0F85E10AD1BF2
:10BE8800A0F8685000210B4647F6FF750E4604E0FF
:10BE98000331F1E7114401339BB2072B12D803F1A8
:10BEA800680200EB4202B2F806C01FFA8CF2B242F6
:10BEB80002D90FFA8CF61C46AA42EBD20FFA8CF57F
:10BEC8009E46E7E7B3B2A0F852600134A0F85540A7
:10BED800AAB2A0F857500EF1010EA0F85AE0C164BA
:10BEE8000161C1F3CF01A0F850109B1AA0F85C3093
:10BEF80070BD00BFCC6A0020EE6A0020FE6A0020F8
:10BF08000080FFFFC90800206909002010B487B02D
:10BF18000023039304930593009301930293304BFA
:10BF28005B5C83B92E4A012454542E4A525C9A42CF
:10BF380012D901EB810203EB82022B4C44F8220058
:10BF48000133DBB2F1E7294B5B5C01EB810203EBC8
:10BF58008203254A42F82300244A535C0133DBB2AA
:10BF68005354132B02D9134600225A541D4A535CCA
:10BF78000133DBB25354132B02D9134614225A54FB
:10BF8800002310E001EB810203EB8202164850F80F
:10BF9800224006AA02EB810050F80C2C224440F8FB
:10BFA8000C2C0133DBB20F4A525C9A42EAD86AB9C8
:10BFB80006AB03EB810343F8182C06AB03EB8101B6
:10BFC80051F8180C07B05DF8044B704706AB03EB4B
:10BFD800810050F80C3C93FBF2F340F8183CECE776
:10BFE8003C6B0020306C0020406B0020346C00203B
:10BFF80008B5FFF787FCFFF7C3FCFFF7ADFCFFF7B9
:10C00800B5FC08BD08B5FDF7FFFAFDF769F8FCF7C0
:10C018001FFDFCF735FE08BD10B50446416C006BEA
:10C0280000F05EFFB4F8760000F07AFF10BD08B5A6
:10C03800FCF70CF9FCF7B8F908BD08B5FDF73CFEAC
:10C04800FDF752FEFDF768FEFDF77EFEFDF71CFECC
:10C0580008BD000010B504460B4BB3F8053013F0CB
:10C06800400F04D0084BB3F80730036010BDFEF74B
:10C0780067F8A080FEF708FAA080FFF7CBF92060E8
:10C08800FFF796FB2060F1E7CC6A002008B5FDF7C2
:10C0980059FDFCF73FFCFCF7FDFAFFF781FCFEF7C2
:10C0A8003BFC00F0DDFEFDF77BF9FCF705FEFDF734
:10C0B80093F9FCF7D1FCFCF76BFCFDF7A3FD00F04E
:10C0C800E5FEFBF7E3FE00F00DF808BD4379013308
:10C0D800DBB24371062B01D800207047002343715F
:10C0E80001207047034B00221A605A609A60C3F817
:10C0F8000B207047386C0020037813F0010F2BD009
:10C10800244B4FF480629A61037813F0020F28D011
:10C11800204B4FF400629A61037813F0040F25D086
:10C128001C4B4FF480529A61037813F0080F22D009
:10C13800184B4FF400729A61037813F0100F1FD058
:10C14800144B80229A61037813F0200F1DD0114BF5
:10C158004FF480729A6170470E4B4FF080629A617B
:10C16800D2E70C4B4FF000629A61D5E7094B4FF0CC
:10C1780080529A61D8E7074B4FF000729A61DBE76B
:10C18800044B4FF400029A61DDE7024B4FF08072D6
:10C198009A617047001002400F4B1B6913F0800F23
:10C1A80017D000230C4A126912F4807F01D143F0A2
:10C1B8000403094A126912F0100F01D143F0100369
:10C1C800054A126912F0200F01D143F02003437091
:10C1D80070470223E6E700BF001802400278437860
:10C1E8009A420AD0074A13780133DBB213701E2B28
:10C1F80002D9134614221A707047024B00221A7093
:10C20800704700BF476C0020044B1B792BB9034BC8
:10C2180001221A7100221A709A727047386C002035
:10C22800034B0022DA729A721A71DA70704700BFF3
:10C23800386C0020034BDB7813B9024B0122DA700B
:10C24800704700BF386C0020054A0023D37013786C
:10C2580003F0FC03137003F0F8031370704700BF7A
:10C26800386C002010B504464A4B1B688BB1FFF7A9
:10C27800EBFFFFF7D5FF2379013B0E2B43D8DFE80F
:10C2880003F0101C28344242424242424242424297
:10C298004000FFF7B9FFE37A012BECD1FFF7CAFFA3
:10C2A800E9E7237843F0040323702046FFF70EFFE5
:10C2B800012828D10223237125E0237843F00103C4
:10C2C80023702046FFF702FF01281CD103232371A6
:10C2D80019E0237843F0020323702046FFF7F6FEA7
:10C2E800012810D1042323710DE0237823F00103E2
:10C2F80023702046FFF7EAFE012804D10F2323719B
:10C3080001E0E37A3BB1E378013B032B14D8DFE883
:10C3180003F00A1A26322046FFF7D8FE0128F2D188
:10C328000123E372EFE7237843F0200323702046CC
:10C33800FFF7CCFE012803D0E3780F2B27D010BDE0
:10C348000223E370F8E7237843F0080323702046BC
:10C35800FFF7BCFE0128EFD10323E370ECE7237855
:10C3680043F0100323702046FFF7B0FE0128E3D105
:10C378000423E370E0E7237823F0080323702046C2
:10C38800FFF7A4FE0128D7D10F23E370D4E70123D8
:10C39800A372D4E7B469002010B50A4BB3F805308E
:10C3A80013F0200F0AD0084C2046FFF7A5FE2046C0
:10C3B800FFF7F2FE2046FFF711FF10BD0248FFF716
:10C3C80051FFF0E7CC6A0020386C002000B501F17D
:10C3D800020E8379234A4FF0010C82F800C0B12B7A
:10C3E80017D0B22B22D006230B7002234B700323E5
:10C3F8008B720423CB72002308228A70CB700279D7
:10C408000A7142794A7182798A71C279CA711A4667
:10C4180023E0154B02221A708268144B1A60C26816
:10C42800134B1A60134BAA221A70DCE78268124B6E
:10C438005A608289A3F80920002303F10802024404
:10C44800117A0D4A1A44D1720133DBB2F5E71EF8AE
:10C458000300024492B20133DBB2052BF7D90A81FB
:10C468005DF804FBBE750020BE1D0020A419002045
:10C4780084690020BF1D0020A819002010B501F113
:10C48800020C444B1A680A72C2F307244C72C2F3B6
:10C4980007448C72120ECA729A880A73120A4A7377
:10C4A8003D4A12788A73B3F80920CA731A6B0A6175
:10C4B8001A69CA615A690A62B3F87C208A84B3F897
:10C4C8008020364CA4FB0242D208CA8493F88D20FF
:10C4D80081F8282093F88E2081F8292093F88F205E
:10C4E80081F82A20B3F88430A1F82B3000230EE01D
:10C4F80003F1640E274A02EB4E02B2F906E003F19B
:10C50800080201EB4202A2F804E001339BB2032BBC
:10C51800EED9002308E01F4A1A4492F986E0CA18A7
:10C5280082F82DE001339BB2062BF4D9194BB3F8EE
:10C5380080201A4CA4FB0242D208CA8493F88D20AA
:10C5480081F8282093F88E2081F8292093F88F20ED
:10C5580081F82A20B3F88430A1F82B3006230B7019
:10C5680002234B70032381F83630042381F83730D7
:10C57800002334228A70CB7042684A601A4605E06C
:10C588001CF80300024492B201339BB2332BF7D953
:10C598008A8610BDB4690020386C0020CDCCCCCC84
:10C5A800F8B506460D468C1C4779482200212846D6
:10C5B80000F074FF00220FE07B1E03EB43131344CB
:10C5C80068331E4901EB4303D98802F1100305EBD8
:10C5D80043039980013292B2072AEDD900220FE075
:10C5E8007B1E03EB431313446433144901EB4303E9
:10C5F800B3F9061002F10C0325F81310013292B2B8
:10C60800032AEDD906232B7002236B70032385F8C8
:10C618004630042385F8473000234422AA70EB7083
:10C6280072686A601A4604E0E05C024492B2013320
:10C638009BB2412BF8D9A5F84420F8BDB469002075
:10C6480070B506460D468C1C8379C079012B13D032
:10C65800022B1AD006232B7002236B70032385F854
:10C668004A30042385F84B3000234822AA70EB7027
:10C6780072686A601A4610E0717A337A05F1080226
:10C6880043EA0121FBF752FFE4E7FBF7D9FFE1E7B3
:10C69800E05C024492B20133DBB2452BF8D9A5F82D
:10C6A800482070BD2DE9F04184B006460D468379D7
:10C6B800C2798C1C0189DC2B6FD000F1080012D8DC
:10C6C800AC2B1FD0BC2B6AD1B368002B5ED1484A73
:10C6D8001370484A82F8A43082F8A53082F8A63050
:10C6E80082F8A7305BE0EC2B59D1002A6CD0012AE4
:10C6F80055D1404BB3F876202A72B3F876301B0A2E
:10C708006B724CE09AB1012A49D13A4B93F88D20CB
:10C718002A7293F88E206A7293F88F20AA72B3F85F
:10C728008420EA72B3F884301B0A2B7337E0337A1B
:10C73800632B34D8737A0C2B31D8B37A1F2B2ED8AD
:10C748002D4F4FF01408CDF8088003230193009073
:10C7580010234FF4FE42A0213846F7F75DFD0A206A
:10C76800F5F7F2FD06F10B03CDF8088002220192DD
:10C778000093102347F60372A0213846F7F74CFDC3
:10C788000A20F5F7E1FDFCF7C5F808E0184A012191
:10C798001170184AC2F8A43001E0012A0FD006230C
:10C7A8002B7002236B700323AB760423EB760022F5
:10C7B8001823AB70EA7073686B60134611E064234A
:10C7C8002B7200236B72EAE742F20F739942E6D8A4
:10C7D800084BA3F87610E2E7E05C024492B201331A
:10C7E800DBB2152BF8D92A8304B0BDE8F08100BF6D
:10C7F800486C0020B469002054020020837901F1BC
:10C80800020CFC2B0FD006230B7002234B70032362
:10C818008B760423CB76002218238B70CA7043686A
:10C828004B60134609E0074B01221A70EBE71CF82E
:10C838000300024492B20133DBB2152BF7D90A8305
:10C84800704700BF496C00202DE9F04F93B00546B2
:10C8580088460B794C790CB1013CE4B2603B0F2B54
:10C868003DD8DFE813F010003C003C003C003C00E1
:10C878003C003C003C003C003C003F003C004500C4
:10C888003C003C000301221D894B53F82200F3F7BA
:10C89800D9FD06460F464FEA8408864B03EB84040D
:10C8A8002068F3F7F1FD02460B4630463946F3F7A8
:10C8B80043FE06460F46CDE908677F4B4344186898
:10C8C800F3F7E2FD02460B4630463946F3F77EFCA5
:10C8D80002460B46CDE90A23F4F740F8A86013B0E6
:10C8E800BDE8F08F0434724B53F82430AB60F6E7A0
:10C8F800D8F81200F3F7B6FD06460F46D8F80A0036
:10C90800F3F7B0FDCDE9040102460B46304639463F
:10C91800F3F75AFC06460F46CDE90867D8F80E909B
:10C928004846F3F79FFDCDE90601D8F80680404652
:10C93800F3F798FD82468B4602460B46DDE9060171
:10C94800F3F742FC02460B46CDE90A233046394646
:10C95800F3F71CFF02460B46CDE90C23F4F746F823
:10C968001190F3F791FD06460F4602460B465046D6
:10C978005946F3F7E1FD02460B46CDE90823DDE908
:10C988000401F3F721FC02460B46CDE90A23F4F72C
:10C998002DF810900022494B30463946F3F7CCFD6C
:10C9A80002460B46CDE90823F3F7D8FFA0F2EE20A4
:10C9B800B0F5FA7F01D8C1450CD100233F20287279
:10C9C800422169720F22AA72EB7228736973AA73E3
:10C9D800EB7384E7A6B204F5FA5308339B009AB2C6
:10C9E800374F4FF03209CDF808904FF00408CDF8D2
:10C9F800048011AB00931023A0213846F7F70CFCF4
:10CA08000A20F5F7A1FC06F5FA530C339AB2920006
:10CA180092B2CDF80890CDF8048010AB00931023A3
:10CA2800A0213846F7F7F8FB0A20F5F78DFCFBF74D
:10CA380031FEA6001F4B03EB84042068F3F724FDA6
:10CA480019A3D3E90023F3F777FD02460B46CDE996
:10CA58000823F3F783FFA860174B3344D3ED007A1C
:10CA6800FDEEE77A17EE903AEB6038E7A600114B37
:10CA780003EB84042068F3F707FD0BA3D3E9002335
:10CA8800F3F75AFD02460B46CDE90823F3F766FF94
:10CA9800A860094B3344D3ED007AFDEEE77A17EE30
:10CAA800903AEB601BE700BF0000000080842E4135
:10CAB800B4690020B06A0020A469002000408F40BB
:10CAC80054020020000000002DE9F04F91B0834689
:10CAD80088460C7991F805A0BAF1000F03D00AF145
:10CAE800FF3A5FFA8AFAFCF717FBA4F1C0030F2B91
:10CAF80000F2D980DFE813F01000D700D700D70084
:10CB0800D700D700D700D700D700D7002000D7001C
:10CB18003600D700D700DA00BAF1000F07D0BAF113
:10CB2800020F04D0744B1B68CBF80830BBE0734B82
:10CB38001B68CBF80830B6E0BAF1000F02D0BAF1A2
:10CB4800020F03D16D4B1B68CBF80830BAF1010F07
:10CB580003D0BAF1030F40F0A680674B1B68CBF8EF
:10CB68000830A0E0D8F81200F3F77CFC04460D4624
:10CB7800D8F80A00F3F776FC06460F4602460B463D
:10CB880020462946F3F720FB04460D46CDE9064525
:10CB9800D8F80E00F3F766FCCDE90401D8F80600D2
:10CBA800F3F760FC8046894602460B46DDE904013E
:10CBB800F3F70AFB02460B46CDE90823204629462F
:10CBC800F3F7E4FD02460B46CDE90A23F3F70EFF1F
:10CBD8000F90F3F759FC04460D4602460B464046B3
:10CBE8004946F3F7A9FC02460B46CDE90623304631
:10CBF8003946F3F7E9FA02460B46CDE90823F3F77D
:10CC0800F5FE0E9000223E4B20462946F3F794FC91
:10CC1800CDE906011FFA8AF40AF5FA52920092B297
:10CC2800384D14270297042601960FAB0093102362
:10CC3800A0212846F7F7F0FA0A20F5F785FB04F556
:10CC4800FA5333449AB2920092B2029701960EAB0D
:10CC580000931023A0212846F7F7DEFA0A20F5F7FB
:10CC680073FBFBF717FD4FEA8A04274B03EB8A0A8D
:10CC7800DAF80000F3F708FC1DA3D3E90023F3F763
:10CC88005BFC02460B46CDE90623F3F767FECBF8BB
:10CC980008001E4B2344D3ED007AFDEEE77A17EE29
:10CCA800903ACBF80C3011B0BDE8F08F4FEA8A0407
:10CCB800154B03EB8A0ADAF80000F3F7E5FB0CA33F
:10CCC800D3E90023F3F738FC02460B46CDE90623E7
:10CCD800F3F744FECBF808000C4B2344D3ED007A5D
:10CCE800FDEEE77A17EE903ACBF80C30DBE700BFA1
:10CCF8000000000080842E41886900208C69002093
:10CD080000408F4054020020A06A0020946900204F
:10CD180070B506460D468C1C427983792AB903F012
:10CD2800F003602B11D0C02B14D006232B700223E4
:10CD38006B700323AB760423EB7600231822AA70CA
:10CD4800EB7072686A601A460EE0811C0848FFF7AB
:10CD58007BFDEAE7811C0648FFF7B6FEE5E7E05CE5
:10CD6800024492B20133DBB2152BF8D92A8370BD85
:10CD7800EC6D002038B52B4B1C799D794FF4FA6285
:10CD88000021294800F08AFBA4F10B03132B42D899
:10CD9800DFE803F00A414141414110161C4141417D
:10CDA800274141413341412D1F491E48FFF70EFBE2
:10CDB8000C2231E01C491B48FFF760FB38222BE0AE
:10CDC80019491848FFF7ECFB482225E0174C204684
:10CDD800FCF740FC1449A4F10800FFF74FFB382288
:10CDE8001AE011490F48FFF793FF1C2214E00E497F
:10CDF8000C48FFF725FC4C220EE0FC2D05D00A4913
:10CE08000848FFF74FFC1C2206E007490548FFF7D2
:10CE1800F5FC1C2200E00C2203490548F9F73CFF09
:10CE280038BD00BF546D0020EC6D00205C6D002003
:10CE3800E407002008B500F021FA00F093FA00B9E1
:10CE480008BDFFF797FF002304E0044A0021D154EE
:10CE580001339BB2972BF8D9F2E700BF546D00203D
:10CE680038B5064C98252A460021204600F016FBC6
:10CE78002A4621460248FAF72DFA38BDBC6C002034
:10CE8800E407002008B5FFF7D5FF08BD134B0022C3
:10CE9800642183F8821083F883206FF00B0183F8F4
:10CEA8008010012183F8811083F84A2083F84B20F1
:10CEB80083F840206FF0770C83F841C02A2083F86C
:10CEC8004200112183F8431083F8442083F845C0B9
:10CED80083F8460083F84710704700BFB469002004
:10CEE800002818DD0C4AD2F872301844C2F87200D3
:10CEF8000A4BA3FB0131490901EB81010B01B0EB9E
:10CF0800011F08D9C01A1346C2F87200B2F8762079
:10CF18000132A3F876207047B46900201F85EB51D1
:10CF2800134B1B88834217D0114B188040F6B83337
:10CF3800984212D90F4B462283F88220002283F8A8
:10CF480083200C4A136C0C49A1FB03135B09B2F84C
:10CF5800821001FB03F353647047074BA3FB0030B7
:10CF68004009C0F16400034BA3F88200E9E700BF61
:10CF780014000020B46900201F85EB510268144B8F
:10CF88009A4204D00268134B9A4210D07047124B51
:10CF9800DB7A022B07D0104B1B7B022BF2D10E4BF6
:10CFA80003221A73EEE70C4B0322DA72EAE70A4B04
:10CFB8001B7B022B07D0084B5B7B022BE6D1064B71
:10CFC80003225A73E2E7044B03221A73704700BF27
:10CFD8000030014000380040B808002044F6CC0377
:10CFE80098420FD946F6DE33984205D947F2CE5318
:10CFF800984225D8112317E045F61843984221D9BD
:10D00800222311E042F24443984205D943F22053C7
:10D01800984219D9442307E041F62303984215D9C9
:10D02800662301E00133DBB28D2B04D81D4A32F8A8
:10D0380013208242F6D88D2B0AD853B91A48704764
:10D048000023F1E73323EFE75523EDE77723EBE7F9
:10D058008D238D2B1FD0134931F813C0A0EB0C0082
:10D0680080B200EB8000420012B2581E31F8101056
:10D07800A1EB0C0109B203EB8300400080B292FBE4
:10D08800F1F39BB2C01A80B2A0F5FA7000B2B0F505
:10D09800AF6F03DC70474FF4617070474FF4AF60B7
:10D0A800F8E700BF0CD600080CFEFFFF104BD3F8C2
:10D0B800FC2022F08072C3F8FC20D3F8FC2042F058
:10D0C8008072C3F8FC20A3F55D431A6822F00102C0
:10D0D8001A601A6842F001021A6000225A6000BF02
:10D0E80000BF00BF5B680BB1104670470120704756
:10D0F80000ED00E010B582B00190094B5C68F8F7CC
:10D10800B7FC084AA2FB0032920C019B03FB02F217
:10D11800034B5B681B1B9342FAD302B010BD00BFE0
:10D12800001000E083DE1B4338B51F4B1B68002B43
:10D1380038D01E4B1B78DBB2012B33D01B4B01229E
:10D148001A70002400E00134062C28D804EB4403AC
:10D1580004EB8302144B13441B79012BF3D1124BBC
:10D168001344D3F80530002BEDD00F491144D1F802
:10D1780009200132C1F809209342E4DC0D46D1F8B8
:10D188000D30984700236B72AB72EB722B732871CA
:10D198000028D8D1044A1368013B1360D3E7034B36
:10D1A80000221A7038BD00BF506C00204A6C002065
:10D1B80008B502682C4B9A4231D02C4B01221A70C8
:10D1C8002B4A13780133DBB21370092B05D91346A8
:10D1D80000221A70274B01229A72264BB3F80F309F
:10D1E800632B03D9234B0022DA731A74214BB3F84B
:10D1F8000F30012B16D0282B19D0322B1CD03C2BEA
:10D208001ED0462B20D0502B22D0552B24D05A2B61
:10D2180026D05F2B0AD1174B0122DA7206E0FFF7FE
:10D2280083FFCAE7134B01225A709A7008BD114B4D
:10D2380001229A70DA70F9E70E4B01229A71F5E72C
:10D248000C4B01229A73F1E70A4B01225A71EDE760
:10D25800084B0122DA71E9E7064B01221A71E5E76A
:10D26800044B01221A72E1E7000001404C6C0020D7
:10D278004B6C0020106B00207047704738B5314860
:10D28800848D836B1B685B689BB2E41AA4B2F9F7C0
:10D29800CBFF68B92C4B1B88A3420FD02B4B012224
:10D2A8001A80294B1C802A4B1B88012B0ED038BDB5
:10D2B800982228492348FAF70DF8EBE7234B1B88F7
:10D2C800012BF0D1224B01221A80ECE700231F4AE0
:10D2D80013801F4A1380204B1A88A242E7D011D22C
:10D2E800A51AADB21D4B1D80002306E0D1181948C0
:10D2F800405C1B49C85401339BB29D42F6D8164B7B
:10D308001C80D4E7C2F1980189B2144B198000231C
:10D3180008E0D0180F4D15F800C0114800F803C0F8
:10D3280001339BB29942F4D8002CE8D0002306E0E0
:10D33800CA180848C55C0A48855401339BB2A34201
:10D34800F6D3DCE7E4070020C0750020B06C0020AD
:10D35800B26C0020BC6C0020BC750020B46C0020AE
:10D36800546D0020002347E09A1C14F802E02F4A6D
:10D37800A2F800E003F1030C14F80C404EEA042E66
:10D38800A2F800E0BEF1930F43D80EEB0102284C3F
:10D39800A65C284A168003EB0E077D1C645D46EAEE
:10D3A8000426168002224FF0000C07E05418204D86
:10D3B8002C5DA4441FFA8CFC013292B29645F5D834
:10D3C800664526D1BA1C1A4CA25C032A21D1FD1C41
:10D3D800625D042A1DD1002305E0CC18144A145DAF
:10D3E800D45401339BB20EF104029342F5D300E00A
:10D3F8000020F0BD01339BB28B2B14D819460C4A80
:10D40800D05C0128F6D1F0B55A1C094CA25C022A5E
:10D41800AAD001339BB28B2BEAD81946044AD05CB8
:10D428000128F6D1F0E70020704700BFB66C002055
:10D43800546D0020B86C002070B50D4D0D4C641B68
:10D44800A4100026A64209D10B4D0C4C00F02EF872
:10D45800641BA4100026A64205D170BD55F8043BF4
:10D4680098470136EEE755F8043B98470136F2E74E
:10D4780030D7000830D7000830D7000834D7000864
:10D488000A44914200F1FF3300D1704710B511F8FA
:10D49800014B03F8014F9142F9D110BD02440346F4
:10D4A800934200D1704703F8011BF9E7F8B500BFB4
:10D4B800F8BC08BC9E467047F8B500BFF8BC08BC6D
:04D4C8009E467047C5
:10D4CC00000000000000000004000600080000003E
:10D4DC000C000E000D000000040006000800000007
:10D4EC000000000000000000010203040607080908
:10D4FC0000000000010203040006101600061016BE
:10D50C0000070E091C1B1215383F363124232A2D17
:10D51C0070777E796C6B6265484F464154535A5D07
:10D52C00E0E7EEE9FCFBF2F5D8DFD6D1C4C3CACDF7
:10D53C0090979E998C8B8285A8AFA6A1B4B3BABDE7
:10D54C00C7C0C9CEDBDCD5D2FFF8F1F6E3E4EDEAD7
:10D55C00B7B0B9BEABACA5A28F88818693949D9AC7
:10D56C002720292E3B3C35321F18111603040D0AB7
:10D57C005750595E4B4C45426F68616673747D7AA7
:10D58C00898E878095929B9CB1B6BFB8ADAAA3A497
:10D59C00F9FEF7F0E5E2EBECC1C6CFC8DDDAD3D487
:10D5AC00696E676075727B7C51565F584D4A434477
:10D5BC00191E171005020B0C21262F283D3A333467
:10D5CC004E49404752555C5B7671787F6A6D646357
:10D5DC003E39303722252C2B0601080F1A1D141347
:10D5EC00AEA9A0A7B2B5BCBB9691989F8A8D848337
:10D5FC00DED9D0D7C2C5CCCBE6E1E8EFFAFDF4F327
:10D60C00227BE77AA87A677A247ADD79947947794C
:10D61C00F978A8784E780778BA7767770D77AB7674
:10D62C004176CE754E75C2742774BF735073DA721F
:10D63C005A72D0713A719870E86F266F526EC46D41
:10D64C002C6D8B6CDE6B256B5E6A8869A168A66796
:10D65C009466DD651A654C647163896291618860BA
:10D66C006D5F3D5EF55C185C305B3B5A3A592A584D
:10D67C000C57DC559B544653D751E050DF4FD24EDC
:10D68C00B94D934C604B1E4ACC486947F445F54460
:10D69C00ED43DC42C1419C406B3F2F3EE63C913B4D
:10D6AC002B3A37393C383A37313620350734E632A5
:10D6BC00BC318830442F682E872DA12CB72BC72A5C
:10D6CC00D229D728D627D026BE2503254424832348
:10D6DC00BE22F6212B215C208A1FB41ECD1D341DC9
:10D6EC00981CFB1B5C1BBB1A181A7319CC1823183B
:10D6FC006317E8166C16EF157015F0146F14ED1314
:10D70C006A13E5125112F0118F112D11CA10671006
:0CD71C0003109E0F390FD30E5F0E140E89
:08D728003C34FF7F010000000A
:04D73000AD0100083F
:04D73400890100085F
:10D738000024F4000100000010000000011388011B
:08D74800606D0000FFFF00000E
:040000050800225974
:00000001FF
