:020000040800F2
:100000000000022089230008051C0008071C0008C6
:10001000091C00080B1C00080D1C00080000000053
:100020000000000000000000000000000F1C00089D
:10003000111C000800000000131C0008151C00081B
:10004000D9230008D9230008D9230008D9230008A0
:10005000D9230008D9230008D9230008D923000890
:10006000D9230008D9230008D9230008D923000880
:10007000651C0008D9230008751C0008851C0008B1
:10008000951C0008A51C0008D9230008B51C000811
:10009000C91C0008D9230008D9230008D923000867
:1000A000D9230008D91C0008D9230008D923000847
:1000B000D9230008D9230008D9230008E91C000827
:1000C000D9230008F91C0008091D0008D9230008DD
:1000D000D9230008191D0008291D0008391D000832
:1000E000D9230008D9230008D9230008D923000800
:1000F000D9230008D9230008D9230008D9230008F0
:10010000D9230008D9230008D9230008D9230008DF
:10011000D9230008D9230008D9230008D9230008CF
:10012000491D0008591D0008691D0008791D0008B7
:10013000891D0008D9230008D9230008D923000805
:10014000D9230008D9230008D9230008D92300089F
:10015000991D0008D9230008A91D0008D92300080B
:10016000D9230008D9230008D9230008D92300087F
:10017000D9230008D9230008D92300080000000073
:08018000D9230008D92300086F
:1001880010B5054C237833B9044B13B10448AFF3C9
:1001980000800123237010BD18000020000000001B
:1001A800D815010808B5034B1BB103490348AFF341
:1001B800008008BD000000001C000020D8150108C0
:1001C800034613F8012B002AFBD1181A013870478F
:1001D80081F0004102E000BF83F0004330B54FEAF0
:1001E80041044FEA430594EA050F08BF90EA020F5D
:1001F8001FBF54EA000C55EA020C7FEA645C7FEAF0
:10020800655C00F0E2804FEA5454D4EB5555B8BF12
:100218006D420CDD2C4480EA020281EA030382EA83
:10022800000083EA010180EA020281EA0303362D15
:1002380088BF30BD11F0004F4FEA01314FF4801CE8
:100248004CEA113102D0404261EB410113F0004FFA
:100258004FEA03334CEA133302D0524263EB4303B1
:1002680094EA050F00F0A780A4F10104D5F1200E4F
:100278000DDB02FA0EFC22FA05F2801841F10001AA
:1002880003FA0EF2801843FA05F359410EE0A5F17E
:1002980020050EF1200E012A03FA0EFC28BF4CF0AF
:1002A800020C43FA05F3C01851EBE37101F0004565
:1002B80007D54FF0000EDCF1000C7EEB00006EEB72
:1002C8000101B1F5801F1BD3B1F5001F0CD34908FC
:1002D8005FEA30004FEA3C0C04F101044FEA445253
:1002E80012F5800F80F09A80BCF1004F08BF5FEADA
:1002F800500C50F1000041EB045141EA050130BDBA
:100308005FEA4C0C404141EB0101013C28BFB1F5CB
:10031800801FE9D291F0000F04BF01460020B1FA16
:1003280081F308BF2033A3F10B03B3F120020CDAE9
:100338000C3208DD02F1140CC2F10C0201FA0CF0C7
:1003480021FA02F10CE002F11402D8BFC2F1200C2C
:1003580001FA02F120FA0CFCDCBF41EA0C019040E2
:10036800E41AA2BF01EB0451294330BD6FEA04042B
:100378001F3C1CDA0C340EDC04F11404C4F1200216
:1003880020FA04F001FA02F340EA030021FA04F328
:1003980045EA030130BDC4F10C04C4F1200220FA7F
:1003A80002F001FA04F340EA0300294630BD21FABD
:1003B80004F0294630BD94F0000F83F4801306BF83
:1003C80081F480110134013D4EE77FEA645C18BF77
:1003D8007FEA655C29D094EA050F08BF90EA020F0E
:1003E80005D054EA000C04BF1946104630BD91EA06
:1003F800030F1EBF0021002030BD5FEA545C05D109
:100408004000494128BF41F0004130BD14F5800447
:100418003CBF01F5801130BD01F0004545F0FE41BB
:1004280041F470014FF0000030BD7FEA645C1ABFF0
:10043800194610467FEA655C1CBF0B46024650EA27
:10044800013406BF52EA033591EA030F41F4002153
:1004580030BD00BF90F0000F04BF0021704730B5D9
:100468004FF4806404F132044FF000054FF00001AE
:1004780050E700BF90F0000F04BF0021704730B56F
:100488004FF4806404F1320410F0004548BF404244
:100498004FF000013EE700BF42004FEAE2014FEA99
:1004A80031014FEA02701FBF12F07F4393F07F4F74
:1004B80081F06051704732F07F4208BF704793F077
:1004C8007F4F04BF41F40021704730B54FF460748A
:1004D80001F0004521F000411CE700BF50EA01028D
:1004E80008BF704730B54FF000050AE050EA010236
:1004F80008BF704730B511F0004502D5404261EBA6
:1005080041014FF4806404F132045FEA915C3FF4E6
:10051800D8AE4FF003025FEADC0C18BF03325FEA83
:10052800DC0C18BF033202EBDC02C2F1200300FA34
:1005380003FC20FA02F001FA03FE40EA0E0021FA59
:1005480002F11444BDE600BF70B54FF0FF0C4CF447
:10055800E06C1CEA11541DBF1CEA135594EA0C0FF9
:1005680095EA0C0F00F0DEF82C4481EA030621EA34
:100578004C5123EA4C5350EA013518BF52EA03356F
:1005880041F4801143F4801338D0A0FB02CE4FF021
:100598000005E1FB02E506F00042E0FB03E54FF051
:1005A8000006E1FB03569CF0000F18BF4EF0010E49
:1005B800A4F1FF04B6F5007F64F5407404D25FEA45
:1005C8004E0E6D4146EB060642EAC62141EA5551F8
:1005D8004FEAC52040EA5E504FEACE2EB4F1FD0C3A
:1005E80088BFBCF5E06F1ED8BEF1004F08BF5FEAB8
:1005F800500E50F1000041EB045170BD06F000466A
:1006080046EA010140EA020081EA0301B4EB5C0416
:10061800C2BFD4EB0C0541EA045170BD41F480110E
:100628004FF0000E013C00F3AB8014F1360FDEBF33
:10063800002001F0004170BDC4F10004203C35DA0F
:100648000C341BDC04F11404C4F1200500FA05F392
:1006580020FA04F001FA05F240EA020001F0004233
:1006680021F0004110EBD37021FA04F642EB0601A9
:100678005EEA430E08BF20EAD37070BDC4F10C04D3
:10068800C4F1200500FA04F320FA05F001FA04F297
:1006980040EA020001F0004110EBD37041F1000183
:1006A8005EEA430E08BF20EAD37070BDC4F120058E
:1006B80000FA05F24EEA020E20FA04F301FA05F2F6
:1006C80043EA020321FA04F001F0004121FA04F29E
:1006D80020EA020000EBD3705EEA430E08BF20EA6E
:1006E800D37070BD94F0000F0FD101F000464000A8
:1006F80041EB010111F4801F08BF013CF7D041EA2A
:10070800060195F0000F18BF704703F0004652002D
:1007180043EB030313F4801F08BF013DF7D043EAFE
:100728000603704794EA0C0F0CEA135518BF95EAB4
:100738000C0F0CD050EA410618BF52EA4306D1D13B
:1007480081EA030101F000414FF0000070BD50EA5A
:10075800410606BF1046194652EA430619D094EAE4
:100768000C0F02D150EA013613D195EA0C0F05D1CE
:1007780052EA03361CBF104619460AD181EA030122
:1007880001F0004141F0FE4141F470014FF00000DA
:1007980070BD41F0FE4141F4780170BD70B54FF075
:1007A800FF0C4CF4E06C1CEA11541DBF1CEA1355F5
:1007B80094EA0C0F95EA0C0F00F0A7F8A4EB0504D7
:1007C80081EA030E52EA03354FEA013100F08880CE
:1007D8004FEA03334FF0805545EA131343EA126397
:1007E8004FEA022245EA111545EA10654FEA00264C
:1007F8000EF000419D4208BF964244F1FD0404F505
:10080800407402D25B084FEA3202B61A65EB030560
:100818005B084FEA32024FF480104FF4002CB6EB1D
:10082800020E75EB030E22BFB61A754640EA0C009D
:100838005B084FEA3202B6EB020E75EB030E22BFDD
:10084800B61A754640EA5C005B084FEA3202B6EB1E
:10085800020E75EB030E22BFB61A754640EA9C00DD
:100868005B084FEA3202B6EB020E75EB030E22BFAD
:10087800B61A754640EADC0055EA060E18D04FEA6B
:10088800051545EA16754FEA06164FEAC30343EA0B
:1008980052734FEAC2025FEA1C1CC0D111F4801FD8
:1008A8000BD141EA00014FF000004FF0004CB6E7D1
:1008B80011F4801F04BF01430020B4F1FD0C88BF70
:1008C800BCF5E06F3FF6AFAEB5EB030C04BFB6EB7B
:1008D800020C5FEA500C50F1000041EB045170BD6E
:1008E8000EF0004E4EEA113114EB5C04C2BFD4EB9B
:1008F8000C0541EA045170BD41F480114FF0000E1F
:10090800013C90E645EA060E8DE60CEA135594EA9A
:100918000C0F08BF95EA0C0F3FF43BAF94EA0C0F9D
:100928000AD150EA01347FF434AF95EA0C0F7FF412
:1009380025AF104619462CE795EA0C0F06D152EA66
:1009480003353FF4FDAE1046194622E750EA41064A
:1009580018BF52EA43067FF4C5AE50EA41047FF45B
:100968000DAF52EA43057FF4EBAE12E74FF0FF3CC0
:1009780006E000BF4FF0010C02E000BF4FF0010C91
:100988004DF804CD4FEA410C7FEA6C5C4FEA430C0A
:1009980018BF7FEA6C5C1BD001B050EA410C0CBF59
:1009A80052EA430C91EA030F02BF90EA020F0020BB
:1009B800704710F1000F91EA030F58BF994208BF22
:1009C80090422CBFD8176FEAE37040F001007047DF
:1009D8004FEA410C7FEA6C5C02D150EA013C07D136
:1009E8004FEA430C7FEA6C5CD6D152EA033CD3D081
:1009F8005DF8040B704700BF8446104662468C467B
:100A08001946634600E000BF01B5FFF7B7FF0028AD
:100A180048BF10F1000F01BD4DF808EDFFF7F4FFD6
:100A28000CBF012000205DF808FB00BF4DF808ED61
:100A3800FFF7EAFF34BF012000205DF808FB00BF84
:100A48004DF808EDFFF7E0FF94BF012000205DF8A6
:100A580008FB00BF4DF808EDFFF7CEFF94BF01205B
:100A680000205DF808FB00BF4DF808EDFFF7C4FF54
:100A780034BF012000205DF808FB00BF4FEA4102A7
:100A880012F5001215D211D56FF47873B3EB6252D8
:100A980012D94FEAC12343F0004343EA505311F0FF
:100AA800004F23FA02F018BF404270474FF0000091
:100AB800704750EA013005D111F0004008BF6FF0CF
:100AC800004070474FF00000704700BF4A0011D245
:100AD80012F5001211D20DD56FF47873B3EB625290
:100AE8000ED44FEAC12343F0004343EA505323FA9C
:100AF80002F070474FF00000704750EA013002D111
:100B08004FF0FF3070474FF0000070474FEA410246
:100B1800B2F1E04324BFB3F5001CDCF1FE5C0DD953
:100B280001F0004C4FEAC0024CEA5070B2F1004F9D
:100B380040EB830008BF20F00100704711F0804FA0
:100B480021D113F13872BCBF01F00040704741F465
:100B580080114FEA5252C2F11802C2F1200C10FA69
:100B68000CF320FA02F018BF40F001004FEAC1234D
:100B78004FEAD32303FA0CFC40EA0C0023FA02F3F1
:100B88004FEA4303CCE77FEA625307D150EA0133C7
:100B98001EBF4FF0FE4040F44000704701F0004097
:100BA80040F0FE4040F40000704700BF7BB972B9C6
:100BB8000029BEBF00204FF0004106E008BF002812
:100BC8001CBF6FF000414FF0FF3000F0BFB9ADF12E
:100BD800080C6DE904CE002909DB002B1ADB00F0B4
:100BE8004DF8DDF804E0DDE9022304B07047404227
:100BF80061EB4101002B1BDB00F040F8DDF804E05D
:100C0800DDE9022304B0404261EB4101524263EB4B
:100C180043037047524263EB430300F02FF8DDF8BB
:100C280004E0DDE9022304B0404261EB4101704772
:100C3800524263EB430300F021F8DDF804E0DDE9FC
:100C4800022304B0524263EB4303704753B94AB9D5
:100C5800002908BF00281CBF4FF0FF314FF0FF30BC
:100C680000F074B9ADF1080C6DE904CE00F006F897
:100C7800DDF804E0DDE9022304B070472DE9F04710
:100C8800089D04468E46002B4DD18A42944669D968
:100C9800B2FA82F252B101FA02F3C2F1200120FA4B
:100CA80001F10CFA02FC41EA030E94404FEA1C4899
:100CB800210CBEFBF8F61FFA8CF708FB16E341EA95
:100CC800034306FB07F199420AD91CEB030306F11B
:100CD800FF3080F01F81994240F21C81023E63443C
:100CE8005B1AA4B2B3FBF8F008FB103344EA0344E0
:100CF80000FB07F7A7420AD91CEB040400F1FF33F5
:100D080080F00A81A74240F207816444023840EA31
:100D18000640E41B00261DB1D4400023C5E900436A
:100D28003146BDE8F0878B4209D9002D00F0EF80ED
:100D38000026C5E9000130463146BDE8F087B3FA20
:100D480083F6002E4AD18B4202D3824200F2F98008
:100D5800841A61EB030301209E46002DE0D0C5E90B
:100D6800004EDDE702B9FFDEB2FA82F2002A40F057
:100D78009280A1EB0C014FEA1C471FFA8CFE01265A
:100D8800200CB1FBF7F307FB131140EA01410EFBFE
:100D980003F0884208D91CEB010103F1FF3802D2A5
:100DA800884200F2CB804346091AA4B2B1FBF7F09F
:100DB80007FB101144EA01440EFB00FEA64508D9C2
:100DC8001CEB040400F1FF3102D2A64500F2BB80FF
:100DD8000846A4EB0E0440EA03409CE7C6F120074E
:100DE800B34022FA07FC4CEA030C20FA07F401FA94
:100DF80006F31C43F9404FEA1C4900FA06F3B1FB1D
:100E0800F9F8200C1FFA8CFE09FB181140EA014181
:100E180008FB0EF0884202FA06F20BD91CEB01011E
:100E280008F1FF3A80F08880884240F28580A8F176
:100E380002086144091AA4B2B1FBF9F009FB1011C8
:100E480044EA014100FB0EFE8E4508D91CEB010166
:100E580000F1FF346CD28E456AD90238614440EA09
:100E68000840A0FB0294A1EB0E01A142C846A64689
:100E780056D353D05DB1B3EB080261EB0E0101FA12
:100E880007F722FA06F3F1401F43C5E9007100266F
:100E98003146BDE8F087C2F12003D8400CFA02FCC5
:100EA80021FA03F3914001434FEA1C471FFA8CFED5
:100EB800B3FBF7F007FB10360B0C43EA064300FBC5
:100EC8000EF69E4204FA02F408D91CEB030300F163
:100ED800FF382FD29E422DD9023863449B1B89B21A
:100EE800B3FBF7F607FB163341EA034106FB0EF3A3
:100EF8008B4208D91CEB010106F1FF3816D28B4250
:100F080014D9023E6144C91A46EA004638E72E461B
:100F1800284605E70646E3E61846F8E64B45A9D213
:100F2800B9EB020864EB0C0E0138A3E74646EAE782
:100F3800204694E74046D1E7D0467BE7023B614430
:100F480032E7304609E76444023842E7704700BF99
:100F580000B585B0002300930193029303932848BA
:100F6800284A02604FF480324260836001220261A5
:100F7800027680F82030C36223498162C36004216D
:100F8800C16180F83020436101F024FB40BB00239D
:100F9800009301230193072302936946184801F03F
:100FA8005FFC00BB012300930223019369461448A8
:100FB80001F056FCD0B9022300930323019369463C
:100FC8000F4801F04DFCA0B91123009304230193AD
:100FD80069460B4801F044FC70B905B05DF804FBA4
:100FE80000F02CFCD3E700F029FCDBE700F026FC3E
:100FF800E1E700F023FCE7E700F020FCEDE700BFA5
:1010080034000020002001400100000F00B585B029
:10101800002300930193029303932248224A02601B
:101028004FF480324260836001220261027680F8C8
:101038002030C3621D498162C3600321C16180F809
:101048003020436101F0C6FAF8B904230093012364
:101058000193072302936946124801F001FCB8B9CD
:10106800052300930223019369460E4801F0F8FB1B
:1010780088B906230093032301936946094801F0C0
:10108800EFFB58B905B05DF804FB00F0D7FBDCE7CF
:1010980000F0D4FBE4E700F0D1FBEAE700F0CEFB78
:1010A800F0E700BF7C000020002101400100000F94
:1010B80000B585B0002300930193029303931C4865
:1010C8001C4A02604FF48032426083600122026150
:1010D800027680F82030C36217498162C36002211A
:1010E800C16180F83020436101F074FAB0B90A2375
:1010F8000093012301930723029369460C4801F0EA
:10110800AFFB70B90B23009302230193694608488B
:1011180001F0A6FB40B905B05DF804FB00F08EFBBA
:10112800E5E700F08BFBEDE700F088FBF3E700BF95
:10113800C4000020002201400100000F30B58DB02E
:10114800044600230793089309930A930B930368B3
:10115800604A934207D0604A934240D05F4A934224
:101168007BD00DB030BD002501955D4B5A6C42F423
:1011780080725A645A6C02F480720192019A029544
:101188001A6B42F001021A631B6B03F0010302930E
:10119800029B072307930323089307A9514802F0EA
:1011A800F1FA5148514B036045608560C5604FF4C2
:1011B800806303614FF4006343614FF4005383611C
:1011C8004FF48073C3610562456202F0F1F818B903
:1011D800454BA3639C63C4E700F030FBF8E70025A8
:1011E80003953F4B5A6C42F400725A645A6C02F4ED
:1011F80000720392039A04951A6B42F001021A6373
:101208001B6B03F001030493049B702307930323D0
:10121800089307A9334802F0B5FA3548354B0360FF
:101228004FF0007343608560C5604FF480630361CD
:101238004FF4006343614FF4005383614FF48073AC
:10124800C3610562456202F0B3F818B9284BA3637D
:101258009C6386E700F0F2FAF8E700250595204B35
:101268005A6C42F480625A645A6C02F480620592A5
:10127800059A06951A6B42F004021A631B6B03F079
:1012880004030693069B03230793089307A91A48A8
:1012980002F078FA19481A4B03604FF080634360F4
:1012A8008560C5604FF4806303614FF40063436158
:1012B8004FF4005383614FF48073C3610562456244
:1012C80002F076F818B90D4BA3639C6349E700F068
:1012D800B5FAF8E700200140002101400022014052
:1012E80000380240000002400C01002070640240F7
:1012F8006C0100204064024000080240CC0100203C
:101308002864024008B50D480D4B0360062343606E
:1013180000238360C3604FF4202202614FF48012DF
:101328004261037643768376C3760377437701F089
:1013380063FB00B908BD00F081FAFBE72C0200202E
:101348000064004010B588B000230393049305930C
:101358000693079302681D4B9A4201D008B010BD4E
:101368000024019403F5EA331A6C42F000721A64FF
:101378001A6C02F000720192019A02941A6B42F000
:1013880001021A631B6B03F001030293029B4FF4E3
:10139800C05303930223049303230693092307935B
:1013A80003A90B4802F0EEF922460421132001F0AC
:1013B80025FF132001F05AFF22460421142001F0D2
:1013C8001DFF142001F052FFC8E700BF0064004071
:1013D8000000024010B582B0002400943A4B1A6B0A
:1013E80042F480021A631A6B02F480020092009A97
:1013F80001941A6B42F400121A631B6B03F4001376
:101408000193019B224606210C2001F0F7FE0C20D7
:1014180001F02CFF224603210E2001F0EFFE0E20E2
:1014280001F024FF224603210F2001F0E7FE0F20E0
:1014380001F01CFF22460621102001F0DFFE1020DB
:1014480001F014FF22460621112001F0D7FE1120D9
:1014580001F00CFF22460321382001F0CFFE38208E
:1014680001F004FF22460221392001F0C7FE39208D
:1014780001F0FCFE224602213A2001F0BFFE3A208C
:1014880001F0F4FE224603213B2001F0B7FE3B2089
:1014980001F0ECFE224602213C2001F0AFFE3C2088
:1014A80001F0E4FE22460621442001F0A7FE442074
:1014B80001F0DCFE22460621462001F09FFE462070
:1014C80001F0D4FE02B010BD003802402DE9F04F03
:1014D8008FB0002409940A940B940C940D940194F1
:1014E800744B1A6B42F010021A631A6B02F0100266
:1014F8000192019A02941A6B42F004021A631A6B61
:1015080002F004020292029A03941A6B42F020023B
:101518001A631A6B02F020020392039A04941A6B5E
:1015280042F080021A631A6B02F080020492049A55
:1015380005941A6B42F001021A631A6B02F0010259
:101548000592059A06941A6B42F002021A631A6B06
:1015580002F002020692069A07941A6B42F00802F9
:101568001A631A6B02F008020792079A08941A6B1A
:1015780042F040021A631B6B03F040030893089B78
:10158800DFF84481224641F6BF71404602F0ECF98B
:10159800DFF8389122464FF44041484602F0E4F91A
:1015A800DFF82CB122464FF2EC51584602F0DCF934
:1015B80022468021404802F0D7F922464CF20331F6
:1015C8003E4802F0D1F93E4F22460121384602F04A
:1015D800CBF93C4E22464FF48041304602F0C4F924
:1015E80041F6BF73099301250A950B940C9409A938
:1015F800404602F0C7F84FF4404ACDF824A00A95B7
:101608000B940C9409A9484602F0BCF84FF2EC532D
:1016180009930A950B940C9409A9584602F0B2F85C
:10162800802309930A950B940C9409A9224802F087
:10163800A9F8A02309930A940B9409A9484602F033
:10164800A1F84CF2033309930A950B940C9409A959
:101658001A4802F097F8CDF824A00A940B9409A927
:10166800404602F08FF84FF4585309930A940B94AC
:1016780009A9384602F086F84FF4FE7309930A94D4
:101688000B9409A9304602F07DF809950A950B9448
:101698000C9409A9384602F075F84FF48043099371
:1016A8000A950B940C9409A9304602F06BF80FB018
:1016B800BDE8F08F003802400000024000040240FC
:1016C800000C0240001802400010024000080240CE
:1016D8000014024008B50B480B4B03600B4B4360EA
:1016E80000238360C3604FF48042026143618361D9
:1016F800C361036202F04AFD00B908BD00F09EF81C
:10170800FBE700BF5402002000540040A0860100FF
:1017180008B50B480B4B03600B4B436000238360F9
:10172800C3604FF48042026143618361C361036215
:1017380002F02CFD00B908BD00F080F8FBE700BFFF
:10174800A802002000580040A086010030B58BB0E8
:101758000023059306930793089309930368324A75
:10176800934204D0314A93422CD00BB030BD0025AF
:1017780001952F4C236B43F002032363236B03F083
:1017880002030193019BC0230593122306930323AD
:1017980008930423099305A9264801F0F3FF02954D
:1017A800236C43F400132364236C03F400130293A3
:1017B800029B2A4605211F2001F020FD1F2001F071
:1017C80055FDD2E700250395194C236B43F0200300
:1017D8002363236B03F020030393039B03230593E5
:1017E8001222069208930423099305A9124801F0CE
:1017F800C9FF0495236C43F480032364236C03F42A
:1018080080030493049B2A460521212001F0F6FC5D
:10181800212001F02BFD2A460521222001F0EEFCB3
:10182800222001F023FDA0E70054004000580040AA
:1018380000380240000402400014024072B6FEE77D
:1018480000B595B03022002108A80FF0B9FE00239A
:10185800039304930593069307930193224A116C0B
:1018680041F080511164126C02F080520192019A89
:1018780002931E4B1A6842F480421A601B6803F4F4
:1018880080430293029B092308934FF48033099302
:1018980001230D9302230E934FF480020F92192215
:1018A80010924FF4A872119212930723139308A869
:1018B80003F078FE98B90F230393022304930023BF
:1018C80005934FF4A05306934FF4805307930521D3
:1018D80003A804F0B5F820B915B05DF804FBFFF7CC
:1018E800ADFFFFF7ABFF00BF0038024000700040BB
:1018F80008B500F095FDFFF7A3FFFFF7E7FDFFF739
:1019080069FDFFF725FBFFF781FBFFF7D1FBFFF729
:10191800F9FCFFF7DFFE00F01BF800F09BFA00F07F
:10192800D1FA00F087FB00F09FFB00F0B7FBFFF750
:10193800EFFE00F031F800F045FA044804F03EFEEE
:101948000FF03AFC0DF04CFDFEE700BF300500201B
:1019580008B50F480F4B03604FF4827343600023B0
:101968008360C36002220261012242614FF4007267
:1019780082613022C2610362436283620A23C362C6
:1019880004F018FA00B908BDFFF758FFFBE700BFDD
:101998007C0400200030014008B50F480F4B03605D
:1019A8004FF48273436000238360C36002220261A4
:1019B800012242614FF4007282612822C2610362EF
:1019C800436283620A23C36204F0F4F900B908BDD4
:1019D800FFF734FFFBE700BFD404002000380040C5
:1019E8002DE9F0438BB00446002305930693079333
:1019F800089309930368664A934205D0654A93425F
:101A080059D00BB0BDE8F08300250095624B5A6CA5
:101A180042F480525A645A6C02F480520092009A3E
:101A280001951A6B42F002021A631B6B03F0020362
:101A38000193019B382305930223069303230893FC
:101A48000523099305A9554801F09CFE5448554BB8
:101A580003604FF0C063436040238360C5604FF468
:101A68008063036145618561C5610562456201F076
:101A78009FFCD0B94A4BA3649C634B484B4B036013
:101A88004FF0C063436000238360C3604FF48062FB
:101A9800026143618361C3610362436201F088FCB0
:101AA80030B9414BE3649C63ABE7FFF7C7FEE1E75E
:101AB800FFF7C4FEF5E700250295374B1A6C42F490
:101AC80080421A641A6C02F480420292029A0395C8
:101AD8001A6B42F004021A631A6B02F004020392B2
:101AE800039A04951A6B42F002021A631B6B03F007
:101AF80002030493049B0C2305934FF00209CDF8CD
:101B080018904FF00308CDF820800527099705A9FC
:101B1800274801F037FE4FF480660596CDF81890F7
:101B28000795CDF82080099705A91C4801F02AFEE1
:101B38002048214B0360456040238360C5600661EF
:101B480045618561C5610562456201F031FCC0B936
:101B5800184BA3649C631948194B03600023436026
:101B68008360C3604FF48062026143618361C36133
:101B78000362436201F01CFC30B9104BE3649C63C0
:101B88003FE7FFF75BFEE3E7FFF758FEF5E700BF27
:101B98000030014000380040003802400004024094
:101BA8005C03002058640240FC02002010640240DC
:101BB800000802401C04002070600240BC030020A2
:101BC8005860024082B0002100910B4B5A6C42F4DD
:101BD80080425A645A6C02F480420092009A019141
:101BE8001A6C42F080521A641B6C03F08053019304
:101BF800019B02B0704700BF00380240FEE7FEE7D5
:101C0800FEE7FEE7FEE770477047704708B50F4AE2
:101C1800138801339BB21380632B02D91346002229
:101C28001A800B4A1368013313600A4B1B78DBB226
:101C3800012B02D000F00EFC08BD064B00221A70E2
:101C4800054A136801331360F4E700BF2C05002030
:101C580018E100201CE1002014E1002008B502482A
:101C680001F09EFC08BD00BF8807002008B50248A7
:101C780001F096FC08BD00BFBC03002008B502486F
:101C880001F08EFC08BD00BF1C04002008B5024806
:101C980001F086FC08BD00BFC806002008B5024850
:101CA80001F07EFC08BD00BF2807002008B5002011
:101CB8000CF002F8014801F069F908BD2C02002077
:101CC80008B5024801F062F908BD00BF2C020020E7
:101CD80008B5024804F0BAFC08BD00BF3005002072
:101CE80008B5024803F028FB08BD00BF54020020D5
:101CF80008B5024803F020FB08BD00BFA802002079
:101D080008B5024803F0E8FB08BD00BFA8020020A0
:101D180008B5024805F014FB08BD00BFE80700201D
:101D280008B5024805F00CFB08BD00BF2C080020D0
:101D380008B5024805F004FB08BD00BF7008002084
:101D480008B5024801F02CFC08BD00BFFC020020C9
:101D580008B5024801F024FC08BD00BFCC010020F2
:101D680008B5024801F01CFC08BD00BF6C0100204A
:101D780008B5024801F014FC08BD00BF5C03002050
:101D880008B5024801F00CFC08BD00BF0C0100209A
:101D980008B5024801F004FC08BD00BF0806002091
:101DA80008B5024801F0FCFB08BD00BF680600202A
:101DB800034AD2F8883043F47003C2F88830704779
:101DC80000ED00E000B58DB00023089309930A9355
:101DD8000B9303930493059306930793019302933C
:101DE8001A481B4A0260A7224260836040F2E73229
:101DF800C26003614361836104F04AFDD0B94FF4C6
:101E08008053089308A9114804F047FEA8B9002395
:101E18000393049303A90D4804F01AFF80B9002323
:101E28000193029301A9094804F03CFF58B90DB089
:101E38005DF804FBFFF702FDE1E7FFF7FFFCE6E7CB
:101E4800FFF7FCFCEBE7FFF7F9FCF0E730050020B3
:101E58000000014000B587B0002304930593009368
:101E680001930293039316484FF080420260436047
:101E780083604FF0FF32C2600361836104F034FD78
:101E8800A8B900230493059304A90D4804F00AFF98
:101E980080B90022009201230193029203926946BD
:101EA800074804F08BFD40B907B05DF804FBFFF765
:101EB800C5FCE6E7FFF7C2FCEBE7FFF7BFFCF3E77B
:101EC8007805002000B587B000230493059300939C
:101ED8000193029303931648164A02604360836095
:101EE8004FF6FF72C2600361836104F0FDFCA8B97C
:101EF80000230493059304A90D4804F0D3FE80B988
:101F08000022009201230193029203926946084835
:101F180004F054FD40B907B05DF804FBFFF78EFCF0
:101F2800E6E7FFF78BFCEBE7FFF788FCF3E700BF7A
:101F3800C00500200004004002680E4B9A4200D001
:101F4800704700B583B00022019203F59C33596CA9
:101F580041F0010159645B6C03F001030193019B9B
:101F68000121192001F04AF9192001F07FF903B085
:101F78005DF804FB0000014000B58BB00023059319
:101F880006930793089309930368B3F1804F05D02C
:101F9800244A934225D00BB05DF804FB002101913F
:101FA80003F50E331A6C42F001021A641A6C02F03F
:101FB80001020192019A02911A6B42F001021A631E
:101FC8001B6B03F001030293029B4FF4004305933C
:101FD800022306930123099305A9134801F0D2FBB4
:101FE800D9E700210391114B1A6C42F002021A64DE
:101FF8001A6C02F002020392039A04911A6B42F0DF
:1020080004021A631B6B03F004030493049B40232C
:10201800059302230693099305A9054801F0B2FB2D
:10202800B9E700BF00040040000002400038024049
:102038000008024008B50A480A4B03604FF4E13330
:10204800436000238360C36003610C2242618361A3
:10205800C36104F0A9FF00B908BDFFF7EFFBFBE778
:10206800E80700200010014008B50A480A4B036041
:102078004FF41643436000238360C36003610C225E
:1020880042618361C36104F08FFF00B908BDFFF7A7
:10209800D5FBFBE72C0800200044004008B50A489F
:1020A8000A4B03604FF49643436000238360C36088
:1020B80003610C2242618361C36104F075FF00B9BA
:1020C80008BDFFF7BBFBFBE7700800200048004095
:1020D8002DE9F0418CB00446002307930893099337
:1020E8000A930B930368954A934209D0944A934202
:1020F80068D0944A934200F0C4800CB0BDE8F081E7
:1021080000250095904B5A6C42F010025A645A6CA4
:1021180002F010020092009A01951A6B42F0010237
:102128001A631B6B03F001030193019B4FF4C06317
:1021380007930223089303230A9307230B9307A902
:10214800824801F01FFB8248824B03604FF0006316
:1021580043608560C5604FF48063036145618561B4
:102168004FF48073C3610562456201F021F918BB21
:10217800774BA3639C637848784B03604FF0006308
:102188004360402383600023C3604FF48062026190
:1021980043618361C3610362436201F009F970B965
:1021A8006D4B63639C6300220621252001F026F80D
:1021B800252001F05BF8A0E7FFF740FBD8E7FFF721
:1021C8003DFBEDE7002502955F4B1A6C42F40032A7
:1021D8001A641A6C02F400320292029A03951A6B7E
:1021E80042F008021A631B6B03F008030393039B76
:1021F800602307930223089303230A9307230B936F
:1022080007A9574801F0BEFA5648574B03604FF0EC
:102218000063436040238360C5604FF480630361BB
:1022280045618561C5610562456201F0C1F810BB71
:102238004C4B63639C634D484D4B03604FF0006308
:10224800436000238360C3604FF48062026143618E
:102258008361C3610362436201F0AAF870B9434B1A
:10226800A3639C6300220621262000F0C7FF2620D6
:1022780000F0FCFF41E7FFF7E1FAD9E7FFF7DEFAE4
:10228800EDE700250495304B1A6C42F480221A645D
:102298001A6C02F480220492049A05951A6B42F093
:1022A80002021A631A6B02F002020592059A069559
:1022B8001A6B42F008021A631B6B03F008030693BB
:1022C800069B4FF4006307934FF00208CDF8208077
:1022D80003270A9707260B9607A9264801F052FA02
:1022E8004FF480730793CDF8208009950A970B96D1
:1022F80007A91B4801F046FA1F48204B03604FF01E
:10230800006343608560C5604FF480630361456185
:102318008561C5610562456201F04AF858B9164BF6
:10232800A3639C6300220621272000F067FF272073
:1023380000F09CFFE1E6FFF781FAF0E700100140AA
:1023480000440040004800400038024000000240BD
:10235800080600208864024068060020B86402402D
:10236800000C024028070020A0600240C806002098
:10237800886002400004024088070020286002406C
:10238800DFF834D00D480E490E4A002302E0D45835
:10239800C4500433C4188C42F9D30B4A0B4C0023A5
:1023A80001E013600432A242FBD3FFF701FD0FF0F6
:1023B800C5F8FFF79DFA70470000022000000020D2
:1023C80018000020C819010818000020D8EF0020C4
:1023D800FEE7000010B504460E4B18784FF47A73E8
:1023E800B3FBF0F30C4A1068B0FBF3F000F04CFFBD
:1023F80068B90F2C01D901200AE0002221464FF0CC
:10240800FF3000F0FBFE054B1C60002000E00120BF
:1024180010BD00BF040000200000002008000020BC
:1024280008B50B4B1A6842F400721A601A6842F435
:1024380080621A601A6842F480721A60032000F001
:10244800CBFE0020FFF7C6FFFFF7BCFB002008BD4E
:10245800003C0240034A1168034B1B780B4413608D
:10246800704700BFB408002004000020014B186822
:10247800704700BFB408002038B50446FFF7F6FFE0
:102488000546B4F1FF3F02D0044B1B781C44FFF70C
:10249800EDFF401BA042FAD338BD00BF0400002066
:1024A8004A4B5A6822F440325A605A6841680A43D3
:1024B8005A600268536823F4807353600268536853
:1024C800016943EA012353600268536823F04073AB
:1024D80053600268536881680B43536002689368CD
:1024E80023F40063936002689368C1680B439360A8
:1024F800826A374B9A4257D00268936823F0706318
:10250800936002689368816A0B43936002689368DA
:1025180023F04053936002689368C16A0B43936049
:102528000268936823F00203936002689368017E4F
:1025380043EA4103936090F82030002B3FD00268B3
:10254800536843F4006353600268536823F460439C
:10255800536001684B68426A013A43EA42334B6070
:102568000268D36A23F47003D3620168CB6AC26934
:10257800013A43EA0253CB620268936823F400737A
:1025880093600268936890F8301043EA412393609F
:102598000268936823F480639360026893684169D2
:1025A80043EA8123936070470268936823F070635D
:1025B80093600268936823F040539360B0E7026821
:1025C800536823F400635360CAE700BF0023014047
:1025D8000100000F38B310B50446036C43B1236CF7
:1025E80013F0100F0BD00120002384F83C3010BDED
:1025F800FEF7A4FD0023636484F83C30EFE7236C06
:1026080023F4885323F0020343F002032364204693
:10261800FFF746FF00206064236C23F0030343F0B8
:1026280001032364E0E701207047000010B582B081
:1026380013460022019290F83C20012A00F0AE8057
:102648000446012280F83C200268906810F0010FCF
:1026580013D1906840F001009060534A1068534AC3
:10266800A2FB0020800C00EB4000019002E00198E2
:102678000138019001980028F9D12268906810F477
:10268800807F03D0906820F4807090602268906802
:1026980010F0010F77D0206C20F4E06020F00100EA
:1026A80040F480702064526812F4806F05D0226C68
:1026B80022F4405242F480522264226C12F4805F69
:1026C80036D0626C22F006026264002284F83C2054
:1026D800A26B3748D063A26B36481064A26B3648A9
:1026E800D06422686FF0220010602068426842F0CF
:1026F800806242602068826842F48072826020684A
:102708000A4600F14C01A06B00F0B8FE2B4B5B6849
:1027180013F01F0F27D12368294A934211D002F5DD
:102728008072934207D0274A934214D0002033E0A6
:1027380000226264C9E702F50072526812F01F0FA6
:10274800F1D19A6812F0405F2AD19A6842F080422B
:102758009A60002020E002F58072526812F0100F93
:10276800EFD0002018E02368154A934201D00020DA
:1027780012E09A6812F0405F14D19A6842F08042E1
:102788009A60002008E0236C43F010032364636C14
:1027980043F001036364002002B010BD0220FBE790
:1027A8000020F9E70020F7E70000002083DE1B4344
:1027B800F5270008D3270008DF2700080023014079
:1027C8000020014000220140704708B5806BFFF7E8
:1027D800FBFF08BD704708B5806B40230364436C5A
:1027E80043F004034364FFF7F5FF08BD08B503464B
:1027F800806B026C12F0500F25D1036C43F4007308
:10280800036403689A6812F0405F19D1027EBAB96E
:10281800DA6A12F4700F03D09A6812F4806F0FD13D
:102828005A6822F020025A60036C23F48073036410
:10283800036C13F4805F03D1036C43F0010303645A
:102848000AF0E8F808BD026C12F0100F04D1826B90
:10285800D26C18469047F5E7FFF7BCFFF2E7000097
:1028680030B482B00023019390F83C30012B00F083
:10287800BB80012380F83C300B68092B41D90468E0
:10288800E2689BB203EB43031E3B4FF0070C0CFAC4
:1028980003F322EA0303E3600468E2680B8803EBAE
:1028A80043031E3B8D6805FA03F31343E3604B684B
:1028B800062B3DD80468626B03EB8303053B4FF09E
:1028C8001F0C0CFA03F322EA030363630468626BC8
:1028D8004B6803EB8303053BB1F800C00CFA03F324
:1028E800134363630268414B9A4251D002683F4BDD
:1028F8009A4256D0002380F83C30184602B030BCCB
:102908007047046822699BB203EB43034FF0070C3E
:102918000CFA03F322EA03032361046822690B8893
:1029280003EB43038D6805FA03F313432361BEE702
:102938000C2B16D805682A6B03EB8303233B1F2453
:1029480004FA03F322EA03032B6305682A6B4B6836
:1029580003EB8303233B0C8804FA03F313432B6331
:10296800C0E70568EA6A03EB8303413B1F2404FAC6
:1029780003F322EA0303EB620568EA6A4B6803EB98
:102988008303413B0C8804FA03F31343EB62A9E782
:102998000B68122BAAD1164A536843F4800353607C
:1029A800A4E70B68103B012BA4D8114A536843F4E1
:1029B800000353600B68102B9CD10E4B1B6802F16F
:1029C800467202F52E3202F28332A2FB03239B0CDD
:1029D80003EB83035B00019302E0019B013B01933E
:1029E800019B002BF9D185E7022087E700200140F1
:1029F8000023014000000020002800F0A18038B525
:102A0800044690F82030D3B12268136843F00103DC
:102A18001360FFF72BFD054623685A6812F0010F73
:102A280010D1FFF723FD401B0A28F5D9636A43F448
:102A380000336362052384F82030012038BDFEF797
:102A480081FCE1E71A6822F002021A60FFF70EFD26
:102A5800054623685A6812F0020F0DD0FFF706FDED
:102A6800401B0A28F5D9636A43F4003363620523DF
:102A780084F820300120E1E7227E012A3DD01A683F
:102A880022F080021A60637E012B3BD02268136813
:102A980023F040031360A37E012B39D0226813680A
:102AA80023F020031360E37E012B37D022681368DC
:102AB80043F010031360237F012B35D0226813687D
:102AC80023F008031360637F012B33D02268136857
:102AD80023F004031360A368E268134322691343D5
:102AE800626913436268013A21681343CB6100208D
:102AF8006062012384F82030A0E71A6842F080025F
:102B08001A60C0E72268136843F040031360C2E705
:102B18002268136843F020031360C4E7226813682F
:102B280023F010031360C6E72268136843F0080314
:102B38001360C8E72268136843F004031360CAE708
:102B48000120704790F82030013BDBB2012B05D9FA
:102B5800436A43F4802343620120704730B5464BF3
:102B6800D3F8002242F00102C3F80022D3F8002271
:102B780022F47C52C3F80022D3F80022486A42EAC1
:102B88000022C3F800224A6902F01F02012000FA5D
:102B980002F2D3F81C026FEA020C20EA0200C3F822
:102BA8001C02CB69C3B9344BD3F80C020CEA000001
:102BB800C3F80C028C884869CD6844EA054448305B
:102BC80043F830408C68088840EA04404C6904F1B6
:102BD800480E03EBCE035860CB69012B1ED08B69DE
:102BE800002B33D12448D0F804320CEA0303C0F890
:102BF80004320B698BBB2048D0F814320CEA03036B
:102C0800C0F814320B6A012B2ED01B4AD2F80032BE
:102C180023F00103C2F80032002030BD164BD3F870
:102C28000C021043C3F80C028C8848690D6844EA0A
:102C38000544483043F8304088894C698D6840EA3B
:102C48000540483403EBC4035860C8E70A48D0F885
:102C580004321343C0F80432CBE70748D0F81432E3
:102C68001343C0F81432CDE70349D1F81C321A4394
:102C7800C1F81C22C9E700BF0064004070B50446D3
:102C880090F82050EDB2012D06D0436A43F400239A
:102C980043620125284670BD022380F8203002686F
:102CA800136823F001031360FFF7E0FB064623686F
:102CB8005B6813F0010F0CD0FFF7D8FB831B0A2BBE
:102CC800F5D9636A43F400336362052384F820303E
:102CD800E0E700256562DDE730B590F820C00468BC
:102CE800A4680CF1FF3C5FFA8CFCBCF1010F6BD8B7
:102CF80014F0E05F62D0C4F3016CBCF1020F05D997
:102D0800436A43F400034362012062E0012404FAA9
:102D18000CF41C608B68002B3DD10D68CB680468EF
:102D280043EA45550CF118031B01E55003680C698B
:102D38000CF1180E03EB0E135C600B7D012B35D0E4
:102D4800D17993791B0443EA0163517943EA01235A
:102D580014790168234301EB0C11C1F88C31D17847
:102D680093781B0443EA0163517843EA01231178FD
:102D780002680B4302EB0C12C2F8883102680CF1AE
:102D8800180C4FEA0C1C52F80C3043F0010342F8BF
:102D98000C3000201DE04C6843EAC403CC68234390
:102DA8000CF11804240105682B51BFE7036803EBF5
:102DB8000E13596841F480715960C1E7436A43F4BE
:102DC80000134362012004E0436A43F48023436212
:102DD800012030BD90F82030013BDBB2012B01D936
:102DE800002070470368986810F0806000D00120C8
:102DF8009A6812F0006F00D001309B6813F0805F72
:102E0800EFD00130704790F820C00CF1FF3C5FFA1A
:102E18008CFCBCF1010F00F2958030B451B9046804
:102E2800E46814F0030F10D1436A43F400134362BB
:102E3800012077E00468246914F0030F05D1436A80
:102E480043F40013436201206CE001F11B042401E8
:102E580005682C5904F004049460002C64D101F135
:102E68001B04240105682C59640D1460046801F1E1
:102E78001B0C4FEA0C1C54F80C4004F00204D460FC
:102E880004686444646804F00F04146104686444CA
:102E98006468C4F307249461046864446468240C77
:102EA8005461026802EB0112D2F8B8211A70026864
:102EB80002EB0112D2F8B821C2F307225A70026855
:102EC80002EB0112D2F8B821C2F307429A700268E5
:102ED80002EB0112D2F8B821120EDA70026802EB86
:102EE8000112D2F8BC211A71026802EB0112D2F861
:102EF800BC21C2F307225A71026802EB0112D2F810
:102F0800BC21C2F307429A71026802EB0112D2F89F
:102F1800BC21120EDA7179B90268D36843F0200334
:102F2800D360002030BC704701F11B042401056800
:102F38002C59E408546099E70268136943F02003A8
:102F48001361EEE7436A43F480234362012070472C
:102F580090F82030013BDBB2012B05D9436A43F4DA
:102F68008023436201207047026853691943516105
:102F78000020704770477047704770477047704728
:102F88007047704770477047704770472DE9F84F92
:102F9800054603685C69D3F804809F68D3F80CB0D1
:102FA800D3F810A0D3F8189014F001063BD017F00E
:102FB800010616D001229A6017F0020F08D117F007
:102FC800040F0CD117F0080606D04FF4805608E01D
:102FD800FFF7D0FF002604E0FFF7CFFF01E04FF432
:102FE800006617F4807F0DD02B684FF480729A60CA
:102FF80017F4007F40F0868017F4806F00F0868019
:1030080046F4005617F4803F0DD02B684FF48032F9
:103018009A6017F4003F40F0838017F4802F00F087
:10302800838046F4004614F0080F07D01BF0100FF9
:1030380004D046F400762B681022DA6014F0040FEE
:1030480002D01BF0080F79D114F0020F04D02B68BE
:10305800DB6813F0030F78D114F0400F07D01AF093
:10306800100F04D046F480662B6810221A6114F001
:10307800200F02D01AF0080F6BD114F0100F04D0F3
:103088002B681B6913F0030F6AD114F4003F02D0B8
:1030980018F0100F68D114F4803F02D018F0080F10
:1030A80069D114F4004F7AD018F0040F74D014F4D6
:1030B800807F04D019F0010F01D046F0010614F406
:1030C800007F04D019F0020F01D046F0020614F474
:1030D800806F04D019F0040F01D046F0040614F4F0
:1030E800006F59D019F0700956D0B9F1400F65D06A
:1030F80058D8B9F1200F5ED0B9F1300F42D146F05F
:10310800200644E02846FFF736FF7BE717F4006FF8
:1031180002D046F4804675E72846FFF72FFF71E78F
:103128002846FFF729FF7EE717F4002F02D046F460
:10313800803678E72846FFF722FF74E72B680822D5
:10314800DA602846FFF71CFF7EE728460AF02AFEC9
:1031580082E72B6808221A612846FFF713FF8CE7DD
:103168002846FFF70EFF90E72B6810225A60284682
:10317800FFF709FF8FE72B6808225A602846FFF7F8
:1031880003FF8EE7B9F1100F01D146F008062A684F
:10319800936923F0700393612B6804225A609EB9E7
:1031A800BDE8F88FB9F1500F0BD0B9F1600FEED12F
:1031B80046F48076EBE746F01006E8E746F040066E
:1031C800E5E746F08006E2E76B6A1E436E62284632
:1031D800FFF7DBFEE4E70000074AD36823F4E06367
:1031E8001B041B0C000200F4E060034343F0BF63C0
:1031F80043F40033D360704700ED00E000B5194B8D
:10320800DB68C3F30223C3F1070CBCF1040F28BF2A
:103218004FF0040C03F1040EBEF1060F18D9033B5E
:103228004FF0FF3E0EFA0CFC21EA0C0199400EFA11
:1032380003F322EA0303194300280BDB0901C9B28F
:1032480000F1604000F5614080F800135DF804FB70
:103258000023E5E700F00F000901C9B2024B195439
:10326800F4E700BF00ED00E014ED00E0002807DB04
:1032780000F01F02400901239340024A42F820301F
:10328800704700BF00E100E00138B0F1807F0BD249
:103298004FF0E0235861054AF02182F823100020FE
:1032A800986107221A6170470120704700ED00E01D
:1032B80030B405682C6824F480242C6004686360AA
:1032C8008368402B05D0036899600368DA6030BCD6
:1032D800704703689A600368D960F8E710B4036818
:1032E800D9B210390C4AA2FB014212090B4CA25C5C
:1032F800C2655F2909D923F47F7323F003030433DC
:103308008365806D5DF8044B704723F47F7323F069
:1033180003038365F5E700BFABAAAAAA341701081F
:10332800836A826992B9012B0AD0022B02D00BB1B1
:1033380000207047C36A13F0807F28D100207047AF
:10334800C36AB3F1C07F24D000207047B2F5005F94
:1033580009D0022B25D9032B25D1C36A13F0807F0E
:1033680023D100207047032B03D8DFE803F01404AF
:10337800140A00207047C36A13F0807F0DD1002023
:103388007047C36AB3F1C07F09D00020704701209D
:1033980070470120704701207047012070470120C5
:1033A80070470120704700207047012070470000D7
:1033B80070B50446FFF75AF8002C5BD00546022387
:1033C80084F83530002384F834302268136823F0F9
:1033D8000103136023681A6812F0010F0AD0FFF77F
:1033E80045F8431B052BF5D920236365032084F892
:1033F800350070BD1A68204810406168A2680A4309
:10340800E1680A4321690A4361690A43A1690A43D9
:10341800E1690A43216A0A430243616A04291ED00A
:103428001A602668756925F00705636A1D43042B31
:1034380007D1A36A1D43E36A1BB12046FFF770FF5B
:1034480090B975612046FFF749FFE26D3F2393402D
:10345800836000206065012384F83530C9E7E16A9C
:10346800206B01430A43DBE740236365012084F8AE
:103478003500BEE70120BCE73F8010F038B50446B0
:10348800856D90F8340001282BD0012084F8340091
:1034980094F83500C0B2012804D0002384F83430F1
:1034A800022038BD022084F83500002060652046DF
:1034B800FFF7FEFEE26D3F239340AB60226813687E
:1034C80043F016031360236C23B12268136843F09A
:1034D800080313602268136843F001031360002097
:1034E800DFE70220DDE770B50446866DFEF7BEFF14
:1034F80094F83530DBB2022B06D0802363650023B5
:1035080084F83430012070BD05462268136823F022
:10351800160313602268536923F080035361236CF8
:10352800E3B12268136823F0080313602268136864
:1035380023F00103136023681B6813F0010F11D0F7
:10354800FEF794FF431B052BF5D920236365032061
:1035580084F83500002384F83430D4E7A36C002BBA
:10356800DFD1E3E7E26D3F239340B360012384F8A2
:103578003530002084F83400C5E790F83530DBB2E8
:10358800022B03D08023436501207047052380F870
:1035980035300268136823F0010313600020704778
:1035A800F0B583B0044600230193724B1D68724B3B
:1035B800A3FB0535AD0A876D3E68C26D08239340AD
:1035C800334210D003681A6812F0040F0BD01A683F
:1035D80022F004021A60C26D08239340BB60436D59
:1035E80043F001034365E26D01239340334209D060
:1035F8002268526912F0800F04D0BB60636D43F0FB
:1036080002036365E26D04239340334209D02268C4
:10361800126812F0020F04D0BB60636D43F004031C
:103628006365E26D10239340334224D02268126808
:1036380012F0080F1FD0BB6023681A6812F4802F9D
:103648000DD01B6813F4002F04D1236C9BB12046C6
:10365800984710E0A36C73B1204698470BE01A68AE
:1036680012F4807F03D11A6822F008021A60236CD2
:103678000BB120469847E26D20239340334255D042
:103688002268126812F0100F50D0BB6094F83530E1
:10369800DBB2052B0ED023681A6812F4802F33D0C2
:1036A8001B6813F4002F2AD1636C002B3ED02046F0
:1036B80098473BE02268136823F0160313602268DA
:1036C800536923F080035361236CA3B12268136804
:1036D80023F008031360E26D3F239340BB6001238E
:1036E80084F83530002384F83430236D002B3FD024
:1036F800204698473CE0A36C002BE7D1EBE7E36B4F
:10370800A3B12046984711E01A6812F4807F09D1C6
:103718001A6822F010021A60012384F83530002359
:1037280084F83430E36B0BB120469847636DFBB1E6
:10373800636D13F0010F17D0052384F83530226824
:10374800136823F001031360019B01330193AB421B
:1037580004D823681B6813F0010FF5D1012384F8FE
:103768003530002384F83430E36C0BB12046984799
:1037780003B0F0BD00000020B5814E1B90F8350065
:103788007047000000230F2B00F2E48070B582B070
:1037980060E085685E000324B44025EA0405CC682F
:1037A800B4402C438460456825EA02054C68C4F39C
:1037B80000129A402A4342605AE0DC08083450F864
:1037C800246003F0070295000F22AA4026EA020EA1
:1037D8000A69AA4042EA0E0240F824205CE0072267
:1037E80000E0002202FA0EF22A4302345A4D45F84C
:1037F80024205A4A94686FEA0C0224EA0C054E68A1
:1038080016F4801F01D04CEA0405544CA560E46806
:1038180002EA04054E6816F4001F01D04CEA0405BC
:103828004E4CE560646802EA04054E6816F4003FF1
:1038380001D04CEA0405494C6560246822404D6873
:1038480015F4803F01D04CEA0402444C2260013355
:103858000F2B7DD801229A400C6804EA020C32EA48
:103868000404F4D14C6804F00304013C012C90D901
:103878004A6802F00302032A09D0C4685D000322E3
:10388800AA4024EA02048A68AA402243C2604A681D
:1038980002F00302022A90D004684FEA430E032282
:1038A80002FA0EF224EA02044A6802F0030202FA5B
:1038B8000EF2224302604A6812F4403FC7D0002249
:1038C8000192274A546C44F480445464526C02F4C4
:1038D80080420192019A9C08A51C1F4A52F8255063
:1038E80003F003024FEA820E0F2202FA0EF225EAD3
:1038F80002051C4A90423FF474AF02F58062904280
:103908001AD002F58062904218D002F58062904287
:1039180016D002F58062904214D002F5806290427F
:1039280012D002F58062904210D002F58062904277
:103938003FF455AF082255E7012253E7022251E729
:1039480003224FE704224DE705224BE7062249E709
:1039580002B070BD704700BF00380140003C014014
:1039680000380240000002400AB181617047090432
:103978008161704790F83E30DBB2402B10D003696C
:10398800B3F5804F1BD0036D002B39D1436CC3F3C3
:10399800C813026803F0060343F0F003136170478D
:1039A800036D2BB9436C026803F0FE031361704783
:1039B800436C026843F00103DBB21361704790F86F
:1039C8003D30DBB2212B0FD0436C026843F001037A
:1039D800DBB21361436B6BB1DB6B5BB1026853689D
:1039E80043F4006353607047436C026803F0FE03BE
:1039F8001361EFE7836B33B1DB6B002BEED102E091
:103A0800036D012B00D07047436CC3F3C8130268E1
:103A180003F0060343F0F1031361F4E7436C026813
:103A2800DBB21361436B3BB1DB6B2BB102685368AC
:103A380043F4006353607047836B002BFBD0DB6B50
:103A4800002BF3D1F7E710B48BB090F83E30DAB220
:103A5800C16A046B90F83D30DBB2222B0BD00023F7
:103A6800099303685A6909929B690993099B0BB0EA
:103A78005DF8044B7047036D0BB9402A17D0036DEE
:103A88001BB90369B3F5404F19D0438D9BB2002B86
:103A980025D1029303685A6902929A690292029A9E
:103AA8001A6842F400721A6000230365DFE7009386
:103AB80003685A6900929B690093009BD7E700232B
:103AC800019303685A6901929A690192019A1A68E6
:103AD80042F480721A60036D01330365C7E7438DB2
:103AE8009BB2012B25D0438D9BB2022B7BD0026861
:103AF800136843F48063136003685A6812F4006F14
:103B08000ED011F5803F07D0012905D0082903D030
:103B1800102901D0202903D15A6842F480525A60F2
:103B28000023089303685A6908929B690893089BC5
:103B3800BAE711F5803F11D0082934D0202932D0B6
:103B4800122C2ED0042940D002293ED010293CD076
:103B58000268136823F4806313603BE0026813680B
:103B680023F48063136003685A6812F4006F0CD062
:103B78001A6822F480621A600023039303685A6962
:103B880003929B690393039B8EE7002204925A6970
:103B980004929A690492049A1A6842F400721A60AC
:103BA80082E70129CED00268136823F4806313608A
:103BB8000023069303685A6906929A690692069A40
:103BC8001A6842F400721A606EE70268136843F4D8
:103BD800806313600023059303685A6905929B6903
:103BE8000593059B60E704290ED002290CD0102903
:103BF8000AD00268136823F48063136002681368AC
:103C080043F40063136004E00268136843F48063BC
:103C1800136003685A6812F4006F0ED011F5803FE4
:103C280007D0012905D0082903D0102901D020295F
:103C380003D15A6842F480525A60002307930368FC
:103C48005A6907929B690793079B2DE7438D9BB29F
:103C58005BB1426A036812781A61436A01334362AE
:103C6800438D9BB2013B9BB243857047438D9BB20A
:103C78005BB103681A69436A1A70436A0133436285
:103C8800438D9BB2013B9BB24385704782B00023B2
:103C980001930E4B1B68DB080D4AA2FB03231B0A8A
:103CA80003EB83030193019B013B0193019B33B118
:103CB80003681B6813F4007FF5D1002004E0036C4F
:103CC80043F020030364012002B070470000002085
:103CD80089B5F81403685A6912F4806F01D100207D
:103CE80070476FF480625A6100230363202280F8D2
:103CF8003D2080F83E30026C42F00402026480F8F5
:103D08003C3001207047C36AB3F52A0F04D0C36A58
:103D1800B3F12A4F03D070470123C36270470823C9
:103D2800C362F8E72DE9F04107460D4690461E4666
:103D380024E0FEF79BFB069BC01AB04200D8EEB900
:103D480000233B63202287F83D2087F83E303A6CF9
:103D580042F020023A6487F83C3001201EE03B68BC
:103D68009C6925EA040C1FFA8CFCBCFA8CFC4FEA0F
:103D78005C1CE04511D1B6F1FF3FDAD1C5F307432A
:103D8800012BECD13B685B6925EA030C1FFA8CFC1C
:103D9800BCFA8CFC4FEA5C1CEBE70020BDE8F08124
:103DA8002DE9F04105460E46174698463DE01A684B
:103DB80042F400721A602B686FF480625A61002323
:103DC8002B63202285F83D2085F83E302A6C42F08E
:103DD80004022A6485F83C30012034E0FEF746FBF3
:103DE800A0EB0800B84200D8FFB900232B632022BB
:103DF80085F83D2085F83E302A6C42F020022A647E
:103E080085F83C3001201EE02B689C6926EA0404F2
:103E1800A4B2003C18BF0124A4B12B685A6912F45B
:103E2800806FC4D1B7F1FF3FD8D1C6F30743012B48
:103E3800EAD12B685C6926EA0404A4B2003C18BFE6
:103E48000124E9E70020BDE8F08170B504460D467D
:103E5800164623685B6913F0800F1CD12046FFF7D4
:103E680039FFD0B9B5F1FF3FF3D0FEF7FFFA801B59
:103E7800A84201D8002DECD100232363202284F826
:103E88003D2084F83E30226C42F02002226484F8FF
:103E98003C30012000E0002070BD0120FCE700005C
:103EA8002DE9F04385B004460D4691461F46DDF8DE
:103EB80030800D9E0368196841F48071196000967E
:103EC800434600224FF00111FFF72CFF60B9236829
:103ED80005F0FE051D613346424626492046FFF798
:103EE8005FFF68B1012008E023681B6813F4807F36
:103EF80002D04FF400732364032005B0BDE8F083BB
:103F08000023039323685A6903929B690393039BD5
:103F1800324641462046FFF798FF30B9012F0FD1AE
:103F280023685FFA89F61E61E7E7236C042B01D04A
:103F38000120E2E72268136843F400731360F7E78F
:103F480023684FEA19221A61324641462046FFF794
:103F58007CFF20B923685FFA89F61E61CDE7236CE0
:103F6800042B01D00120C8E72268136843F40073CA
:103F78001360F7E7020001002DE9F04784B004461A
:103F88000D46164699460C9FDDF834800268136882
:103F980043F4806313600368196841F48071196001
:103FA800CDF800803B4600224FF00111FFF7BAFE22
:103FB80070B95FFA85FA236805F0FE051D6143466E
:103FC8003A4641492046FFF7EBFE68B1012008E078
:103FD80023681B6813F4807F02D04FF400732364B6
:103FE800032004B0BDE8F0870023039323685A69CF
:103FF80003929B690393039B424639462046FFF789
:1040080024FF80B9B9F1010F18D12368F6B21E61F7
:10401800424639462046FFF718FF68B3236C042B45
:1040280024D00120DDE7236C042B01D00120D8E740
:104038002268136843F400731360F7E72368320AB1
:104048001A61424639462046FFF7FFFE18B9236831
:10405800F6B21E61DCE7236C042B01D00120C0E717
:104068002268136843F400731360F7E72268136843
:1040780043F400731360D4E72268136843F4807331
:104088001360CDF800803B4600224FF00111204616
:10409800FFF748FE68B922684AF0010313614346F6
:1040A8003A4609492046FFF77BFE002899D00120AF
:1040B80097E723681B6813F4807F02D04FF40073DE
:1040C800236403208DE700BF0200010070B5044699
:1040D8000D46164623685B6913F0040F1CD1204671
:1040E800FFF7F8FDD0B9B5F1FF3FF3D0FEF7BEF901
:1040F800801BA84201D8002DECD100232363202285
:1041080084F83D2084F83E30226C42F0200222647C
:1041180084F83C30012000E0002070BD0120FCE75D
:1041280070B505460C4616462B68596911F0400FC4
:1041380029D1596911F0100F15D1FEF797F9801B95
:10414800A04201D8002CEFD100232B63202285F850
:104158003D2085F83E302A6C42F020022A6485F81A
:104168003C30012070BD6FF010025A6100232B63B0
:10417800202285F83D2085F83E302A6C2A6485F88F
:104188003C300120EEE70020ECE70000002800F0BA
:10419800CC8070B5044690F83D30002B77D02423AE
:1041A80084F83D302268136823F001031360226805
:1041B800136843F4004313602268136823F4004330
:1041C800136001F0F3FC62685A4B9A4264D85A4B68
:1041D80098428CBF00230123002B40F0A880574948
:1041E800A1FB00318B0C25686A6822F03F0242EA85
:1041F80091426A6021680A6A22F03F0266684D4D62
:10420800AE424FD8013313430B622168CA6922F4C6
:104218004F4222F0FF026668464B9E424CD8431E2E
:104228007600B3FBF6F3013340F6FC70034278D016
:10423800C3F30B031343CB6121680B6823F0C0035E
:10424800E269206A024313430B6021688B6823F4F8
:10425800034323F0FF032269E068024313438B60A2
:104268002168CB6823F0FF036269A0690243134306
:10427800CB602268136843F00103136000202064B8
:10428800202384F83D30206384F83E0070BD80F818
:104298003C30FDF75BFA82E7294B98428CBF00233C
:1042A800012399E74FF4967505FB03F3254DA5FB0C
:1042B80003539B090133A6E7A368BBB9451E06EB68
:1042C800460CB5FBFCF50135C5F30B05B5FA85F5CC
:1042D8006D0945BBC3B9013806EB4603B0FBF3F3E0
:1042E8000133C3F30B0343F40043A3E7451E06EB76
:1042F800860C0CEB8C0CB5FBFCF50135C5F30B05F6
:10430800B5FA85F56D09E4E7013806EB860303EB9A
:104318008303B0FBF3F30133C3F30B0343F44043CC
:1043280088E7042386E7012384E7012070470120FA
:10433800ACE700BFA08601007F841E0083DE1B431C
:10434800FF083D00D34D62102DE9F04383B00446C9
:104358000F46904699460C9EFEF788F8054694F855
:104368003D00C0B2202803D0022003B0BDE8F0838E
:104378000095192301224B492046FFF7D3FC00285A
:1043880040F0898094F83C30012B00F086800123AE
:1043980084F83C3023681A6812F0010F03D11A68B8
:1043A80042F001021A602268136823F40063136064
:1043B800212384F83D30402384F83E3000232364D1
:1043C8000A9B6362BDF82C306385638D2385364B69
:1043D800E362019500964B46424639462046FFF770
:1043E8005FFD00285BD1238D002B35D02A4631464E
:1043F8002046FFF72AFD20BB626A236812781A61FB
:10440800626A531C6362218D013989B22185638DEB
:104418009BB2013B9BB263852368586910F0040F77
:10442800E1D00029DFD052781A61636A01336362F0
:10443800238D013B2385638D9BB2013B9BB2638532
:10444800D1E7236C042B01D001208EE72268136882
:1044580043F400731360F7E72A4631462046FFF716
:1044680035FE50B1236C042B01D001207DE7226872
:10447800136843F400731360F7E72268136843F482
:1044880000731360202384F83D30002384F83E3005
:1044980084F83C3069E7022067E7022065E70120DD
:1044A80063E700BF020010000000FFFF2DE9F043A2
:1044B80087B004460F4690469946109EFDF7D6FFF2
:1044C800054694F83D00C0B2202804D0022738469B
:1044D80007B0BDE8F08300951923012288492046DA
:1044E800FFF720FC002840F0438194F83C30012B72
:1044F80000F04081012384F83C3023681A6812F0E8
:10450800010F03D11A6842F001021A602268136889
:1045180023F400631360222384F83D30402384F899
:104528003E30002323640E9B6362BDF83C306385F4
:10453800638D2385734BE362019500964B46424693
:1045480039462046FFF718FD0746002840F0148139
:10455800238D5BB9029323685A6902929A69029281
:10456800029A1A6842F400721A6075E0012B0AD0A8
:10457800022B1AD00023059323685A6905929B6978
:104588000593059B68E02268136823F48063136031
:104598000023039323685A6903929A690392039A42
:1045A8001A6842F400721A6056E02268136823F40D
:1045B800806313602268136843F400631360002368
:1045C800049323685A6904929B690493049B43E00B
:1045D8002A4631462046FFF7A3FD002840F0CE804A
:1045E80023681A69636A1A70636A01336362238DE8
:1045F800013B2385638D9BB2013B9BB263852BE016
:1046080000953346002240492046FFF78BFB0028DF
:1046180040F0B6802268136843F40073136023687F
:104628001A69636A1A70626A531C6362238D013BBC
:104638002385638D9BB2013B9BB2638523681B690D
:104648005370636A01336362238D013B2385638D55
:104658009BB2013B9BB26385238D002B7FD0032B3C
:1046680054D8012BB4D0022BCAD00095334600226F
:1046780025492046FFF756FB002840F08380226832
:10468800136823F48063136023681A69636A1A70D5
:10469800636A01336362238D013B2385638D9BB27B
:1046A800013B9BB26385009533460022164920469C
:1046B800FFF738FB002867D12268136843F40073BA
:1046C800136023681A69636A1A70626A531C63620A
:1046D800238D013B2385638D9BB2013B9BB2638590
:1046E80023681B695370636A01336362238D013B3E
:1046F8002385638D9BB2013B9BB26385ACE700BF0A
:10470800020010000000FFFF040001002A463146A5
:104718002046FFF705FD002838D123681A69636A27
:104728001A70626A531C6362238D013B2385638D73
:104738009BB2013B9BB263852368596911F0040F52
:104748008AD01B695370636A01336362238D013B0E
:104758002385638D9BB2013B9BB263857CE7202355
:1047680084F83D30002384F83E3084F83C30AEE6CF
:104778000227ACE60227AAE60127A8E60127A6E653
:104788000127A4E60127A2E60127A0E601279EE665
:1047980030B482B00024019490F83D40E4B2202C5B
:1047A8005CD1314C2468E408304DA5FB0454240A3C
:1047B80004EB840404EB84040194019C013C0194FF
:1047C800019C002C3BD00468A56915F0020FF4D1B8
:1047D80090F83C50012D45D0012580F83C502568C3
:1047E80015F0010F03D1256845F00105256005681E
:1047F8002C6824F400642C60212480F83D40402477
:1048080080F83E4000240464049D4562BDF81450BD
:104818004585458D0585164DC56241648264C3642E
:1048280004650268136843F48073136080F83C40A1
:104838000268536843F4E063536020460FE00023A6
:104848000363202280F83D2080F83E30026C42F05D
:104858002002026480F83C30012000E0022002B00F
:1048680030BC70470220FAE70000002089B5F81430
:104878000000FFFF30B482B00024019490F83D405E
:10488800E4B2202C63D1354C2468E408344DA5FBF0
:104898000454240A04EB840404EB84040194019C6A
:1048A800013C0194019C002C42D00468A56915F0D4
:1048B800020FF4D190F83C50012D4CD0012580F81E
:1048C8003C50256815F0010F03D1256845F0010516
:1048D800256005682C6824F400642C60222480F884
:1048E8003D40402480F83E4000240464049D456215
:1048F800BDF814504585458D05851A4DC56241643E
:104908008264C36404650268136843F480631360B7
:104918000268136843F48073136080F83C40038D89
:1049280023B10268536843F4E063536000200FE04A
:1049380000230363202280F83D2080F83E30026C7B
:1049480042F02002026480F83C30012000E002209E
:1049580002B030BC70470220FAE700BF0000002018
:1049680089B5F8140000FFFF70477047704708B515
:1049780090F83D30DAB2438D9BB283B1416A036847
:1049880009781961436A01334362438D9BB2013B45
:104998009BB24385438D9BB20BB9292A00D008BD31
:1049A8000268536823F48063536021230363282338
:1049B80080F83D30FFF7DAFFF1E7704708B590F867
:1049C8003D30DAB2438D9BB283B103681969436AFB
:1049D8001970436A01334362438D9BB2013B9BB21A
:1049E8004385438D9BB20BB92A2A00D008BD0268C3
:1049F800536823F48063536022230363282380F8D9
:104A08003D30FFF7DAFFF1E7704700B583B090F863
:104A18003D3003F02803282B0CD0002301930268B3
:104A28005169019192690192019A80F83C3003B072
:104A38005DF804FB0268536823F48063536011F047
:104A4800040F0BD0002311F0800F09D182890021B7
:104A580080F83C101946FFF7D7FFE8E70123F2E793
:104A6800028BF4E77047000008B590F83D30DBB2E0
:104A7800C26A082A01D0202A01D1282B06D0212B6E
:104A88001ED003686FF480625A6108BD1A4BC36276
:104A98000268536823F4E063536003686FF480622C
:104AA8005A610268136823F4806313600023036368
:104AB800202280F83D2080F83E30FFF7D3FFE4E75E
:104AC8000D4BC36221230363202380F83D3000236C
:104AD80080F83E300268536823F4E063536003684B
:104AE8006FF480625A610268136823F4806313606C
:104AF800FFF73CFFC9E700BF0000FFFF704708B59C
:104B0800C26A90F83D30DBB2212B00D008BD438D3E
:104B18009BB263B1426A036812781A61436A01332F
:104B28004362438D9BB2013B9BB24385EEE7082A63
:104B380004D0202A02D012F5803F19D102685368A8
:104B480023F4E06353600268136843F4007313604E
:104B580000230363202380F83D3090F83E30DBB219
:104B6800402B15D0002380F83E30FFF7FDFECDE73F
:104B78000268536823F4E06353601123036300233E
:104B880080F83E30202380F83D30FFF7EDFEBDE78A
:104B9800002380F83E30FFF7B1FFB7E708B590F87B
:104BA8003D30026D9AB9C36C012B08D0836CC3F3F6
:104BB800072302681361036D0133036508BD836C25
:104BC8000268DBB21361036D02330365F6E7DBB2FB
:104BD800026D012A23D0026D022AEFD1222B26D0A2
:104BE800428D92B20AB1212B2AD0428D92B2002A6C
:104BF800E4D1212BE2D10268536823F4E0635360C7
:104C08000268136843F400731360002303632022CF
:104C180080F83D2080F83E30FFF770FFCEE7836CC8
:104C28000268DBB21361036D01330365C6E70268EE
:104C3800136843F480731360036D01330365BDE7A4
:104C4800426A036812781A61436A01334362438DEA
:104C58009BB2013B9BB24385B0E710B590F83D305D
:104C6800DBB290F83E20D2B2C46A018D09B9212B7B
:104C780004D0212B3BD0402A37D010BD082C04D0BB
:104C8800202C02D014F5803F19D10268536823F410
:104C9800E06353600268136843F4007313600023F1
:104CA8000363202380F83D3090F83E30DBB2402B80
:104CB80015D0002380F83E30FFF756FEDDE7026886
:104CC800536823F4E063536011230363002380F8DF
:104CD8003E30202380F83D30FFF746FECDE7002325
:104CE80080F83E30FFF70AFFC7E7222BC5D1438D76
:104CF8009BB22BB90268536823F480635360BCE706
:104D080090F83E30DBB2402B0CD0426A0368127830
:104D18001A61436A01334362438D9BB2013B9BB2E4
:104D28004385AAE7FFF73AFFA7E7704708B5C26AC5
:104D3800438D9BB2042B14D0438D9BB2032B22D0FE
:104D4800438D9BB2022B39D003681A69436A1A70E3
:104D5800436A01334362438D9BB2013B9BB2438557
:104D680010E00268536823F48063536003681A698B
:104D7800436A1A70436A01334362438D9BB2013B15
:104D88009BB2438508BD01684B6823F480634B6080
:104D9800042A06D0022A04D00268136823F4806328
:104DA800136003681A69436A1A70436A01334362DD
:104DB800438D9BB2013B9BB24385E3E7012A0BD0AD
:104DC800102A09D0042A38D0022A36D0026813687B
:104DD80043F40073136004E00268136823F48063EB
:104DE800136003681A69436A1A70426A531C436263
:104DF800438D9BB2013B9BB2438503681B6953708B
:104E0800436A01334362438D9BB2013B9BB24385A6
:104E18000268536823F440735360202380F83D30C0
:104E280090F83E30DBB2402B0DD0002380F83E30A6
:104E380012230363FFF799FDA4E70268136843F49C
:104E480080631360CDE7002380F83E300363FFF7EB
:104E58006CFF97E7704790F83D30DBB2222B00D00B
:104E6800704710B50446438D9BB2032B15D90368D0
:104E78001A69436A1A70436A01334362438D9BB2CD
:104E8800013B9BB24385438D9BB2032B0FD1026834
:104E9800536823F48063536009E0C26A022A01D090
:104EA800012B05D92268536823F48063536010BD31
:104EB800FEF7ECFE00282ED12268136823F48063E5
:104EC80013602268536823F4E063536023681A6907
:104ED800636A1A70636A01336362638D9BB2013B34
:104EE8009BB26385202384F83D3094F83E30DBB2D2
:104EF800402B08D0002384F83E3012232363204639
:104F0800FFF733FDD3E7002384F83E3023632046C0
:104F1800FFF70BFFCBE72268536823F4E063536085
:104F280023681A69636A1A70636A01336362638D5E
:104F38009BB2013B9BB26385202384F83D3000235C
:104F480084F83E302046FFF785FFB0E77047000041
:104F580000B583B000230193806B90F83D20D2B256
:104F6800324B1B68DB083249A1FB03131B0A03EB16
:104F78008303C3EBC3030193019B43B1019B013B33
:104F8800019303681B6813F4007FF5D103E0036CF9
:104F980043F020030364436B0BB10021D963836B97
:104FA8000BB10021D96301680B6823F480630B609F
:104FB80000234385436B0BB100211965836B0BB14B
:104FC8000021196501680B6823F001030B6090F854
:104FD8003D30DBB2602B0ED002F02802282A14D014
:104FE800202380F83D30002380F83E30FFF732FF61
:104FF80003B05DF804FB202380F83D30002380F8DF
:105008003E300364FFF7A2FFF2E70268136843F03B
:10501800010313600268136843F48063136000237C
:105028000363282380F83D30E0E700BF000000203C
:1050380089B5F81410B5044690F83D30DBB290F805
:105048003E20D2B2102A36D0402A34D003F02802AB
:10505800282A38D02268526812F4006F07D1602BD2
:1050680005D0202384F83D30002384F83E30002307
:10507800236323685A6812F4006F48D05A6822F4F0
:1050880000625A60626B92F83530DBB2012B20D097
:10509800444B1365606BFEF770FA002849D022680C
:1050A800136823F001031360202384F83D30606BFC
:1050B800036D98473DE0222BC8D121680A6822F485
:1050C80000620A60C2E700232363282384F83D3086
:1050D800CFE7A36B334A1A65A06BFEF74EFA40B3CD
:1050E80023685A6912F0400F05D01A69636A1A706A
:1050F800636A013363622268136823F00103136053
:10510800202384F83D30A06B036D984711E094F894
:105118003D20D2B2602A1FD05A6912F0400F05D044
:105128001A69636A1A70636A013363622046FFF77B
:1051380091FE236C13F00F0F04D02268536823F4F8
:10514800E063536094F83D30DBB2226C12F0040F38
:1051580001D0282B18D010BD202284F83D20002231
:1051680022645A6912F0400F05D01A69636A1A70EE
:10517800636A013363622268136823F001031360D2
:105188002046FFF7E3FED4E7074BE36200232363DF
:10519800202284F83D2084F83E302046FFF762FC48
:1051A800D9E700BF594F00080000FFFF30B583B0B2
:1051B800044690F83D50EDB20268536823F4E0636A
:1051C80053600023019303685A6901921A6842F0F8
:1051D80001021A60019B0268136823F4806313605C
:1051E80003685A6812F4006F38D0222D21D02A2D76
:1051F8001FD0426B1268526892B24285428D92B2B9
:105208001AB1026C42F0040202645A6822F4006285
:105218005A60606BFEF7B2FA01281FD0636B444AEC
:105228001A65606BFEF7A9F9C0B1606B036D98470A
:1052380014E0A26B1268526892B26285628D92B2D3
:105248001AB1226C42F0040222645A6822F4006205
:105258005A60A06BFEF792FA012842D1638D9BB287
:1052680033B323685A6912F0040F0AD01A69636AC3
:105278001A70636A01336362638D9BB2013B9BB210
:10528800638523685A6912F0400F0AD01A69636A65
:105298001A70636A01336362638D9BB2013B9BB2F0
:1052A8006385638D9BB21BB1236C43F004032364B5
:1052B800236C13BB2A2D25D094F83D30DBB2282B64
:1052C80029D0236B222B01D0222D19D1002323634F
:1052D800202284F83D2084F83E302046FFF76DFBFD
:1052E8000EE0A36B124A1A65A06BFEF746F9002878
:1052F800B4D0A06B036D9847B0E72046FFF79AFE3D
:1053080003B030BD00232363282384F83D302046B2
:10531800FFF753FBD0E7074BE36200232363202208
:1053280084F83D2084F83E302046FFF79BFBE7E7F2
:10533800594F00080000FFFFF8B504460268556899
:10534800C66A90F83E30DBB290F83D10C8B2102B18
:1053580013D0402B11D0236C002B7AD05369002135
:1053680013F0020F78D015F4007F75D0236C03B1C9
:1053780091692046FFF749FBF8BDD2F818C051697A
:1053880011F0010705D1B6F52A0FF5D0B6F12A4F6D
:10539800F2D017B115F4007F29D111F0080F02D00F
:1053A80015F4007F2AD111F0020F02D015F4007F06
:1053B80028D11CF0040F31D0526812F4006FDBD1F1
:1053C80011F0800F05D015F4806F02D011F0040F92
:1053D8001CD011F0040FCFD015F4007FCCD02128B9
:1053E80018D0402BC8D12046FFF7D8FBC4E7204689
:1053F800FEF789FC2046FEF7BDFABDE72046FEF71A
:105408000DFBB9E72046FEF71EFBB5E72046FFF780
:1054180024FCB1E72046FFF772FBADE7536813F4AD
:10542800006FA9D111F0400F05D015F4806F02D09C
:1054380011F0040F09D011F0040F9DD015F4007F6E
:105448009AD02046FFF772FC96E72046FFF703FD47
:1054580092E79169536983E713F0100F02D015F4AE
:10546800007F18D121281AD0292818D013F0400F0E
:1054780005D015F4806F02D013F0040F28D013F074
:10548800040F3FF479AF15F4007F3FF475AF204661
:10549800FEF7ECFB70E72046FFF788FE6CE713F099
:1054A800800F05D015F4806F02D013F0040F0BD0D5
:1054B80013F0040F3FF460AF15F4007F3FF45CAFC6
:1054C8002046FEF7C3FB57E72046FFF750FA53E79D
:1054D8002046FFF773FA4FE7F8B5044603685D699D
:1054E8005F6890F83E20D2B215F4807F07D017F499
:1054F800807F3CD06FF480715961012600E000265E
:1055080015F4007F08D017F4807F05D046F0020616
:1055180023686FF40071596115F4806F19D017F47E
:10552800807F16D0638D99B294F83D30DBB2206B42
:10553800202A1ED023686FF48061596146F0040662
:10554800102A01D0402A04D12268136843F400735A
:10555800136015F4006F08D017F4807F05D046F06B
:10556800080623686FF400625A6186B9F8BD002600
:10557800C6E70029DED1212B05D0292B03D0282B03
:10558800D8D12128D6D12046FFF76EFAE1E7236C5F
:105598001E4326642046FFF74DFDE7E790F83D00DF
:1055A80070470000002800F0E08170B582B0044622
:1055B800036813F0010F3BD09F4B9B6803F00C036B
:1055C800042B2CD09C4B9B6803F00C03082B21D098
:1055D8006368B3F5803F4FD0B3F5A02F52D0964BF8
:1055E8001A6822F480321A601A6822F480221A603B
:1055F8006368002B50D0FCF739FF05468E4B1B68BB
:1056080013F4003F14D1FCF731FF401B6428F5D98F
:105618000320B1E1884B5B6813F4800FD8D0864B28
:105628001B6813F4003F03D06368002B00F09F81D0
:10563800236813F0020F54D07F4B9B6813F00C0FB4
:105648003ED07D4B9B6803F00C03082B33D0E368F6
:10565800002B68D0794B01221A60FCF707FF05463A
:10566800754B1B6813F0020F54D1FCF7FFFE401B6B
:105678000228F5D903207FE16F4A136843F4803389
:105688001360B5E76C4B1A6842F480221A601A68F6
:1056980042F480321A60ABE7FCF7E8FE0546664B39
:1056A8001B6813F4003FC3D0FCF7E0FE401B6428DE
:1056B800F5D9032060E1604B5B6813F4800FC6D115
:1056C8005D4B1B6813F0020F03D0E368012B40F019
:1056D8005081594A136823F0F803216943EAC1034A
:1056E8001360236813F0080F42D063696BB3534B00
:1056F8000122C3F8802EFCF7B9FE05464E4B5B6FBE
:1057080013F0020F34D1FCF7B1FE401B0228F5D983
:10571800032031E1484A136823F0F803216943EA7A
:10572800C1031360DDE7454B00221A60FCF79EFEBB
:105738000546414B1B6813F0020FD2D0FCF796FECA
:10574800401B0228F5D9032016E13C4B0022C3F880
:10575800802EFCF78BFE0546374B5B6F13F0020F6C
:1057680006D0FCF783FE401B0228F5D9032003E18D
:10577800236813F0040F77D02F4B1B6C13F0805F56
:1057880033D1002301932C4B1A6C42F080521A64D7
:105798001B6C03F080530193019B0125284B1B6868
:1057A80013F4807F23D0A368012B34D0052B38D085
:1057B800214B1A6F22F001021A671A6F22F00402B5
:1057C8001A67A368002B3DD0FCF750FE06461A4B1B
:1057D8001B6F13F0020F46D1FCF748FE801B41F205
:1057E80088339842F3D90320C6E00025D6E7144A47
:1057F800136843F480731360FCF738FE0646104BB9
:105808001B6813F4807FCED1FCF730FE801B022882
:10581800F5D90320B0E0084A136F43F0010313677A
:10582800CFE7054B1A6F42F004021A671A6F42F06D
:1058380001021A67C5E700BF00380240000047426E
:1058480000700040FCF712FE0646524B1B6F13F027
:10585800020F08D0FCF70AFE801B41F288339842F9
:10586800F3D9032088E0EDB9A369002B00F0838009
:10587800484A926802F00C02082A51D0022B17D02D
:10588800454B00221A66FCF7F1FD0446414B1B68A4
:1058980013F0007F42D0FCF7E9FD001B0228F5D980
:1058A800032069E03B4A136C23F080531364DBE761
:1058B800394B00221A66FCF7D9FD0546354B1B68A3
:1058C80013F0007F06D0FCF7D1FD401B0228F5D964
:1058D800032051E0E369226A1343626A43EA8213B0
:1058E800A26A5208013A43EA0243E26A43EA0263BF
:1058F800284A5360284B01221A66FCF7B7FD044674
:10590800244B1B6813F0007F06D1FCF7AFFD001B8A
:105918000228F5D903202FE000202DE000202BE0FD
:10592800012B2BD01B4B5B6803F48001E269914289
:1059380026D103F03F02216A8A4223D1616A47F6E1
:10594800C0721A40B2EB811F1ED103F44031A26A23
:105958005208013AB1EB024F18D103F07063E26AC2
:10596800B3EB026F14D1002006E00120704701203C
:1059780002E0012000E0002002B070BD0120FBE73A
:105988000120F9E70120F7E70120F5E70120F3E717
:105998000120F1E7003802400000474208B5254BD6
:1059A8009B6803F00C03042B3FD0082B3FD1214BFD
:1059B8005A6802F03F025B6813F4800F12D01D4B47
:1059C8005968C1F388111C480023A1FB0001FBF7AB
:1059D8003DF9184B5B68C3F3014301335B00B0FB2F
:1059E800F3F025E0134B5968C1F3881C4FEA4C11BA
:1059F800B1EB0C006EEB0E0E4FEA8E1343EA906388
:105A08008101091A63EB0E03DB0043EA5173C900F5
:105A180011EB0C0C43F10003990200234FEA8C2090
:105A280041EA9C51FBF712F9D3E7034800E0034829
:105A380008BD00BF0038024040787D010024F40012
:105A4800002800F09B8070B50D4604464F4B1B683C
:105A580003F007038B4208D2CBB24C4A1370136889
:105A680003F007038B4240F08B80236813F0020F8A
:105A780017D013F0040F04D0454A936843F4E05359
:105A88009360236813F0080F04D0414A936843F4E5
:105A9800604393603E4A936823F0F003A1680B4388
:105AA8009360236813F0010F32D06368012B21D073
:105AB8009A1E012A25D9364A126812F0020F61D0BF
:105AC80033498A6822F0030213438B60FCF7CEFC4B
:105AD80006462F4B9B6803F00C036268B3EB820FFA
:105AE80016D0FCF7C3FC801B41F288339842F0D9EA
:105AF800032042E0264A126812F4003FE0D1012058
:105B08003BE0234A126812F0007FD9D1012034E02B
:105B18001E4B1B6803F00703AB4207D9EAB21B4BC5
:105B28001A701B6803F00703AB422DD1236813F0EA
:105B3800040F06D0164A936823F4E053E1680B4338
:105B48009360236813F0080F07D0114A936823F471
:105B58006043216943EAC1039360FFF71FFF0C4BC1
:105B68009B68C3F303130B4AD35CD8400A4B1860F5
:105B78000A4B1868FCF72EFC002070BD0120704706
:105B88000120FAE70120F8E70120F6E7003C02408F
:105B9800003802401C1701080000002008000020FF
:105BA800014B1868704700BF0000002008B5FFF7D8
:105BB800F7FF044B9B68C3F38223034AD35CD840A6
:105BC80008BD00BF003802402C17010808B5FFF7D0
:105BD800E7FF044B9B68C3F34233034AD35CD840C6
:105BE80008BD00BF003802402C1701082DE9F04716
:105BF80082B00546884617461E46FCF737FC0A9BC6
:105C08001B1A03EB0609FCF731FC82462B4B1B6879
:105C1800C3F3CB3309FB03F301932B689C6838EA81
:105C280004030CBF4FF0010C4FF0000CBC4540D0F2
:105C3800B6F1FF3FF1D0FCF719FCA0EB0A0048458C
:105C48000AD2B9F1000F07D0019A02B14A46019B66
:105C5800013B01939146E0E72A68536823F0E0038B
:105C680053606B68B3F5827F0BD0AB6AB3F5005F06
:105C780014D0012385F85130002385F850300320D3
:105C880018E0AB68B3F5004F02D0B3F5806FECD1E4
:105C98002A68136823F040031360E6E72A6813684C
:105CA80023F4005313602A68136843F40053136005
:105CB800DFE7002002B0BDE8F08700BF0000002049
:105CC80010B584B00446164B1868164BA3FB003079
:105CD800400D4FF47A7303FB00F003906368B3F54B
:105CE800827F0BD0039BBBB1039B013B03932368CB
:105CF8009B6813F0800FF5D100200EE000920B4650
:105D0800002280212046FFF771FF30B1636D43F018
:105D180020036365032000E0002004B010BD00BF2D
:105D280000000020819F5E1610B582B004460B4625
:105D38004168B1F5827F14D06168B1F5827F2AD1BC
:105D4800A168B1F5806F19D0009200228021204609
:105D5800FFF74CFF30B3636D43F020036365032006
:105D680020E08168B1F5004F02D0B1F5806FE3D132
:105D78002068016821F040010160DDE700920022FF
:105D880001212046FFF732FF60B1636D43F0200325
:105D98006365032006E00092002201212046FFF7F8
:105DA80025FF08B902B010BD636D43F02003636599
:105DB8000320F7E700285AD010B50446436A33B9E0
:105DC8004368B3F5827F05D00023C36102E0002356
:105DD800036143610023A36294F85130002B40D043
:105DE800022384F851302268136823F040031360BB
:105DF800636803F48273A26802F404421343E268FE
:105E080002F400621343226902F00202134362693A
:105E180002F001021343A26902F400721343E2691B
:105E280002F038021343226A02F080021343A26A86
:105E380002F40052216813430B60638B03F00403E0
:105E4800626A02F01002216813434B602268D3692A
:105E580023F40063D36100206065012384F8513086
:105E680010BD84F850302046FBF7BAFDB8E7012092
:105E780070472DE9F04383B01D4690F85030012B50
:105E880000F0D180044688469146012380F85030BE
:105E9800FCF7ECFA074694F85160F6B2012E40F090
:105EA800AF80B8F1000F00F0AC80B9F1000F00F03E
:105EB800A880032384F8513000236365C4F8308038
:105EC800A4F83490A4F83690A363A387E3876364A7
:105ED8002364A368B3F5004F1ED023681A6812F034
:105EE800400F03D11A6842F040021A60E368B3F524
:105EF800006F1CD0636813B1B9F1010F52D1226B46
:105F0800236812781A73236B01332363E38E9BB2E1
:105F1800013B9BB2E38645E02268136823F0400307
:105F280013602268136843F480431360D5E76368FD
:105F380013B1B9F1010F16D1226B23681288DA6008
:105F4800236B02332363E38E9BB2013B9BB2E38650
:105F580009E0FCF78BFAC01BA84202D3B5F1FF3F5A
:105F680059D1002D59D0E38E9BB2002B33D0236832
:105F78009A6812F0020FECD0226B1288DA60236B59
:105F880002332363E38E9BB2013B9BB2E386EAE7CD
:105F9800FCF76CFAC01BA84202D3B5F1FF3F3ED113
:105FA800002D3ED0E38E9BB2ABB123689A6812F005
:105FB800020FEDD0226B12781A73236B013323631F
:105FC800B4F836C01FFA8CFC0CF1FF3C1FFA8CFCAD
:105FD800A4F836C0E6E73A4629462046FFF770FEA1
:105FE80008B120236365A36833B901932368DA688D
:105FF80001929B680193019B636D13B9002600E031
:106008000226012384F85130002384F850303046AA
:1060180003B0BDE8F0830326F3E70326F1E7032680
:10602800EFE70326EDE70226F1E72DE9F04383B019
:106038001F460A9D90F85030012B00F0108104464D
:1060480088469146012380F85030FCF70FFA06463F
:1060580094F85130DBB26268012B0AD0B2F5827F26
:1060680040F0E380A268002A40F0E980042B40F069
:10607800E880B8F1000F00F0E680B9F1000F00F0F9
:10608800E480002F00F0E38094F85130DBB2042B59
:1060980002D0052384F8513000236365C4F8389092
:1060A800E787A787C4F83080E786A78623646364F8
:1060B80023681A6812F0400F03D11A6842F04002B0
:1060C8001A60E368B3F5006F11D063680BB1012F54
:1060D8000BD1226B236812781A73236B0133236365
:1060E800E38E9BB2013B9BB2E38601276BE06368BA
:1060F8000BB1012F0BD1226B23681288DA60236B56
:1061080002332363E38E9BB2013B9BB2E3860127F4
:106118001CE023689A6812F0010F0ED0E28F92B249
:106128005AB1DA68A36B1A80A36B0233A363E38FB7
:106138009BB2013B9BB2E3870127FCF797F9801BD1
:10614800A84203D3B5F1FF3F40F08380E38E9BB2B2
:106158001BB9E38F9BB2002B53D023689A6812F0C7
:10616800020FD6D0E28E92B2002AD2D0002FD0D021
:10617800226B1288DA60236B02332363E38E9BB2AF
:10618800013B9BB2E3860027C3E723689A6812F0B5
:10619800010F0ED0E28F92B25AB1DA68A36B1A706F
:1061A800A36B0133A363E38F9BB2013B9BB2E387ED
:1061B8000127FCF75BF9831BAB4202D3B5F1FF3F24
:1061C80049D1002D49D0E38E9BB213B9E38F9BB21E
:1061D800BBB123689A6812F0020FD6D0E28E92B251
:1061E800002AD2D0002FD0D0226B12781A73236BDA
:1061F80001332363E38E9BB2013B9BB2E386002706
:10620800C3E7324629462046FFF75AFD48B9A36836
:1062180063B901932368DA6801929B680193019B33
:1062280004E020236365012000E00220012384F8B4
:106238005130002384F8503003B0BDE8F0830220C9
:10624800F4E70220F2E70120F0E70120EEE7012061
:10625800ECE70320EAE70320E8E70320E6E702206B
:10626800EAE7000038B5044690F85000012800F02D
:106278009480012084F8500094F85100C0B26568F9
:10628800012807D0B5F5827F78D1A568002D7AD18D
:1062980004287AD100297AD0002A7AD0002B7AD023
:1062A80094F85100C0B2042802D0052084F85100A7
:1062B800002060652163A386E386A263A387E38742
:1062C8002064606494F85130DBB2042B1CD0E36C7A
:1062D800334A1A64E36C334ADA63E36C324ADA64A9
:1062E800E36C00221A652168E38F9BB2A26B0C3124
:1062F800E06CFDF7C3F870B1636D43F0100363659C
:10630800012084F851003AE0E36C284A1A64E36CEF
:10631800274ADA63E1E72268536843F001035360D0
:10632800A26C00231364A26CD363A26CD364A26C26
:1063380013652268E38E9BB20C32216BA06CFDF7CB
:106348009DF898B923681A6812F0400F03D11A68AB
:1063580042F040021A602268536843F020035360F9
:106368002268536843F00203536008E0636D43F00A
:1063780010036365012084F8510000E00220002327
:1063880084F8503038BD0220F9E70220F7E70120F1
:10639800F5E70120F3E70120F1E70220F2E700BF6B
:1063A800CD63000869640008D9630008C163000868
:1063B800FB6300087047704708B5806BFFF7FBFF69
:1063C80008BD704708B5806BFFF7FBFF08BD704735
:1063D80008B5806B0268536823F003035360436D6C
:1063E80043F010034365012380F85130FFF7EFFFB6
:1063F80008BD38B50546846BFCF738F82B681B6870
:1064080013F4807F1ED1024621684B6823F02003D5
:106418004B60A3681BB96368B3F5827F16D0216807
:106428004B6823F001034B6064212046FFF77CFC96
:1064380008B1202363650023E387012384F85130E2
:10644800636D4BB92046FFF7B5FF38BD21684B682F
:1064580023F003034B60E7E72046FFF7B8FFF4E7B4
:1064680038B50546846BFCF701F82B681B6813F4F4
:10647800807F1BD1024621684B6823F020034B60C4
:1064880064212046FFF71CFC18B1636D43F020031C
:1064980063652268536823F0030353600023E3868F
:1064A800E387012384F85130636D1BB920460AF055
:1064B80019FE38BD2046FFF78AFFFAE710B4036AD1
:1064C800046A24F001040462846924F0F00C4CEAA4
:1064D800021223F00A030B43826103625DF8044B46
:1064E800704730B4046A24F0100404628469056AB1
:1064F80024F4407C4CEA022C2CF4704C1B039BB215
:1065080043EA0C0325F0A005090101F0A001294385
:106518008361016230BC704710B4046A24F010042F
:1065280004628469036A24F4704C4CEA023223F052
:10653800A00343EA0113826103625DF8044B7047CC
:1065480030B4046A24F480740462C469056A24F0CF
:10655800030C4CEA020C2CF0F00C1B01DBB243EAF2
:106568000C0325F42065090201F420612943C36165
:10657800016230BC704730B4046A24F48054046269
:10658800C469056A24F4407C4CEA022C2CF4704C53
:106598001B039BB243EA0C0325F42045090301F4CD
:1065A80020412943C361016230BC7047836823F0EE
:1065B80070030B4343F007038360704790F83D3046
:1065C800DBB2012B37D1022380F83D300268D36853
:1065D80043F00103D3600368194A934220D0B3F112
:1065E800804F1DD0A2F57C42934219D002F58062FB
:1065F800934215D002F58062934211D002F5784299
:1066080093420DD002F57052934209D0A2F594320C
:10661800934205D01A6842F001021A6000207047C0
:106628009A6802F00702062A07D01A6842F00102A7
:106638001A6000207047012070470020704700BF93
:1066480000000140704770477047704710B5044616
:1066580003681A6912F0020F11D0DA6812F0020FFB
:106668000DD06FF002021A610123037703689B695A
:1066780013F0030F70D0FFF7E6FF0023237723689A
:106688001A6912F0040F12D0DA6812F0040F0ED053
:106698006FF004021A610223237723689B6913F4BD
:1066A800407F5FD02046FFF7CEFF00232377236883
:1066B8001A6912F0080F12D0DA6812F0080F0ED01B
:1066C8006FF008021A61042323772368DB6913F04B
:1066D800030F4ED02046FFF7B6FF00232377236829
:1066E8001A6912F0100F12D0DA6812F0100F0ED0DB
:1066F8006FF010021A61082323772368DB6913F40B
:10670800407F3DD02046FFF79EFF00232377236874
:106718001A6912F0010F03D0DA6812F0010F36D1AE
:1067280023681A6912F0800F03D0DA6812F0800F1C
:1067380034D123681A6912F0400F03D0DA6812F0D6
:10674800400F32D123681A6912F0200F03D0DA689B
:1067580012F0200F30D110BDFFF774FF2046FFF76D
:1067680073FF8AE72046FFF76DFF2046FFF76CFFAF
:106778009BE72046FFF766FF2046FFF765FFACE77B
:106788002046FFF75FFF2046FFF75EFFBDE76FF08B
:1067980001021A6120460AF091FDC1E76FF08002FC
:1067A8001A61204600F0C5FAC3E76FF040021A618B
:1067B8002046FFF74AFFC5E76FF020021A6120461E
:1067C80000F0B6FAC7E700000368304A904212D0DA
:1067D800B0F1804F0FD0A2F57C4290420BD002F569
:1067E8008062904207D002F58062904203D002F5A1
:1067F8007842904203D123F070034A681343234A36
:1068080090422AD0B0F1804F27D0A2F57C42904226
:1068180023D002F5806290421FD002F58062904238
:106828001BD002F57842904217D002F57052904280
:1068380013D002F5806290420FD002F58062904238
:106848000BD0A2F59832904207D002F580629042B0
:1068580003D002F58062904203D123F44073CA68E2
:10686800134323F080034A69134303608B68C362B0
:106878000B688362054B984203D003F58063984206
:1068880001D10B6903630123436170470000014094
:1068980040B310B5044690F83D30F3B1022384F8B4
:1068A8003D30214651F8040BFFF78EFF012384F891
:1068B800463084F83E3084F83F3084F8403084F81D
:1068C800413084F8423084F8433084F8443084F806
:1068D800453084F83D30002010BD80F83C30FBF78F
:1068E8002BFBDBE70120704740B310B5044690F856
:1068F8003D30F3B1022384F83D30214651F8040BB2
:10690800FFF762FF012384F8463084F83E3084F8AC
:106918003F3084F8403084F8413084F8423084F8BD
:10692800433084F8443084F8453084F83D30002002
:1069380010BD80F83C30FBF71FFBDBE701207047F8
:1069480070B49446046A24F0010404628469066AF7
:10695800184DA8421CD0B0F1804F19D0164A904269
:1069680016D002F58062904212D002F58062904201
:106978000ED002F5784290420AD002F57052904249
:1069880006D0A2F59432904202D044F0010203E00E
:1069980024F0030242EA0C0222F0F0021B01DBB2EF
:1069A800134326F00A0201F00A01114383610162D0
:1069B80070BC7047000001400004004038B590F8F2
:1069C8003C30012B5AD004460D46012380F83C3058
:1069D80052B1042A1AD0082A2BD00C2A3BD0012005
:1069E800002384F83C3038BDCB684A6809680068E1
:1069F800FFF7A6FF2268936923F00C0393612268CE
:106A08009369A9680B4393610020E9E7CB684A685A
:106A180009680068FFF765FD2268936923F44063FD
:106A2800936122689369A96843EA0123936100206E
:106A3800D6E7CB684A6809680068FFF781FD2268D5
:106A4800D36923F00C03D3612268D369A9680B4387
:106A5800D3610020C4E7CB684A6809680068FFF77B
:106A68008AFD2268D36923F44063D3612268D3691D
:106A7800A96843EA0123D3610020B1E70220B2E705
:106A880010B4846824F47F4C42EA03220A4342EAA1
:106A98000C0282605DF8044B704790F83C30012B83
:106AA80078D010B50446012380F83C30022380F8E2
:106AB8003D300268936823F47F4323F077039360A3
:106AC8000B68602B4CD029D8402B54D00CD9502BB4
:106AD80022D1CA6849680068FFF7F0FC5021206895
:106AE800FFF764FD002005E0202B0DD009D9302BDD
:106AF8000AD00120012384F83D30002384F83C307B
:106B080010BD0BB1102B05D119462068FFF74EFDBB
:106B18000020EFE70120EDE70120EBE7B3F5805F08
:106B280034D0B3F5005F0CD1CB684A688968006837
:106B3800FFF7A6FF2268936843F480439360002020
:106B4800D8E7702B24D1CB684A6889680068FFF7BA
:106B580097FF2268936843F0770393600020C9E7A2
:106B6800CA6849680068FFF7D7FC60212068FFF70A
:106B78001DFD0020BEE7CA6849680068FFF79EFC53
:106B880040212068FFF712FD0020B3E70020B1E79D
:106B98000120AFE70220704710B50468A26822F010
:106BA80070024B68134323F007030A681343A3607A
:106BB8004B68502B32D00BD9602B36D0702B43D179
:106BC8000B698A68C9680068FFF75AFF00200FE060
:106BD800402B0ED001D901200AE0202B2CD003D95C
:106BE800302B2FD1002003E043B3102B28D10020F5
:106BF80010BD0B68052B29D003681C6A1A6A22F09D
:106C080001021A620268936923F0F003096943EAF2
:106C18000113936103681C620020E9E70A69896827
:106C28000068FFF74BFC0020E2E70A698968006802
:106C3800FFF772FC0020DBE70020D9E70020D7E748
:106C48000120D5E70120D3E70120D1E70120CFE7D4
:106C580090F83C30012B22D010B50446012380F86F
:106C68003C30022380F83D30FFF796FF80B9226858
:106C7800D36823F04003D3602268D36823F48043A9
:106C8800D360012384F83D30002384F83C3010BDE4
:106C9800012084F83D00002384F83C30F7E7022007
:106CA8007047000090F83C30012B3DD010B4012310
:106CB80080F83C30022380F83D3003685A689C68AD
:106CC80022F0700C0A6842EA0C025A600368174AFC
:106CD80093421AD0B3F1804F17D0A2F57C42934269
:106CE80013D002F5806293420FD002F5806293427E
:106CF8000BD002F57842934207D002F570529342C6
:106D080003D0A2F59432934204D124F080044A6857
:106D180014439C60012380F83D30002380F83C3008
:106D280018465DF8044B7047022070470000014088
:106D380070477047026802F10C0353E8003F23F0E4
:106D4800C0030C3242E800310029F3D1202380F837
:106D58003D307047026802F10C0353E8003F23F40A
:106D680090730C3242E800310029F3D1026802F135
:106D7800140353E8003F23F00103143242E80031C2
:106D88000029F3D1036B012B05D0202380F83E3076
:106D9800002303637047026802F10C0353E8003FC5
:106DA80023F010030C3242E800310029F3D1ECE75C
:106DB80090F83D30DBB2212B01D002207047836868
:106DC800B3F5805F17D0036A5A1C02621A78036809
:106DD8005A60C38C9BB2013B9BB2C3844BB9026817
:106DE800D36823F08003D3600268D36843F040037C
:106DF800D360002070470369002BE4D1036A1B8825
:106E08000268C3F308035360036A02330362E0E7CE
:106E180038B504460268136923F44053C1680B432C
:106E2800136183680269134342691343C2691A43B1
:106E38000168CB6823F4164323F00C031343CB609B
:106E48000268536923F4407381690B4353610368F3
:106E5800314A934206D002F58062934202D0FEF78F
:106E6800A5FE01E0FEF7B2FEE369B3F5004F29D0B5
:106E78000021031849411B1841F10001C90041EAEA
:106E88005371DB00181863684FEA83024FEA937363
:106E980041F10001F9F7DAFE204DA5FB0032510956
:106EA800642303FB11031B013233A5FB03235B0996
:106EB80003F0F00202EB011203F00F032168134400
:106EC8008B6038BD0023021843EB0301121841F10F
:106ED8000001C90041EA5271D200101841F10001C5
:106EE800626892185B41F9F7B1FE0C4DA5FB0032C0
:106EF8005109642303FB1103DB003233A5FB032391
:106F08005B095A0002F4F87202EB011203F007035E
:106F1800216813448B60D4E7001001401F85EB51B2
:106F28002DE9F84305460F4616469946DDF82080B8
:106F38002C68246837EA04030CBF4FF0010C4FF0AB
:106F4800000CB4452DD1B8F1FF3FF1D0B8F1000FD6
:106F580005D0FBF78BFAA0EB09004045E8D92A6871
:106F680002F10C0353E8003F23F4D0730C3242E8DB
:106F780000310029F3D12A6802F1140353E8003FD5
:106F880023F00103143242E800310029F3D1202311
:106F980085F83D3085F83E30002385F83C300320E5
:106FA80000E00020BDE8F88358B310B5044690F817
:106FB8003D300BB3242384F83D302268D36823F492
:106FC8000053D3602046FFF723FF2268136923F498
:106FD800904313612268536923F02A03536122689E
:106FE800D36843F40053D36000202064202384F83E
:106FF8003D3084F83E3010BD80F83C30FBF768F82F
:10700800D8E7012070472DE9F04182B01E4690F87C
:107018003D30DBB2202B54D104460D469046002962
:1070280053D0002A53D090F83C30012B51D0012383
:1070380080F83C3000230364212380F83D30FBF7BF
:1070480015FA0746A4F82480A4F82680A368B3F5A7
:10705800805F05D04FF00008002384F83C3012E030
:10706800236913B14FF00008F6E7A8460025F3E7B7
:1070780038F8023B2268C3F308035360E28C92B2EB
:10708800013A92B2E284E38C9BB273B100963B461C
:10709800002280212046FFF743FFE0B9002DE7D00A
:1070A80015F8012B23685A60E8E700963B46002252
:1070B80040212046FFF734FF78B9202384F83D307B
:1070C80000E0022002B0BDE8F0810120FAE70120CB
:1070D800F8E70220F6E70320F4E70320F2E70000D0
:1070E80038B590F83D30DBB2202B38D10446002962
:1070F80037D0002A37D090F83C30012B35D0012307
:1071080080F83C3001628284C28400250564212312
:1071180080F83D30436B1648D863636B1548186494
:10712800636B1548D864636B1D6520681346021DA0
:10713800606BFCF7A3F923686FF040021A6084F8CB
:107148003C50226802F1140353E8003F43F08003E7
:10715800143242E800310029F3D1002000E0022077
:1071680038BD0120FCE70120FAE70220F8E700BF5C
:1071780085710008ED710008FB71000808B5034629
:10718800806B1B681B6813F4807F1AD10023C384AB
:10719800026802F1140353E8003F23F0800314321D
:1071A80042E800310029F3D1026802F10C0353E8E8
:1071B800003F43F040030C3242E800310029F3D18C
:1071C80008BD0AF0DCF8FBE708B50168CA6822F0D8
:1071D8004002CA60202280F83D200AF0D0F8002042
:1071E80008BD704708B5806BFFF7FBFF08BD704707
:1071F800704710B5846B23685A6994F83D30DBB248
:10720800212B10D023685A6902F0400294F83E30CE
:10721800DBB2222B11D0236C43F0100323642046E9
:10722800FFF7E6FF10BD02F08002002AEAD0002333
:10723800E3842046FFF77EFDE4E7002AEBD0002335
:10724800E3852046FFF786FDE5E708B5806B002358
:10725800C385C384FFF7CCFF08BD704790F83E3064
:10726800DBB2222B67D18368B3F5805F4DD0826A89
:10727800B3F5805F04D0002B54D10369002B51D1A2
:1072880003685B681370836A01338362C38D9BB2A2
:10729800013B9BB2C385002B4FD100B583B0026878
:1072A800D36823F02003D3600268D36823F4807383
:1072B800D3600268536923F001035361202380F8E7
:1072C8003E30036B012B33D100230363026802F1C4
:1072D8000C0353E8003F23F010030C3242E800315E
:1072E8000029F3D103681A6812F0100F06D00022A3
:1072F80001921A6801925B680193019B818DFFF7E7
:10730800ACFF002003B05DF804FB0269002AAED18F
:10731800826A03685B68C3F308031380836A0233D5
:107328008362B3E703685B6803F07F031370AAE71F
:107338000AF024F8E5E702207047002070470000B3
:1073480030B583B0044602681368D068516913F0F9
:107358000F0505D113F0200F02D010F0200F19D11E
:107368002DB111F0010119D110F4907F16D1216BC4
:1073780001297DD013F0800F03D010F0800F40F06A
:10738800158113F0400F03D010F0400F40F0128128
:1073980003B030BD2046FFF761FFF9E713F0010F96
:1073A80006D010F4807F03D0226C42F001022264E0
:1073B80013F0040F04D019B1226C42F002022264C7
:1073C80013F0020F04D019B1226C42F004022264B7
:1073D80013F0080F07D010F0200F00D119B1226C5C
:1073E80042F008022264226C002AD1D013F0200F48
:1073F80002D010F0200F29D123685B6903F0400305
:10740800226C12F0080F00D163B32046FFF7A2FCEC
:1074180023685B6913F0400F20D0226802F114033F
:1074280053E8003F23F04003143242E800310029BA
:10743800F3D1A36B73B1614A1A65A06BFCF79DF891
:107448000028A5D0A06B036D9847A1E72046FFF759
:1074580005FFD1E72046FFF7CBFE99E72046FFF767
:10746800C7FE95E72046FFF7C3FE002323648FE796
:1074780013F0100F3FF47EAF10F0100F3FF47AAF07
:10748800002301931368019353680193019B536987
:1074980013F0400F50D0A26B13685B689BB2002BAF
:1074A8003FF476AFA18D99427FF672AFE385D36939
:1074B800B3F5807F37D0226802F10C0353E8003F10
:1074C80023F480730C3242E800310029F3D122689A
:1074D80002F1140353E8003F23F00103143242E899
:1074E80000310029F3D1226802F1140353E8003F68
:1074F80023F04003143242E800310029F3D120235D
:1075080084F83E3000232363226802F10C0353E819
:10751800003F23F010030C3242E800310029F3D178
:10752800A06BFBF7E0FFA18DE38D9BB2C91A89B26E
:107538002046FFF792FE2BE7A18DE38D9BB2C91A77
:1075480089B2E38D9BB2002B3FF422AF00293FF4B0
:107558001FAF226802F10C0353E8003F23F4907335
:107568000C3242E800300028F3D1226802F11403FB
:1075780053E8003F23F00103143242E800300028AA
:10758800F3D1202384F83E3000232363226802F1DC
:107598000C0353E8003F23F010030C3242E800309C
:1075A8000028F3D12046FFF758FEF1E62046FFF702
:1075B800FFFBEDE62046FFF707FEE9E653720008F9
:1075C80008B5806B036B012B02D0FFF710FE08BDD6
:1075D800818D4908FFF741FEF9E708B50346806B3E
:1075E8001B681B6813F4807F2BD10023C3850268B6
:1075F80002F10C0353E8003F23F480730C3242E895
:1076080000310029F3D1026802F1140353E8003F66
:1076180023F00103143242E800310029F3D1026853
:1076280002F1140353E8003F23F04003143242E808
:1076380000310029F3D1202380F83E30036B012B61
:1076480005D0036B012B0FD009F098FE08BD026826
:1076580002F10C0353E8003F23F010030C3242E818
:1076680000310029F3D1ECE7818DFFF7F6FDEDE756
:10767800006C704730B583B004461346816282853A
:1076880000250564222280F83E20826B2048D063C2
:10769800A26B20481064A26B1F48D064A26B1565CA
:1076A80020680A46011DA06BFBF7E8FE01952368D8
:1076B8001A6801925B680193019B84F83C50236926
:1076C8005BB1226802F10C0353E8003F43F4807376
:1076D8000C3242E800310029F3D1226802F1140388
:1076E80053E8003F43F00103143242E80031002917
:1076F800F3D1226802F1140353E8003F43F040033A
:10770800143242E800310029F3D1002003B030BD23
:10771800E3750008C9750008FB71000808B590F802
:107728003E30DBB2202B0DD171B17AB190F83C30EC
:10773800012B0DD0012380F83C3000230363FFF7B1
:1077480099FF00E0022008BD0120FCE70120FAE7CC
:107758000220F8E7002310228B4213D210B410F84D
:1077680003C08CEAD21C094C34F91CC08CEA0222F2
:1077780092B201339BB28B42F1D3500080B25DF8D4
:10778800044B7047500080B2704700BFC03A0020D9
:1077980030B505464FF0000C10230FE015F80CE04B
:1077A8008EEA930E5FFA8EFE1B029BB2124C34F8DF
:1077B8001E0043400CF1010C5FFA8CFC5FFA81FE5D
:1077C800E645EBD8012A01D0062209E06A5C92005E
:1077D80002F47C725340F7E75B009BB2013AD2B2E5
:1077E8003AB113F4007FF7D05B009BB283F08F03AC
:1077F800F4E7C3F3090030BDC0380020002113E0CE
:107808005B009BB2013A92B24AB113F4804FF7D0B1
:107818005B009BB283F48B4383F01903F2E7064ABB
:1078280022F81130013189B2FF2903D8CB019BB26C
:107838000822E9E7704700BFC03A0020002113E0A2
:107848005B009BB2013A92B23AB113F4007FF7D0D1
:107858005B009BB283F08F03F4E7C3F30903064A86
:1078680022F81130013189B2FF2903D88B009BB26D
:107878000822E9E7704700BFC038002038B590B942
:10788800C1B902210125154C012A1DD0012220462B
:10789800FCF76AF8012229462046FCF765F80A2019
:1078A80009F0AEFC38BD49B94FF400414FF48045AA
:1078B8000B4CE9E701210225084CE5E74FF480412C
:1078C8004FF40045064CDFE72046FCF74DF8002250
:1078D80029462046FCF748F8E1E700BF00100240BF
:1078E8000008024070B506460D46002410E001224B
:1078F80029463046FFF7C2FF172009F081FC002215
:1079080029463046FFF7BAFF172009F079FC013401
:10791800112CECD970BD0000F0B583B00C460646BA
:1079280058BB174F002501950095130A8DF80430B0
:107938008DF80520022101A8FFF70CFFC0F30723EB
:107948008DF806308DF80700012221463046FFF7F2
:1079580095FF0A2009F054FC142304220DEB0201C0
:107968003846FEF786FA2A4621463046FFF786FF54
:107978000A2009F045FC03B0F0BD024FD2E700BF72
:107988007C040020D40400202DE9F041A6B00E4666
:107998001D460746C8B9DFF8B48000240194902238
:1079A800214602A809F00CFE07238DF8043017239E
:1079B8008DF80530022101A8FFF7CCFEC0F307239C
:1079C8008DF806308DF807001FE0DFF88480E4E7C3
:1079D800E20004321A44E95C98326A4402F8941CC2
:1079E8000133012BF4DD002202212846FFF7D0FEE7
:1079F800E300C0F3072103F1A2026A4402F8941CD1
:107A0800A3336B4403F8940C0134112C01DC0023DC
:107A1800E7E731463846FFF765FF01223146384629
:107A2800FFF72CFF0A2009F0EBFB0A23942201A997
:107A38004046FEF71EFA002231463846FFF71EFF81
:107A48000A2009F0DDFB26B0BDE8F0817C040020A7
:107A5800D40400202DE9F0410F4615460446C0B96C
:107A6800DFF8A880180A27494FF4DE7204FB02F2F7
:107A7800942606FB05228E1888547370022130461E
:107A8800FFF768FEC0F30723B370F0704FF0000CE7
:107A980018E0DFF87C80E5E703EBCC0104314FF414
:107AA800DE7004FB00F0942202FB0500154A104426
:107AB800FF2242540133DBB2072BEDD90CF1010C44
:107AC8005FFA8CFCBCF1110F01D80023F4E7012206
:107AD80039462046FFF7D2FE0A2009F091FB94238D
:107AE8004FF4DE7202FB04F403FB0545064A2A4400
:107AF80031464046FEF7B6FB0A2009F081FBBDE897
:107B0800F08100BFFC410020843E00207C0400205E
:107B1800D40400202DE9F047CAB089461446984697
:107B28000746F8B9DFF8D8A00026259690252A46FA
:107B3800314626A809F044FD00962A46314601A898
:107B480009F03EFD230A8DF894308DF89540022106
:107B580025A8FFF7FFFDC0F307238DF896308DF8B1
:107B6800970023E0DFF89CA0DEE7131D03EBC403B6
:107B780004EB440105EB4101895C03F594736B4404
:107B880003F8941C0132D2B2052AEED9E400C0F3FE
:107B9800072204F599736B4403F8942C04F2331309
:107BA8000DEB030404F8940C0136F6B2112E0DD82F
:107BB8006C2505FB0785344606EB460000220621A6
:107BC80005EB4000FFF7E4FD0022DDE7012249460E
:107BD8003846FFF753FE0A2009F012FB14239422BB
:107BE8000DEB02015046FEF744F90022494638469B
:107BF800FFF744FE0A2009F003FB4AB0BDE8F0870E
:107C08007C040020D40400202DE9F84F8B469DF811
:107C180028609DF82C704FF0000C1DE046EA07081C
:107C280048F006088AF80280224904EB44054FF020
:107C38006C0E0EFB00FE0EEB45050D444FF02709B8
:107C480085F803904FF0000985F8049085F80590B1
:107C58000CF1010C5FFA8CFCBCF1110F22D86446C0
:107C680042F0840813490CEB4C054FF06C0E0EFBE8
:107C780000FE0EEB450501EB050A01F805808AF8C0
:107C88000130012ECAD00CEB4C054FF06C0E0EFBE8
:107C980000FE0EEB450507490D444FF0000E85F830
:107CA80002E0C1E7034B01225946FFF733FFBDE865
:107CB800F88F00BFC03C00202DE9F047CCB08946C2
:107CC800144698460746F8B9DFF8E4A00026279638
:107CD80090252A46314628A809F072FC02962A46C1
:107CE800314603A809F06CFC230A8DF89C308DF806
:107CF8009D40022127A8FFF72DFDC0F307238DF82B
:107D08009E308DF89F0023E0DFF8A8A0DEE7131D62
:107D180003EBC40304EB440105EB4101895C03F563
:107D280098736B4403F8941C0132D2B2052AEED939
:107D3800E400C0F3072204F59D736B4403F8942C08
:107D480004F23B130DEB030404F8940C0136F6B26D
:107D5800112E0DD86C2505FB0785344606EB460029
:107D68000022062105EB4000FFF712FD0022DDE7A7
:107D780049463846FFF7B6FD012249463846FFF71F
:107D88007DFD0A2009F03CFA14230093942302AAEB
:107D980027A95046FEF749F9002249463846FFF719
:107DA8006DFD0A2009F02CFA4CB0BDE8F08700BF41
:107DB8007C040020D40400202DE9F8432B4B1B78C9
:107DC800012B05D0294B01221A705525002232E0DB
:107DD800264B00221A70AA25F8E700EBC003244CB2
:107DE80004EB430393F85A30AA2B28D100BF26E0AE
:107DF8001346204C06EB46074FF06C0C0CFB00FCBE
:107E08000CEB470704EB07094FF0000E04F807E0F6
:107E1800F02789F80170FF2789F8027089F803E0D4
:107E280003EB43030CEB4303234483F8048089F8F2
:107E380005E00132D2B2112A12D8552DCDD01646FE
:107E480000EBC0030A4C04EB4303134493F85A8035
:107E580005EA08080029CBD1C2F11103DBB2C8E753
:107E6800044B2422FFF728FFBDE8F883B808002058
:107E7800BC080020983D00200B4699B930B1012874
:107E88000DD07047124B18540130C0B21128F9D9DF
:107E98007047C3F111010E4AD1540133DBB2112BE3
:107EA800F7D9704748B10128EBD100230CE0C0F1A5
:107EB8001102074B1A540130C0B21128F7D9704784
:107EC800034AD3540133DBB2112BF9D9D9E700BFE8
:107ED800703E0020112800D90020014B185C704723
:107EE800703E00200388C3F309020280980A704795
:107EF8002DE9F04F8DB082468B4600F5005393F87C
:107F08006991C77809EB4903DBB2039300240A940B
:107F1800ADF82C40ADF826400894ADF824400594FF
:107F280006940794224681783846FFF7A7FC06E0B6
:107F38002046FFF7CFFFB54B18550134E4B2112C9A
:107F4800F6D9002302931D469FE1F0184FF4DE7224
:107F580007FB02F2942101FB0922AD490A44115C96
:107F680003F130026A4402F8081C0133DBB2052B26
:107F7800EBD9BBF1000F55D0BBF1010F40F0838165
:107F8800B9F1000F00F0B880B9F1010F00F01681C7
:107F9800B9F1020F40F077819DF829209DF828302B
:107FA8009A4E0199745C43EA022303EB830003EBC6
:107FB8004000984BA3FB0030C0F3CF004FEAC7083E
:107FC80007EBC70304EB43040AEBC40404F5D553D9
:107FD800988109F089F804F5CC54A0819DF82D20EA
:107FE8009DF82C3043EA0223ADF8203007EE903A92
:107FF800F8EE677A9FED887A67EE877ACDED057A95
:108008000199735CFCEEE77A08EB070203EB420385
:1080180003F581530AEB430317EE902ADA8032E125
:108028000023A4E79DF829209DF8283043EA02237D
:10803800ADF8203007EE903AB8EE677ADFED766A51
:1080480027EE267A8DED057A9DF82B209DF82A30AB
:1080580043EA0223ADF8223007EE903AF8EE677A49
:1080680067EEA67ACDED067A039B052B11D89DF80D
:108078002D209DF82C3043EA0223ADF8243006EE7B
:10808800903AF8EE666A9FED646A66EE866ACDED10
:10809800076A5E4B019A995CBCEEC77A07EBC70387
:1080A80001EB4300039B03EBC0023C320AEB4202A4
:1080B80017EE104AD4801A460133FCEEE77A03EB38
:1080C800C0033C330AEB430317EE900AD880052A15
:1080D80000F2D980931CDDED077AFCEEE77A07EB16
:1080E800C70201EB420103EBC1033C330AEB430334
:1080F80017EE902ADA80C6E09DF829209DF82830EE
:1081080043EA0223ADF8203007EE903AF8EE677A9A
:108118009FED417A67EE877ACDED057A3B4E019B5C
:10812800F45CFCEEE77A07EBC70304EB430404F6C0
:10813800FC730AEB430317EE902ADA809DF82B2094
:108148009DF82A3043EA022303EB830003EB400047
:10815800DFF8C080A8FB0020C0F3CF0004F55573FA
:108168000AEBC303D88008F0BFFF04F54C730AEB91
:10817800C303D8809DF82D209DF82C300199745C9C
:1081880043EA022303EB830003EB4000A8FB003023
:10819800C0F3CF00FE00F31904EB43030AEBC3035B
:1081A80003F5D553188108F09FFFF31904EB430337
:1081B8000AEBC30303F5CC53188164E09DF829202A
:1081C8009DF82830114901980C5C43EA022303EB1F
:1081D800830003EB40000F4BA3FB0030C0F3CF003C
:1081E800FE0007EBC70304EB43030AEBC30303F5E5
:1081F800D553588108F078FFF31904EB43030AEBD1
:10820800C30303F5CC5358813DE000BF74450020FB
:10821800843E0020CDCCCCCCCDCCCC3D012F00F081
:108228009680674B019A995C029B58186C2202FB56
:1082380007A2024442F29004135D0133DBB21355E6
:10824800FF2B00F0878007EBC70301EB4304039B78
:1082580003EBC4023C320AEB420200209071D07159
:108268001A46013303EBC4033C330AEB430398710A
:10827800D871052A07D8931C03EBC4033C330AEBD7
:1082880043039871D8710135EDB2112D00F2958034
:108298000195EE0006F10A03DFF828814FF4DE7439
:1082A80007FB04F4942000FB094408EB0402D15CAA
:1082B80006F10B03D35C03EB0123ADF826300DF177
:1082C8002600FFF70FFE0436A019012206214044BC
:1082D800FFF75EFABDF8263083423FF4A1AEBBF14A
:1082E800000F9BD0BBF1010FCDD1012F36D0344BFD
:1082F800019A995C029B58186C2202FB07A202445F
:1083080042F2B404135D0133DBB21355FF2B28D0BE
:10831800B9F1000F29D107EBC70301EB430303F6BB
:10832800FC700AEB400000228271C27103F54C73A5
:108338000AEBC3039A71DA7107EBC70301EB430138
:108348000AEBC10101F5CC510A724A729BE712236C
:10835800029366E71046FF22025574E71223029340
:10836800C5E71046FF220255D2E7B9F1010F18D030
:10837800B9F1020F87D107EBC70301EB43030AEBFF
:10838800C30303F5CC5300221A735A7307EBC703D0
:1083980001EB430303F581530AEB43039A71DA7146
:1083A80071E707EBC70301EB43030AEBC30303F5CC
:1083B800CC5300229A72DA7265E70DB0BDE8F08FEF
:1083C80074450020843E002038B54FF45E74224680
:1083D8000021134809F0F4F822460021114809F059
:1083E800EFF8114C42F26A120021204609F0E8F831
:1083F800D8252A4600210D4809F0E2F82A4600212E
:108408000B4809F0DDF800210846FFF735FDFFF7B6
:10841800F5F9FFF713FA012384F84F3038BD00BF90
:10842800FC410020843E0020BC080020C03C002005
:10843800983D002030B501F50053002283F86821EB
:108448002E4B9B7D012B42D0104645E0012404FAB7
:1084580002F50CEBCC0301EB4303734493F85A4049
:1084680024EA050483F85A400132D2B2072A1BD8FD
:108478000CEBCC030EEB430302EBC3033C3301EBE1
:108488004303DC88B0F84E309C42DFD9012404FA5B
:1084980002F50CEBCC0301EB4303734493F85A4009
:1084A8002C4383F85A40DFE70EF1010E5FFA8EFE87
:1084B800BEF1110F01D80022D8E70CF1010C5FFAC8
:1084C8008CFCBCF1010F17D84FF0000EF0E74FF00D
:1084D800000CF6E70130C0B201280DD80023112B9B
:1084E800F8D800EBC00201EB42021A44002482F8DB
:1084F8005A400133DBB2F2E730BD00BF24DD002073
:1085080010B51B4BB3F8053013F0800F20D0184975
:1085180001F11903174A39311C68D3F804E0D3F87C
:1085280008C0D8681460C2F804E0C2F808C0D06077
:10853800103310328B42EFD11B6813600E4B0122AF
:1085480083F868210C4B93F86831012B05D010BDD6
:108558000A490B48FFF76EFFF4E7084CA178E0786A
:10856800FFF7C0F9A178E078FFF726FCEFE700BF36
:1085780024DD002016090020BC280020BC080020AB
:1085880080D6002010B584B00D4B93E8030002900C
:10859800ADF80C100B4CA178E078FFF7A3F9002296
:1085A800019200921346A178E078FFF72DFB4FF473
:1085B8005872A178E078FFF7AFF904B010BD00BF9A
:1085C800F0150108BC08002030B583B005460B4BF8
:1085D80093E803000090ADF80410094CA178E07806
:1085E800FFF780F902AB03EB450333F8083C2A4652
:1085F800A178E078FFF72EFA03B030BDF015010836
:10860800BC08002000B583B00246094B93E803007C
:108618000090ADF80410074800F5005383F869216D
:1086280000221146FFF764FC03B05DF804FB00BFAD
:10863800F0150108BC08002010B582B0094B93E87A
:1086480003000090ADF80410074CA178E078FFF71C
:1086580049F94FF4A062A178E078FFF75DF902B01C
:1086680010BD00BFF8150108BC08002030B583B064
:1086780005460B4B93E803000090ADF80410094C35
:10868800A178E078FFF72EF902AB03EB450333F846
:10869800083C2A46A178E078FFF7DCF903B030BD42
:1086A800F8150108BC08002000B583B00246094B44
:1086B80093E803000090ADF80410074800F5005354
:1086C80083F8692100220121FFF712FC03B05DF84D
:1086D80004FB00BFF8150108BC08002038B50546A2
:1086E800084B5C68FDF75CFA074BA3FB00239B0C67
:1086F80005FB03F000E000BF024B5B681B1B8342D5
:10870800F9D338BD001000E083DE1B43034B002281
:108718001A70034B01221A70704700BFBB46002035
:10872800BA4600202DE9F04F93B003900D4605920C
:108738009A46C47890F80280C4B9DFF8349305EB00
:108748004503DBB2049300260D960E960F961096FD
:10875800ADF84460ADF832600B96ADF8306008961D
:1087680009960A960696ADF81C600CE0DFF80493AB
:10877800E5E73046FFF7AEFB06F148036B4403F824
:10878800140C0136F6B2112EF3D9B54F4FF45E76BC
:1087980032460021384608F013FF32460021B1481E
:1087A80008F00EFF0598020A4FF4DE7304FB03F38A
:1087B800942101FB0533FE18FA54707002213046EB
:1087C800FEF7C8FFC0F30723B370F070002013E072
:1087D8001F1D07EBC0074FF4DE7204FB02F2942161
:1087E80001FB05229E490A44FF21D1550133DBB222
:1087F800072BEDD90130C0B2112801D80023F7E7C3
:10880800039B9978D878FFF76DF8012241462046F6
:10881800FFF734F80A20FFF761FF94234FF4DE7264
:1088280004FB02F203FB0522142100918D490A443E
:1088380031464846FDF7F9FB002241462046FFF73E
:108848001DF80A20FFF74AFF0027A94601F018B8CB
:1088580008EB03059AF801104FF4DE7204FB02F2EC
:10886800942000FB09227F480244505D01EB41013E
:108878007D4A02EB4101C8540133DBB2052BE7D92D
:108888009AF801305A1E312A00F2F487DFE812F014
:1088980034004000F2076F00F207F2071F01F207E9
:1088A8008A01F207E201F2073502F2073403F20700
:1088B800D503F207F207F207F2077F048B04F207E9
:1088C800F207B004F207F207C004F207D305F20773
:1088D800F2070406F207F207F2071006F207F2079A
:1088E80021064A06530664069C06D406F207F207D8
:1088F800F20758070023C1E703EB43035A4A02EB88
:1089080043035B7813F0080F40F0ED8500F0B6BF25
:10891800554903EB430201EB4202527803EB430350
:1089280011F8133043EA0223ADF82C3007EE903AE1
:10893800F8EE677A9FED4D7A67EE877ACDED087A83
:10894800FCEEE77A17EE901A8AB204EBC4030BEB3D
:10895800430303F6FC73039800EB4303D980A2F6A4
:10896800B1339BB20E2B00F2BE8500F087BF3E4AA2
:1089780003EB430002EB40014D7812F8102042EA65
:108988000522ADF82C2007EE902AB8EE677ADFEDC5
:10899800376A27EE267A8DED087AC8788A7842EA0F
:1089A8000022ADF82E2007EE902AF8EE677A67EEDF
:1089B800A67ACDED097A049A052A18D82A4A03EB33
:1089C800430102EB4101497903EB430302EB430204
:1089D800137943EA0123ADF8303006EE903AF8EE09
:1089E800666A9FED226A66EE866ACDED0A6A0BF129
:1089F80048036B4413F8142CBCEEC77A04EBC40389
:108A080002EB4301049800EBC10303F51F73039DB8
:108A180005EB430317EE106ADE80431CFCEEE77A91
:108A280003EBC10303F51F7305EB430317EE901A1D
:108A3800D980052846D8831CDDED0A7AFCEEE77A52
:108A480004EBC40102EB410203EBC20303F51F73FD
:108A580005EB430317EE902ADA8000F00FBF00BF42
:108A6800FC410020843E002088450020CDCCCC3D30
:108A78007C040020D404002004EBC4010BEB41016A
:108A880001F5677106EB4101C8800133DBB2072BA2
:108A980000F2F18604EBC4010BEB410103EBC101C9
:108AA80001F51F7106EB4101B1F9061047F6BF7CCD
:108AB8006145E1DCB1F5347FDEDD012202FA03F025
:108AC80080B2D9E7002318461A46039EDFE7B9F1BA
:108AD800000F31D1D14A03EB430102EB410149793F
:108AE80003EB430302EB4302137943EA0123ADF896
:108AF8002C3007EE903AF8EE677A9FEDC97A67EE68
:108B0800877ACDED087AFCEEE77A17EE901A8BB2E9
:108B180004EBC4020BEB420202F57962039800EB06
:108B28004202D180A3F58C53143B9BB2B3F57A7FF4
:108B380000F2D98400F0A2BEB9F1010F02D00022E0
:108B480000F099BEB54903EB430201EB42025278AB
:108B580003EB430311F8133043EA0223ADF82E3038
:108B680007EE903AF8EE677A9FEDAD7A67EE877A6E
:108B7800CDED097AFCEEE77A17EE901A8AB204EB8B
:108B8800C4030BEB430303F6B473039800EB4303EE
:108B9800D980A2F68C239BB2B3F5617F00F2A3843F
:108BA80000F06CBE9D4903EB430201EB4202D5780D
:108BB800907840EA0520ADF82C0007EE900AB8EE50
:108BC800677ADFED976A27EE267A8DED087A527973
:108BD80003EB430301EB43010B7943EA0223ADF8AE
:108BE8002E3007EE903AF8EE677A67EEA67ACDED6A
:108BF800097ABCEEC77A04EBC4030BEB430303F614
:108C08002472039901EB420217EE100AD080FCEEA1
:108C1800E77A03F6487301EB430317EE902ADA80EC
:108C280001F5F2530E331BB201F5F452163212B2AB
:108C38009B1A03F57F42FF327A498A4200F2618625
:108C4800002BB8BF5B429BB2072B40F2178601226C
:108C580000F011BEB9F1000F0CD14FF4EC72ADF871
:108C680018201922ADF81A205A22ADF81C2000222B
:108C7800114627E0B9F1010F0AD0B9F1020F12D05D
:108C88000022ADF81820ADF81A20ADF81C20EEE748
:108C98009B22ADF81820DC22ADF81A2040F21D12F4
:108CA800ADF81C20E3E74FF4AF72ADF8182040F29E
:108CB8009F12ADF81A204FF4F072ADF81C20D6E7D9
:108CC8000131C9B2022900F2D6854D0012A800EB85
:108CD800410030F8306C03EB430C504800EB4C0C6F
:108CE8001CF8110001351CF8055040EA0520C0F3B6
:108CF8000B00B042E4D00122E2E7059A132A7BD0A8
:108D0800464A03EB430002EB40014D7812F810206D
:108D180042EA0522ADF82C2007EE902AB8EE677AD1
:108D2800DFED3F6A27EE267A8DED087AC8788A78D3
:108D380042EA0022ADF82E2007EE902AF8EE677A74
:108D480067EEA67ACDED097A049A052A18D8334A2F
:108D580003EB430102EB4101497903EB430302EBC7
:108D68004302137943EA0123ADF8303006EE903A16
:108D7800F8EE666A9FED2A6A66EE866ACDED0A6AA3
:108D8800294B1D78002D51D10BF148036B4413F882
:108D980014CCBCEEC77A04EBC4030CEB4301049873
:108DA80000EBC10303F5C063039E06EB430317EE14
:108DB800102ADA80431CFCEEE77A03EBC10303F5C3
:108DC800C06306EB430317EE902ADA8005281ED805
:108DD800831CDDED0A7AFCEEE77A04EBC4010CEBA8
:108DE800410203EBC20303F5C06306EB430317EE2E
:108DF800902ADA8000F042BD03EB4303074A02EBF6
:108E0800430393F90130002B80F238856BE3064B5E
:108E180001221A702A4600F02EBD00BF88450020A6
:108E2800CDCCCC3DFEFF0100BD460020012D40F019
:108E380025850BF148036B4413F8140CBCEEC77A74
:108E480004EBC40300EB430C049901EBCC0303F5DA
:108E5800E463039E06EB430317EE102ADA804B1CEB
:108E6800FCEEE77A03EBCC0303F5E46306EB43037C
:108E780017EE902ADA8005290FD88B1CDDED0A7AC7
:108E8800FCEEE77A03EBCC0303F5E46306EB43035C
:108E980017EE902ADA8000F0F1BC0023D64A13704E
:108EA8001A46DDF80CE002E02A460133DBB2072B54
:108EB80000F2E18404EBC40100EB410103EBC101C2
:108EC80001F5C06C0EEB4C0CBCF806C001F5E46172
:108ED8000EEB4101C988ACEB010101F57F4C0CF1A7
:108EE800FF0CC64EB445DFD80029B8BF494289B245
:108EF8001E29DAD92A46D8E7C14A03EB430102EB17
:108F08004100457812F8111041EA0521ADF82C10FE
:108F180007EE901AB8EE677ADFEDBA6A27EE267A7E
:108F28008DED087AC178837843EA0123ADF82E30B5
:108F380007EE903AF8EE677A67EEA67ACDED097AF1
:108F48000BF148036B4413F8140CBCEEC77A04EB1E
:108F5800C40300EB4302049D05EBC20303F516634B
:108F6800039E06EB430317EE101AD9806B1CFCEE28
:108F7800E77A03EBC20303F5166306EB430317EE28
:108F8800902ADA80052D54D89AF801309C4A03EBD0
:108F9800430102EB4101497903EB430302EB43032D
:108FA8001B7943EA0123ADF8303007EE903AF8EE2A
:108FB800677A67EEA67ACDED0A7AAB1CFCEEE77A03
:108FC80004EBC40200EB420003EBC00303F5166395
:108FD80006EB430317EE902ADA8000F04FBC01310C
:108FE800C9B2072900F2478404EBC40300EB43032A
:108FF80001EBC30303F5166605EB4606F68807EE94
:10900800906AF8EE677A3C3305EB4303DB8807EE9A
:10901800103AB8EE477AB3F57A7FE0D9F6EE086AE7
:1090280027EE267AB4EEE77AF1EE10FAD7DD0122C0
:10903800D5E700210A46039DD3E7714A03EB4300B5
:1090480002EB40014D7812F8100040EA0520ADF817
:109058002C0007EE900AF8EE677A9FED6A7A67EEC1
:10906800877ACDED087AC97803EB430302EB430214
:10907800927842EA012CADF82EC007EE90CAF8EEBD
:10908800677A67EE877ACDED097A0BF148036B446E
:1090980013F8141C04EBC40301EB4305049E06EB10
:1090A800C50303F5AE73039A02EB4303D880304639
:1090B800731C03EBC50303F5AE73164602EB4303BB
:1090C800A3F806C0054605285DD89AF801304C4A31
:1090D80003EB430002EB4000407903EB430302EB50
:1090E80043031A7942EA0022ADF8302007EE902AAD
:1090F800F8EE677A67EE877ACDED0A7AAB1C04EB57
:10910800C40001EB400103EBC10303F5AE7306EBAA
:109118004303DA80B2E301220130C0B2072800F22B
:10912800AA8304EBC40301EB430300EBC30303F579
:10913800AE7305EB4303DB8807EE903AF8EE677AE7
:1091480004EBC4030BEB430300EBC3033C3305EB15
:109158004303DB8807EE103AF8EE476AB3F57A7FE7
:10916800DAD987EEA67ADFED277AB4EEE77AF1EE60
:1091780010FAD0D4DFED247AB4EEE77AF1EE10FAE3
:10918800CADD0122C8E700200246039DC6E703EBBB
:1091980043031B4A02EB430393F90130002B80F28F
:1091A8006D83012267E303EB4303154A02EB430394
:1091B8005B7813F0010F00F0618301225BE301315A
:1091C800C9B2052900F2578303EB43050C4800EBAD
:1091D8004500465C0BEB4B056C2004FB00F000EBF4
:1091E80045000A4D2844405C8642E8D00122E6E763
:1091F80000210A46E5E700BFBD460020FEFF01004A
:1092080088450020CDCCCC3D6666663FC03C00203A
:10921800CE4A03EB430002EB40014D7812F81000F0
:1092280040EA0520ADF82C0007EE900AF8EE677AC0
:109238009FEDC76A67EE867ACDED087ACD78887893
:1092480040EA0520ADF82E0007EE100AF8EE476A4E
:1092580066EE866ACDED096A497903EB430302EBB2
:109268004302137943EA0123ADF8303007EE103A90
:10927800B8EE477A27EE067A8DED0A7AB54B18785C
:10928800002854D1B9F1000F1DD10BF148030DEBA3
:10929800030B1BF8143CFCEEE66A04EBC40203EB78
:1092A800420303F55E72039901EBC20216EE900ABF
:1092B800D080BCEEC77A01EBC30303F5DE5317EE8B
:1092C800102A1A81DAE2B9F1010F1BD0B9F1020FA5
:1092D80040F0D4820BF148030DEB030B1BF8143C50
:1092E800FCEEE77A04EBC40203EB4203039A02EBB9
:1092F800C30303F5DE5317EE902A9A81954B01229A
:109308001A70BBE20BF148030DEB030B1BF8143C7E
:10931800FCEEE77A04EBC40203EB4203039A02EB88
:10932800C30303F5DE5317EE902A5A81A6E20128FB
:1093380001D000229FE2B9F1000F26D10BF14803BA
:109348006B4413F8143CFCEEE66A04EBC40203EB2E
:10935800420303F56772039901EBC20216EE905AB5
:10936800D580BCEEC77A01EBC30303F5E75317EECC
:10937800102A1A81774B1B78022B40F07F8200223B
:10938800744B1A701146039D32E0B9F1010F19D0E0
:10939800B9F1020FEED10BF148036B4413F8143CFA
:1093A800FCEEE77A04EBC40203EB4203039A02EBF8
:1093B800C30303F5E75317EE902A9A81654B0222FF
:1093C8001A70D7E70BF148036B4413F8143CFCEE12
:1093D800E77A04EBC40203EB4203039A02EBC303EC
:1093E80003F5E75317EE902A5A81C3E70131C9B252
:1093F8008F2900F240820BF148036B4413F8143CA8
:1094080004EBC40603EB460301EB830303F55E6636
:1094180005EB4606F68803F5676305EB4303DB882F
:10942800F31A002BB8BF5B429BB240F62826B34222
:10943800DCD90246DAE7454A03EB430102EB410176
:10944800497903EB430302EB4302137943EA01230F
:10945800ADF82C3007EE903AF8EE677A9FED3C7A3B
:1094680067EE877ACDED087AFCEEE77A17EE901A68
:109478008AB204EBC4030BEB430303F5815303984F
:1094880000EB4303D980A2F596539BB2B3F5C87F8E
:1094980040F2F4810122EEE103EB43032B4A02EB95
:1094A80043035B7813F0020F00F0E8810122E2E148
:1094B800264A03EB430102EB4101C97803EB43035E
:1094C80002EB4302937841EA0323B3F5E04F0AD84D
:1094D800D4E103EB43031D4A02EB430393F9013044
:1094E800002BC0F2CB819AF801200BEB4B0303EB66
:1094F800031340F2963101FB0433134404333AF862
:109508001310022900F2BA810BEB4B0B0BEB0B1B70
:1095180040F2963303FB04B31344043301312AF8B1
:109528001310ABE103EB4303084A12F8133013F0AE
:10953800F00FD8D0A2E103EB4303044A02EB430344
:109548005B7813F0080FCED098E100BF8845002063
:10955800CDCCCC3DBC460020B44A127882B903EB8E
:109568004303B34A02EB43035B7813F0020F03D1C2
:10957800AE4B01221A70B6E7AC4B01221A707DE19E
:10958800012A0CD003EB4303A94A02EB43035B789F
:1095980013F0020F14D0A54B00221A70A3E703EBB7
:1095A8004303A34A02EB43035B7813F0020F03D192
:1095B8009E4B02221A7096E79C4B02221A705DE1BC
:1095C8009A4B00221A7059E1984A127882B903EB33
:1095D8004303974A02EB43035B7813F0010F03D16F
:1095E800924B01221A707EE7904B01221A7045E1D6
:1095F800012A0CD003EB43038D4A02EB43035B784B
:1096080013F0010F14D0894B00221A706BE703EB9B
:109618004303874A02EB43035B7813F0010F03D13E
:10962800824B02221A705EE7804B02221A7025E1F3
:109638007E4B00221A7021E1B9F1000F11D0B9F167
:10964800010F38D0B9F1020F40F0188140F21242F0
:10965800ADF8182040F25342ADF81A200022114606
:1096680055E040F20C42ADF8182040F24D42ADF8FA
:109678001A2040F28E42ADF81C204A46494601E0C5
:109688000131C9B2022900F2F680480003EB430613
:10969800674D05EB460515F8116000F1010C15F84A
:1096A8000C5046EA05254830684430F8300CA8428A
:1096B800E6D00122E4E740F2CF42ADF818204FF49B
:1096C800A262ADF81A2040F25152ADF81C200022D7
:1096D800114601E00131C9B2022900F2CC804800EC
:1096E80003EB4306524D05EB460515F8116000F1F2
:1096F800010C15F80C5046EA05254830684430F846
:10970800300CA842E6D04A46E4E70131C9B2012943
:1097180000F2B180480003EB4306454D05EB4605D2
:1097280015F8116000F1010C15F80C5046EA0525F2
:109738004830684430F8300CA842E6D00122E4E70B
:10974800B9F1000F15D0B9F1010F41D0B9F1020FED
:1097580040F094804FF6FF72ADF818204FF4B562D0
:10976800ADF81A2040F2A952ADF81C20002211468B
:1097780062E040F22122ADF8182040F26222ADF8F2
:109788001A2040F2A322ADF81C204A46494601E0BF
:109798000131C9B202296ED812A800EB410030F895
:1097A800306C4FF6FF708642F2D04D0003EB430C4D
:1097B8001F4800EB4C0C1CF8110001351CF8055033
:1097C80040EA0520C0F30B008642E1D00122DFE722
:1097D8004FF43972ADF818204FF6FF72ADF81A2021
:1097E800ADF81C200022114601E00131C9B202295E
:1097F80041D812A800EB410030F8306C4FF6FF70EA
:109808008642F2D04D0003EB430C094800EB4C0CA8
:109818001CF8110001351CF8055040EA0520C0F37A
:109828000B008642E1D04A46DFE700BFBC46002075
:10983800884500200131C9B202291CD812A800EBC2
:10984800410030F8306C4FF6FF708642F2D04D0080
:1098580003EB430C2D4800EB4C0C1CF811000135B0
:109868001CF8055040EA0520C0F30B008642E1D001
:109878000122DFE70022012A3FF435AE0137FFB2AB
:10988800112F40D8BB464FEAC70808F10A03204DFC
:109898004FF4DE7604FB06F6942000FB0966AA194D
:1098A800D15C08F10B03D35C03EB0123ADF8323034
:1098B8000DF13200FEF716FB08F1040806EB08006C
:1098C800012206212844FDF763FFBDF832308342A8
:1098D8003FF410A840F22C7304FB03F3662202FB4A
:1098E800073353449A8F022AC8D840F22C7304FBDA
:1098F80003F3662101FB073BD3440132ABF83C205C
:10990800BCE70122B7E713B0BDE8F08F8845002017
:10991800843E002030B583B00446144B1B78012BDD
:1099280004D0052B1AD0002003B030BD104B012203
:109938005A708178C078FDF7D5FF0025019500950C
:109948002B462A46A178E078FEF75EF940F21572B8
:10995800A178E078FDF7E0FF2846E5E7044B1322FD
:109968000221FEF7DFFE0120DEE700BFBB46002034
:10997800282A002030B583B00446144B1B78012BED
:1099880004D0052B1AD0002003B030BD104B0222A2
:109998005A708178C078FDF7A5FF002501950095DC
:1099A8002B462A46A178E078FEF72EF94FF4A062FC
:1099B800A178E078FDF7B0FF2846E5E7044B0C22D4
:1099C8000021FEF7AFFE0120DEE700BFBB46002006
:1099D800282A002030B587B00546254B53F8042BBC
:1099E800ADF81420120C8DF8162093E803000390AC
:1099F800ADF810101F4B1B78052B19D0092B34D04C
:109A0800012B02D0002007B030BD1B4B04225A7036
:109A1800A978E878FDF766FF002401948023009375
:109A280023462246A978E878FEF7EEF82046EAE7CA
:109A38004FF44272A978E878FDF76EFF0020E2E75C
:109A480006AB03EB440204F118030DEB03010A4BC8
:109A580032F80C2C11F8041C2846FEF763FE01347A
:109A6800E4B2022CECD90120CDE70024F9E700BFCD
:109A780000160108BB460020282A002030B583B014
:109A880004461D4B1B78052B1ED0092B2DD0012B0E
:109A980002D0002003B030BD184B07225A708178DD
:109AA800C078FDF71FFF0025019500952B462A4633
:109AB800A178E078FEF7A8F840F26B52A178E07838
:109AC800FDF72AFF2846E5E70C4B10220021FEF798
:109AD80029FEA178E078FDF705FF40F26C52A178E5
:109AE800E078FDF719FF0020D4E7044B122201218A
:109AF800FEF718FE0120CDE7BB460020282A0020EB
:109B080030B583B00446144B1B78012B04D0052BC9
:109B18001AD0002003B030BD104B09225A7081784A
:109B2800C078FDF7DFFE0025019500952B462A46F3
:109B3800A178E078FEF768F840F20132A178E07881
:109B4800FDF7EAFE2846E5E7044B13220121FEF75C
:109B5800E9FD0120DEE700BFBB460020282A0020DF
:109B680030B583B004463B4B1B78013B1D2B6ED8A8
:109B7800DFE803F0116D6D6D206D6D6D6D6D356DE8
:109B88006D6D3C6D6D6D6D516D6D6D6D586D6D6D5F
:109B98006D0F01205CE0304B0D225A708178C0783F
:109BA800FDF7A0FE40F21772A178E078FDF7B4FE49
:109BB80000204DE08178C078FDF794FE00250195DE
:109BC80000952B461022A178E078FEF71DF840F2A8
:109BD8001572A178E078FDF79FFE284638E01E4B05
:109BE80013220221FEF79EFD002031E08178C07823
:109BF800FDF778FE0025019500952B462022A178D7
:109C0800E078FEF701F840F21572A178E078FDF7E8
:109C180083FE28461CE0104B13220221FEF782FD2A
:109C2800002015E08178C078FDF75CFE00250195DD
:109C380000952B462A46A178E078FDF7E5FF40F22B
:109C48001572A178E078FDF767FE284600E000204D
:109C580003B030BDBB460020282A002030B587B0AD
:109C68000446434B53F80C2BADF81420120C8DF816
:109C7800162093E803000390ADF810103D4B1B78B5
:109C8800013B1D2B71D8DFE803F00F70707028704E
:109C9800707070707070707070703F707070704B12
:109CA8007070707070707062334B0F225A70A178A8
:109CB800E078FDF717FE40230193802300930023EB
:109CC8001A46A178E078FDF79FFF4FF45C72A178FF
:109CD800E078FDF721FE002048E00025022D11D88C
:109CE80006AB03EB450205F118030DEB0301224B0C
:109CF80032F80C2C11F8041C2046FEF713FD013530
:109D0800EDB2EBE7002031E0A178E078FDF7EAFD5D
:109D18004FF45C72A178E078FDF7FEFD002025E0A5
:109D28000025022D11D806AB03EB450205F11803F7
:109D38000DEB0301104B32F80C2C11F8041C2046D3
:109D4800FEF7F0FC0135EDB2EBE700200EE0A1785C
:109D5800E078FDF7C7FD0022019200921346A17832
:109D6800E078FDF751FF012000E0002007B030BD8A
:109D780000160108BB460020282A002030B587B00D
:109D88000546224B53F8042BADF81420120C8DF81D
:109D9800162093E803000390ADF810101C4B1B78B5
:109DA800012B04D0052B2FD0002007B030BD194B54
:109DB80011225A70A978E878FDF794FD00240194DF
:109DC800009423462246A978E878FDF71DFF4FF452
:109DD800BC72A978E878FDF79FFD2046E5E706AB59
:109DE80003EB440204F118030DEB0301094B32F8AD
:109DF8000C2C11F8041C2846FEF794FC0134E4B23C
:109E0800022CECD90120D0E70024F9E7001601085C
:109E1800BB460020282A002030B583B004461C4BDE
:109E28001B78013B0E2B30D8DFE803F00A2F2F2FC9
:109E38001C2F2F2F282F2F2F2F2F0800012025E030
:109E4800144B16225A708178C078FDF74BFD002517
:109E5800019500952B462A46A178E078FDF7D4FEB7
:109E6800284613E08178C078FDF73CFD4FF458721E
:109E7800A178E078FDF750FD002007E0054B13229C
:109E88000221FEF74FFC002000E0002003B030BDA7
:109E9800BB460020282A002030B585B004461B4B5D
:109EA8001B78052B16D0092B29D0012B02D00020B6
:109EB80005B030BD164B17225A708178C078FDF76F
:109EC80011FD03AB40F21772A178E078FDF75CFD55
:109ED8000020EDE78178C078FDF704FD00250195A5
:109EE80000952B462A46A178E078FDF78DFE4FF4C1
:109EF8005872A178E078FDF70FFD2846D8E7044BA3
:109F080013220221FEF70EFC0120D1E7BB460020F8
:109F1800282A002030B587B00446414B53F8142B4B
:109F2800ADF81420120C8DF8162093E80300039066
:109F3800ADF810103B4B1B78013B072B6DD8DFE8C1
:109F480003F0046C1C6C32496C55374B1D225A7057
:109F5800A178E078FDF7C6FC0025019500952B4611
:109F68002A46A178E078FDF74FFE40F21272A178F8
:109F7800E078FDF7D1FC284650E0A178E078FDF7BD
:109F8800B1FC402301938023009300231A46A17853
:109F9800E078FDF739FE4FF4AA62A178E078FDF782
:109FA800BBFC00203AE00025022D11D806AB03EBDC
:109FB800450205F118030DEB03011B4B32F80C2C7D
:109FC80011F8041C2046FEF7ADFB0135EDB2EBE7B6
:109FD800002023E0A178E078FDF784FC4FF4A2622A
:109FE800A178E078FDF798FC002017E00025022D05
:109FF80011D806AB03EB450205F118030DEB03017D
:10A00800094B32F80C2C11F8041C2046FEF78AFB89
:10A018000135EDB2EBE7012000E0002007B030BDCC
:10A0280000160108BB460020282A002030B583B05E
:10A038000446144B1B78012B04D0032B1AD00020A4
:10A0480003B030BD104B1F225A708178C078FDF7DD
:10A0580049FC0025019500952B462A46A178E07811
:10A06800FDF7D2FD4FF4A062A178E078FDF754FC2B
:10A078002846E5E7044B0D220221FEF753FB012099
:10A08800DEE700BFBB460020282A002030B583B099
:10A0980004461D4B1B78013B0E2B32D8DFE803F03A
:10A0A8000A31313122313131312A3131313108002F
:10A0B800012027E0154B26225A708178C078FDF7D9
:10A0C80011FC0025019500952B462A46A178E078D9
:10A0D800FDF79AFD40F21772A178E078FDF71CFCB5
:10A0E80028460FE04FF4AD628178C078FDF714FC84
:10A0F800002007E0054B10220021FEF713FB00208B
:10A1080000E0002003B030BDBB460020282A002014
:10A1180030B583B004461C4B1B78052B1ED0092B89
:10A1280023D0012B02D0002003B030BD174B2922C9
:10A138005A708178C078FDF7D5FB00250195009508
:10A1480020232A46A178E078FDF75EFD4FF4587287
:10A15800A178E078FDF7E0FB2846E5E70B4B1322F2
:10A168000221FEF7DFFA0020DEE78178C078FDF7EC
:10A17800B9FB0022019200921346A178E078FDF71E
:10A1880043FD0120D0E700BFBB460020282A00205D
:10A1980030B583B00446394B1B78013B172B69D87F
:10A1A800DFE803F00C686868246868682B686868EA
:10A1B8006840686868684C6868686861304B2C2239
:10A1C8005A708178C078FDF78DFB002501950095C0
:10A1D80004232A46A178E078FDF716FD4FF4A06223
:10A1E800A178E078FDF798FB284644E0244B132239
:10A1F8000221FEF797FA00203DE08178C078FDF74C
:10A2080071FB0025019500950C232A46A178E0787A
:10A21800FDF7FAFC4FF4A062A178E078FDF77CFB2B
:10A22800284628E08178C078FDF75CFB144B1322A0
:10A2380002212046FEF776FA00201CE08178C078DB
:10A24800FDF750FB0025019500952B462A46A1787D
:10A25800E078FDF7D9FC4FF4A062A178E078FDF72B
:10A268005BFB284607E0064B13220221FEF75AFA49
:10A27800012000E0002003B030BD00BFBB46002035
:10A28800282A002030B583B00446364B1B78013BA2
:10A29800142B63D8DFE803F00B6262622362626208
:10A2A8002A6262623F626262466262625B002E4BB1
:10A2B8002D225A708178C078FDF714FB002501958E
:10A2C800009501232A46A178E078FDF79DFC4FF41C
:10A2D8005872A178E078FDF71FFB28463FE0224B33
:10A2E80013220221FEF71EFA002038E08178C07898
:10A2F800FDF7F8FA00250195009502232A46A17872
:10A30800E078FDF781FC4FF45872A178E078FDF70A
:10A3180003FB284623E0144B13220221FEF702FA1E
:10A3280000201CE08178C078FDF7DCFA0025019553
:10A3380000952B462A46A178E078FDF765FC4FF496
:10A348005872A178E078FDF7E7FA284607E0064B4F
:10A3580013220221FEF7E6F9012000E0002003B0F5
:10A3680030BD00BFBB460020282A0020A54B1B7823
:10A37800002B00F0468110B5A34A137801331370FF
:10A38800A24B1B7893B90124A14A127882B1934257
:10A398000ED901249F4B83F84E409E48FFF7BAFA26
:10A3A800012873D0012800F09F8010BD1C46EBE700
:10A3B800984B83F84E40631E312B00F21E8101A298
:10A3C80052F823F0A3A300089DA4000803A60008E0
:10A3D800AFA4000803A6000803A60008C3A4000849
:10A3E80003A60008D7A4000803A60008EBA40008E9
:10A3F80003A60008FFA4000803A6000813A5000888
:10A4080003A6000827A5000803A6000803A600085D
:10A4180003A6000803A600083BA500084FA50008EE
:10A4280003A6000803A6000803A6000803A6000860
:10A4380003A6000863A5000803A6000877A500087E
:10A4480003A6000803A600088BA5000803A60008B9
:10A4580003A6000803A6000893A5000803A60008A1
:10A4680003A60008A7A50008BBA50008C3A5000807
:10A47800CBA50008DFA50008F3A5000803A600087F
:10A4880003A6000803A60008FBA500085F4B0222EC
:10A498001A7087E75F48FFF76DFA012882D15B4B96
:10A4A80004221A707EE75B48FFF794FA01287FF4CC
:10A4B80079AF564B07221A7074E75648FFF7DEFA51
:10A4C80001287FF46FAF514B09221A706AE751488F
:10A4D800FFF716FB01287FF465AF4C4B0B221A706F
:10A4E80060E74A4B0D221A70464B00221A704A4BFD
:10A4F80083F8604E59E74748FFF732FB01287FF49D
:10A5080051AF424B0F221A704CE74248FFF7A6FBA7
:10A5180001287FF447AF3D4B11221A7042E73D48AE
:10A52800FFF72CFC01287FF43DAF384B16221A7038
:10A5380038E73848FFF770FC01287FF433AF334B16
:10A5480017221A702EE73348FFF7A6FC01287FF47C
:10A5580029AF2E4B1D221A7024E72E48FFF7DAFC8C
:10A5680001287FF41FAF294B1F221A701AE72948C8
:10A57800FFF75CFD01287FF415AF244B22221A70E7
:10A5880010E7224B26221A70AEE72248FFF77EFD1D
:10A5980001287FF407AF1D4B29221A7002E71D48D6
:10A5A800FFF7B6FD01287FF4FDAE184B2A221A707A
:10A5B800F8E6164B2B221A7096E7144B2C221A70C9
:10A5C80092E71448FFF7E4FD01287FF4EBAE0F4B48
:10A5D8002D221A70E6E60F48FFF754FE01287FF493
:10A5E800E1AE0A4B2E221A70DCE6084B32221A70B2
:10A5F8007AE7064B01221A7076E7044B01221A709B
:10A6080072E77047BA460020BB4600200C000020C5
:10A6180086450020BC080020282A002008B540F6FE
:10A6280096620021014806F0CBFF08BD282A0020C9
:10A6380010B4394A394BD3F882001060B3F8860059
:10A6480093F88810908091711988A2F80710997969
:10A658009172197AD172D97A1173B3F80910A2F8E4
:10A668000D1019692E48A0FB0101C1F3CF01A2F812
:10A678000F10196B2B4880FB0140C917C1EB601103
:10A68800A2F81110B3F87A10A2F81310B3F84E100C
:10A69800A2F81510B3F85010A2F81710B3F8551017
:10A6A8005183B3F95C10A2F81D10B3F95E10A2F83B
:10A6B8001F1093F8601093F8610001EBC1010C01C1
:10A6C800011982F82110B3F96210518493F86410CB
:10A6D80093F8650001EBC1010C01011982F82410FF
:10A6E800B3F87C10A2F82510D86E0F4CA4FB00100C
:10A6F800C00AC2F82700596CA4FB0101C90AC2F8B4
:10A708002B10B3F87410A2F82F109B6EC2F83330D8
:10A718005DF8044B704700BFC846002080D6002073
:10A72800CDCCCCCC1F85EB51C5B3A29110B582B06E
:10A738004B4B1C78621C1A70032C5FD8DFE804F0BE
:10A74800023E054E474B1B780BB902B010BD454B76
:10A7580000221A70444B01221A70FFF769FF434B1D
:10A76800B3F878304FF6FF72934214D03F49B1F8EE
:10A7780078203F4BA3FB02031B0A03EB4303D801DA
:10A78800131A9B013B4A1380B1F876203A4BA3F881
:10A79800312041220CE0A3F5C073344AA2F8783086
:10A7A800E4E7354B1B5D5340344AD25C0134E4B2D4
:10A7B800362CF6D9304B83F83720C6E72A4B1B785E
:10A7C800002BC2D0382301932B4B00931023294A26
:10A7D8001288A0212A48F9F7DBFFB6E7224B1B783D
:10A7E800002BB2D038230193264B00931023214A23
:10A7F8001288A0212248FAF73DF8A6E71A4B1B78E1
:10A808000BBB174B00221A709FE71B49C81890F81A
:10A818003800C95C884200D001220133DBB2372BF3
:10A82800F3D91249B1F878300133A1F878306AB118
:10A838008B7913F0400FE4D143F040038B71094B3F
:10A8480001221A70DDE700221346E8E7074A9379E8
:10A8580023F040039371044B00221A70D1E700BF24
:10A86800BF4600200D0000203E47002080D6002073
:10A87800ABAAAAAAC2460020C84600203C17010875
:10A88800540200200047002000B583B0544B1B68D9
:10A89800544A12689A4207D0524A1360524B1B78A6
:10A8A8006BB1524B01221A70514A1378591C11701E
:10A8B800042B66D8DFE803F0064165505F00FFF718
:10A8C800B7FEEEE7494A12782AB1484A00211170CA
:10A8D800454A01211170444A1278002A51D0404A51
:10A8E800B2F876204FF6FF718A4214D03C4AB2F88B
:10A8F8007610404AA2FB01029209742000FB121252
:10A9080002F5C07292013C48028001313B4AA2F82C
:10A91800311041210BE0743A3149A1F87620E5E77E
:10A92800364AD25C4A403649895C0133DBB2362B61
:10A93800F6D9324B83F8371023E02B4B1B7803B33F
:10A94800382301932D4B009310232B4A1288A02102
:10A958002C48F9F71DFF14E0234B1B788BB13823E3
:10A968000193294B00931023234A1288A0212548DC
:10A97800F9F780FF05E01C4B1B7893B91C4B0022AC
:10A988001A7003B05DF804FB0133DBB2372B0BD828
:10A998001A4AD11891F83810D25C9142F4D00120AB
:10A9A800F2E700200346F1E70D4AB2F876300133AA
:10A9B800A2F8763040B90A4A937923F0400393719C
:10A9C800094B00221A70D9E7937913F0400FD5D1BB
:10A9D80043F040039371054B01221A70CEE700BF84
:10A9E80080D60020384700203D4700203C47002003
:10A9F800BE46002009CB3D8DC0460020C846002039
:10AA08003C170108540200200047002030B585B0EB
:10AA18001446012803D002283DD005B030BDB9B98D
:10AA28003A4BB3F87830B3F5C07F01D34FF4C07315
:10AA38002380364BB3F87820013A354BA3FB021339
:10AA48001B0A03EB4303A2EBC313324A1380E4E768
:10AA5800304B1B884A1E934212D35D1A0135AD0153
:10AA6800ADB23223029338230193009410232A466F
:10AA7800A0212948F9F71AFD03460028F1D107E07B
:10AA88005D1A05F28115AD01ADB2EAE70133DBB21B
:10AA9800362BFBD9C1E7A1B91C4BB3F87630732B21
:10AAA80000D974232380194BB3F87620013A1B4B45
:10AAB800A3FB02139B09742101FB1323154A13807E
:10AAC800ABE7144B1B884A1E934213D35D1A05F259
:10AAD8008115AD01ADB2322302933823019300945E
:10AAE80010232A46A0210C48F9F7E0FC0346002869
:10AAF800F1D107E05D1A05F2F515AD01ADB2EAE74F
:10AB08000133DBB2362BFBD987E700BF80D60020A4
:10AB1800ABAAAAAAC44600205402002009CB3D8D46
:10AB280002280BD0032810D0012800D07047104B02
:10AB3800002283F8782083F8792070470C4B002294
:10AB480083F8762083F877207047094B002283F832
:10AB5800682083F8692083F86A2083F86B2083F8DB
:10AB6800782083F8792083F8762083F87720DDE74A
:10AB780080D60020F0B58BB000250CE0954B03EB98
:10AB880084034FF07E521A60934B03EB8404002336
:10AB980023600135EDB2032D00F2C780AEB205F592
:10ABA800FA522C468D4B03EB8503920092B2142186
:10ABB80002910421019100931023A0218848F9F7FC
:10ABC80075FC0228EAD006F5FA520432854B03EBED
:10ABD800840314210291042101910093102392000F
:10ABE800A0217F48F9F762FC0228ECD0A7007B4B34
:10ABF80003EB84031868F5F74FFC00227A4BF5F74E
:10AC0800A3FC02460B46CDE906230022764BF5F756
:10AC1800E3FA02460B46CDE90823F5F72FFF714BFF
:10AC28003B44D3ED007AFDEEE77A17EE903A80EADE
:10AC3800E072A2EBE072049283EAE371A1EBE371A4
:10AC48000591B2F5AF7F05DC42F21072914201DC4A
:10AC580058B953B9614B03EB84034FF07E521A6025
:10AC6800604B03EB840300221A6006F5FA5208329F
:10AC7800584B03EB840314210291042101910093A2
:10AC880010239200A0215648F9F710FC0228ECD0B6
:10AC980006F5FA520C32504B03EB8403142102914F
:10ACA80004210191009310239200A0214C48F9F748
:10ACB800FDFB0228ECD0A600464B03EB8403186882
:10ACC800F5F7EAFB0022484BF5F73EFC02460B4637
:10ACD800CDE906230022444BF5F77EFA02460B46DF
:10ACE800CDE90823F5F7CAFE3B4B3344D3ED007A90
:10ACF800FDEEE77A17EE903A80EAE072A2EBE07296
:10AD0800049283EAE371A1EBE3710591FA2A3FF714
:10AD180035AF42F2107291423FF730AF00287FF40E
:10AD280038AF002B7FF435AF28E7142302930423B0
:10AD380001932E4B0093102347F64052A021284838
:10AD4800F9F7B4FB0228F0D01423029304230193EB
:10AD5800274B0093102347F64452A0212048F9F7C7
:10AD6800A5FB0228F0D0214B1868F5F795FB0022C7
:10AD78001D4BF5F7E9FB02460B46CDE906230022F9
:10AD8800194BF5F729FA02460B46CDE90823F5F7E2
:10AD980075FE174BD3ED007AFDEEE77A17EE903A81
:10ADA80080EAE072A2EBE072049283EAE371A1EB1D
:10ADB800E3710591FA2A04DCB1F5FA6F01DC38B9C0
:10ADC80033B90A4B4FF07E521A60094B00221A60C1
:10ADD8000BB0F0BDF0DC002070D60020E0DC0020D5
:10ADE8005402002060D6002000408F40DCDC0020A8
:10ADF8005CD6002000B585B0142302930323019389
:10AE0800174B009310234FF4FE42A0211548F9F781
:10AE18004DFB0028F0D1144B93F88A300C2B03D942
:10AE2800114B002283F88A200F4B93F88B301F2B8D
:10AE380003D90D4B002283F88B201423029302239D
:10AE480001930A4B0093102347F60372A02105488B
:10AE5800F9F72CFB0028F0D105B05DF804FB00BF22
:10AE680009D700205402002080D6002000D70020F7
:10AE780030B589B0002306930793049305938DF8A2
:10AE88001800000A8DF81900142302930223019375
:10AE980006AB0093102347F62052A0211148F9F77A
:10AEA80053FA18B10024204609B030BD04461423D3
:10AEB80002930223019304AB0093102347F6205218
:10AEC800A0210848F9F7F2FA05460028EBD102223A
:10AED80004A906A806F056FB08B12C46E3E70124AE
:10AEE800E1E700BF5402002030B589B00023069383
:10AEF8000793049305938DF81800000A8DF819003C
:10AF0800142302930223019306AB0093102347F600
:10AF18003052A0211148F9F717FA18B10024204639
:10AF280009B030BD0446142302930223019304ABF5
:10AF38000093102347F63052A0210848F9F7B6FAD3
:10AF480005460028EBD1022204A906A806F01AFB40
:10AF580008B12C46E3E70124E1E700BF54020020D2
:10AF680030B589B0002306930793049305938DF8B1
:10AF78001800000A8DF81900142302930223019384
:10AF880006AB0093102347F64052A0211148F9F769
:10AF9800DBF918B10024204609B030BD044614235B
:10AFA80002930223019304AB0093102347F6405207
:10AFB800A0210848F9F77AFA05460028EBD10222C1
:10AFC80004A906A806F0DEFA08B12C46E3E7012436
:10AFD800E1E700BF5402002030B589B00023069392
:10AFE8000793049305938DF81800000A8DF819004B
:10AFF800142302930223019306AB0093102347F610
:10B008005052A0211148F9F79FF918B100242046A1
:10B0180009B030BD0446142302930223019304AB04
:10B028000093102347F65052A0210848F9F73EFA3A
:10B0380005460028EBD1022204A906A806F0A2FAC8
:10B0480008B12C46E3E70124E1E700BF54020020E1
:10B0580030B589B0002306930793049305938DF8C0
:10B068001800000A8DF81900142302930223019393
:10B0780006AB0093102347F66052A0211148F9F758
:10B0880063F918B10024204609B030BD04461423E2
:10B0980002930223019304AB0093102347F66052F6
:10B0A800A0210848F9F702FA05460028EBD1022248
:10B0B80004A906A806F066FA08B12C46E3E70124BD
:10B0C800E1E700BF5402002030B589B000230693A1
:10B0D8000793049305938DF81800000A8DF819005A
:10B0E800142302930223019306AB0093102347F61F
:10B0F8007052A0211148F9F727F918B10024204609
:10B1080009B030BD0446142302930223019304AB13
:10B118000093102347F67052A0210848F9F7C6F9A2
:10B1280005460028EBD1022204A906A806F02AFA4F
:10B1380008B12C46E3E70124E1E700BF54020020F0
:10B1480030B589B0002306930793049305938DF8CF
:10B158001800000A8DF819001423029302230193A2
:10B1680006AB009310234FF4FB42A0211148F9F7D6
:10B17800EBF818B10024204609B030BD044614236A
:10B1880002930223019304AB009310234FF4FB4274
:10B19800A0210848F9F78AF905460028EBD10222D0
:10B1A80004A906A806F0EEF908B12C46E3E7012445
:10B1B800E1E700BF5402002000B587B000230493E4
:10B1C8000593142302930223019304AB00931023E5
:10B1D80047F62052A0210848F9F768F90028F0D16D
:10B1E8009DF811209DF8103043EA0223034AD380CA
:10B1F800012007B05DF804FB54020020F448002049
:10B2080000B587B000230493059314230293022307
:10B21800019304AB0093102347F63052A02108484D
:10B22800F9F744F90028F0D19DF811209DF8103065
:10B2380043EA0223034A1381012007B05DF804FBA7
:10B2480054020020F448002000B587B0002304937E
:10B258000593142302930223019304AB0093102354
:10B2680047F64052A0210848F9F720F90028F0D104
:10B278009DF811209DF8103043EA0223034A5381B8
:10B28800012007B05DF804FB54020020F4480020B8
:10B2980000B587B000230493059314230293022377
:10B2A800019304AB0093102347F65052A02108489D
:10B2B800F9F7FCF80028F0D19DF811209DF810301E
:10B2C80043EA0223034A9381012007B05DF804FB97
:10B2D80054020020F448002000B587B000230493EE
:10B2E8000593142302930223019304AB00931023C4
:10B2F80047F66052A0210848F9F7D8F80028F0D19D
:10B308009DF811209DF8103043EA0223034AD381A7
:10B31800012007B05DF804FB54020020F448002027
:10B3280000B587B0002304930593142302930223E6
:10B33800019304AB0093102347F67052A0210848EC
:10B34800F9F7B4F80028F0D19DF811209DF81030D5
:10B3580043EA0223034A1382012007B05DF804FB85
:10B3680054020020F448002000B587B0002304935D
:10B378000593142302930223019304AB0093102333
:10B388004FF4FB42A0210848F9F790F80028F0D1C3
:10B398009DF811209DF8103043EA0223034A538296
:10B3A800012007B05DF804FB54020020F448002097
:10B3B800014B00221A7070473F470020274B1B693A
:10B3C80013F4805F1ED00123244A126912F4005F2F
:10B3D8001AD00122D3B903B96ABB93B98AB9204AF2
:10B3E80013780133DBB213701D2B05D913461E22C7
:10B3F8001A701C4B00221A7000231B4A13701B4A38
:10B40800137070470023DFE70022E3E7002AE2D148
:10B41800154A13780133DBB213701D2B05D9134677
:10B428001E221A700F4B01221A7000230F4A137044
:10B438000B4A137070470D4A13780133DBB213704F
:10B448001D2B05D913461E221A70064B02221A70AC
:10B458000023054A1370024A13707047000C02401B
:10B46800404700203F470020414700204247002036
:10B4780008B5FFF7A3FF08BD10B5064B20229A6157
:10B48800054C22220021204606F09AF80123237257
:10B4980010BD00BF001402404447002008B5827B5D
:10B4A8000B78437207EE903AF8EE677A9FED317A9F
:10B4B80077EEC77A17EE903A036191F801C08B785E
:10B4C80043EA0C23438107EE903AF8EE677A9FED42
:10B4D8002A7A67EE877A17EE903A4361CB7803F0C1
:10B4E80001034370CB78C3F340038370CB78C3F375
:10B4F8008003C370CB78C3F3C0030371CB78C3F365
:10B5080000134371CB78C3F340138371CB78C3F333
:10B518008013C3710B79037307EE903AF8EE677ADC
:10B528009FED167A67EE877A17EE903A83614B792A
:10B53800437307EE903AF8EE677AB6EE007A67EE54
:10B54800877A17EE903AC3618B7903F00F03837300
:10B55800934208D00023C37300230372F6F786FFD3
:10B56800074B186008BDC37BFF2BF5D00133C373AD
:10B57800F2E700BF00005C420AD7233CCDCCCC3DAB
:10B588006847002010B50446F6F770FF054B1B68A6
:10B59800C31AB3F5FA7F03D301232372014B186052
:10B5A80010BD00BF68470020C37B042B46D9012388
:10B5B800C3734378012B44D0028C22F00102028429
:10B5C8008278012A42D0028C22F002020284C278D8
:10B5D800012A40D0028C22F0040202840279012A56
:10B5E8003ED0028C22F0080202844279012A3CD023
:10B5F800028C22F0100202848279012A3AD0028C4D
:10B6080022F020020284C279012A38D0028C22F06A
:10B6180040020284027A012A36D0028C22F080028B
:10B628000284012B35D0038C23F080030384028C21
:10B6380040F2EF131A4231D1002070470023C37340
:10B64800B7E7028C42F001020284B9E7028C42F0AB
:10B6580002020284BBE7028C42F004020284BDE7C6
:10B66800028C42F008020284BFE7028C42F010020A
:10B678000284C1E7028C42F020020284C3E7028CF4
:10B6880042F040020284C5E7028C42F08002028444
:10B69800C7E7038C43F080030384C8E701207047A1
:10B6A80010B50A4B5B78012B08D0094C2046FFF7F0
:10B6B80069FF2046FFF778FF012010BD034B0022E9
:10B6C8005A7004490248FFF7E9FEEEE78458002063
:10B6D800444700201CD60020014B188C704700BF3F
:10B6E8004447002010B5064C1F220021204605F0D3
:10B6F80067FF0123A371034B40229A6110BD00BF6D
:10B708006C4700200014024030B589B00023049330
:10B718000593069307930093019302930393344B85
:10B728005B5CABB9324A01245454324A525C9A42A7
:10B738001BD9C417304D01EB810203EB420205EB24
:10B74800C20C45F83200CCF804400133DBB2ECE718
:10B758002A4B5B5CC517284A01EB810403EB4403C1
:10B7680002EBC30442F833006560244A535C01339A
:10B77800DBB25354092B02D9134600225A541D4AEE
:10B78800535C0133DBB25354092B02D913460A2206
:10B798005A54002319E0184801EB810203EB4202D6
:10B7A80000EBC20450F83250606808AA02EBC104EA
:10B7B80054F8102C521954F80C5C40EB050044F86E
:10B7C800102C44F80C0C0133DBB20A4A525C9A4242
:10B7D800E1D808AB03EBC104002354E90401F5F7F1
:10B7E800E5F944F8200C44F81C1C09B030BD00BF32
:10B7F8009447002038480020984700203C48002003
:10B8080010B50446F6F732FE054B1B68C31AB3F5AC
:10B81800FA6F03D30123A371014B1860A07910BDFF
:10B828008C470020014BB3F8190070476C47002083
:10B83800054BD3F8073007EE903AF8EEE77A9FED1C
:10B84800030A27EE800A70476C4700206F12833A7C
:10B85800054BD3F80F3007EE903AF8EEE77A9FEDF4
:10B86800030A27EE800A70476C4700206F12833A5C
:10B8780010B52DED028B0446FFF7DAFFB0EE408AD3
:10B88800FFF7E6FFB5EEC08AF1EE10FA1DD4F0EE30
:10B89800487AE378012B29D038EE408AB5EEC08A81
:10B8A800F1EE10FA14D49FED147AF4EEC77AF1EEA3
:10B8B80010FA10D5DFED117AB4EEE78AF1EE10FA3E
:10B8C80016DC0120BDEC028B10BDF1EE487AE0E7F2
:10B8D800B1EE488AE7E79FED0A7A67EE877AB4EE19
:10B8E800E78AF1EE10FA05DC0120EBE70020E9E732
:10B8F8000020E7E70020E5E700005C430000304255
:10B90800CDCC4C3E10B50446C37D042B3FD9012352
:10B9180043716379012B3DD0B4F8193023F001034A
:10B92800A4F81930A378032B3BD0B4F8193023F0CE
:10B938000203A4F81930E378012B39D0B4F8193090
:10B9480023F00403A4F819302379012B37D0B4F875
:10B95800193023F00803A4F81930A379012B35D046
:10B96800B4F8193043F04003A4F819301F48FFF722
:10B978007FFF90BBB4F8193043F02003A4F81930C6
:10B98800B4F8193013F06F0F2ED1002010BD00232A
:10B998004371BEE7B4F8193043F00103A4F8193035
:10B9A800C0E7B4F8193043F00203A4F81930C2E72D
:10B9B800B4F8193043F00403A4F81930C4E7B4F814
:10B9C800193043F00803A4F81930C6E7B4F8193061
:10B9D80043F04003A4F81930C8E7B4F8193023F04D
:10B9E8002003A4F81930CBE70120CFE76C470020EB
:10B9F800014BD3F81B0070476C4700204FF0000C38
:10BA0800FF230EE05B00DBB20132072A07DC13F0EC
:10BA1800800FF7D05B00DBB283F01D03F4E70CF175
:10BA2800010C8C4504D210F80C2053400022ECE79E
:10BA3800DB43D8B27047000070B582B004463A4B79
:10BA48005E786B460868496803C39DF807502576F9
:10BA580007216846FFF7D2FF85421DD007232370D0
:10BA6800D4F80B2031490B780133DBB20B700A2B69
:10BA78000AD90B46002119702D4B83FB0213D217EC
:10BA8800C2EBA302C4F81B200023A371F6F7EEFC57
:10BA9800284B186002B070BD9DF800301A0962701A
:10BAA800C3F38102A270C3F34001E17003F0010304
:10BAB8002371032A04D069BB23B10323237001E057
:10BAC800012323709DF801309DF80200000240EA2E
:10BAD80003439DF803001843A0F50000C4F80700CD
:10BAE8000021FFF711FEC4F80B009DF804309DF803
:10BAF800050040EA0320A0F50040C4F80F0001212A
:10BB0800FFF702FEC4F813006378B34205D00023A0
:10BB1800E375A5E702232370D4E7E37DFF2B9FD0CD
:10BB28000133E3759CE700BF6C4700209047002075
:10BB3800676666668C47002010B50A4B1B78012B98
:10BB480007D0094C2046FFF75BFE2046FFF7DAFED8
:10BB580010BD044B00221A7004490348FFF76CFF1C
:10BB6800EFE700BF845800206C47002014D600205F
:10BB78002DE9F04F87B000250295039504950595AA
:10BB8800072000F089FDA0F57F563F3E082000F011
:10BB980083FDA0F57F543F3C0121304603F02AFF86
:10BBA80006462946204603F025FF05463046F4F7A9
:10BBB80061FC02460B46CDE902238DA3D3E900239D
:10BBC800F4F7C2FC02460B46CDE90423F4F756FF0E
:10BBD8000446774B18602846F4F74CFC02460B469F
:10BBE800CDE9022370A3D3E90023F4F7ADFC0246A4
:10BBF8000B46CDE90423F4F741FF82466D4B1860EC
:10BC08002046F4F737FC804689466B4F3868F4F7CE
:10BC180043FC02460B4640464946F4F7DDFAF4F782
:10BC28002DFFF4F727FC04460D46644E3068F4F700
:10BC380033FC02460B4620462946F4F7AFFDF4F7DD
:10BC48001DFF04465E4D2860B868F4F725FC0246DF
:10BC58000B4640464946F4F7BFFAF4F70FFFF4F7EE
:10BC680009FC80468946B068F4F716FC02460B4684
:10BC780040464946F4F792FDF4F700FF8346A86072
:10BC88005046F4F7F7FB804689467868F4F704FCD9
:10BC980002460B4640464946F4F79EFAF4F7EEFE94
:10BCA800F4F7E8FBCDE900017068F4F7F5FB02460C
:10BCB8000B46DDE90001F4F771FDF4F7DFFE82467B
:10BCC8006860F868F4F7E8FB02460B4640464946C8
:10BCD800F4F782FAF4F7D2FEF4F7CCFB80468946F3
:10BCE800F068F4F7D9FB02460B4640464946F4F79C
:10BCF80055FDF4F7C3FEE860B4F5617F06DA1BF57D
:10BD0800617F03DD2F4B00221A6004E02E4B9C421A
:10BD180030D82C4B1C602B4B1B68002BB8BF5B42E8
:10BD28002A4A934201DD274B1A60294BD3F8013088
:10BD38001BB9244B1A68274B1A63264B1B6B264AE0
:10BD480011680B44136025490A780132D2B20A708F
:10BD5800092A0CD9224A82FB0312DB17C3EBA20380
:10BD68001C4A536300231C4A13601C4A137007B013
:10BD7800BDE8F08F0BF58A3303F25713194A934243
:10BD880003D8104BC3F800B0C5E7174B9A4503DD3D
:10BD98000C4BC3F800A0BEE7144B9842BBDA094B22
:10BDA8001860B8E7AFF30080D84BEC25F612434093
:10BDB80058D6002054D6002060D60020E0DC0020B1
:10BDC80044480020544800205715010020A10700CE
:10BDD80024DD002080D60020404800200E000020EE
:10BDE8006766666656150100870D010079F2FEFF49
:10BDF800D15CBA0F3DDC1640084B00221A605A602D
:10BE08009A601A73064A07491160074A8821117017
:10BE1800064A1A60D8221A72704700BF5848002094
:10BE280068480020540200200F000020000020C2B3
:10BE380010B5074C2D220021204605F0C1FBD82360
:10BE48002370044BC4F80730012384F8223010BD56
:10BE58006C480020000020C208B50B7803F00103ED
:10BE680003770B7813F0030318BF012343770B788C
:10BE7800C3F3800383770B78C3F3C003C3770B78CE
:10BE8800C3F3001380F820300B78C3F3801380F8D5
:10BE9800213091F801C0ACF1280C4FFA8CFC80F8E5
:10BEA80000C091F802E0CB784EEA032EA0F801E03A
:10BEB8000B794A7943EA0223A0F803308A79C979D1
:10BEC80042EA0122A0F8052007EE90CAF8EEE77AC8
:10BED80017EE90CAC0F807C007EE90EAB8EE677A86
:10BEE80017EE101AC0F80B1007EE903AF8EE677AC2
:10BEF80017EE903AC0F80F30B4EEE77AF1EE10FA88
:10BF080001D8F0EE477A17EE903AC0F8133007EEF2
:10BF1800902AF8EE677A9FED087A67EE877A17EE2F
:10BF2800903AC0F81730002380F82230F6F79EFACE
:10BF3800024B186008BD00BFCDCCCC3D9C4800200A
:10BF4800037F012B46D0B0F82B3023F00103A0F873
:10BF58002B30437F012B44D0B0F82B3023F0020361
:10BF6800A0F82B30837F012B42D0B0F82B3023F080
:10BF78000403A0F82B30C37F012B40D0B0F82B303E
:10BF880023F00803A0F82B3090F82030012B3DD087
:10BF9800B0F82B3023F01003A0F82B3090F82130A4
:10BFA800012B3AD0B0F82B3023F04003A0F82B3007
:10BFB80090F82230012B37D0B0F82B3023F480735F
:10BFC800A0F82B30B0F82B2040F25F131A4232D180
:10BFD80000207047B0F82B3043F00103A0F82B3055
:10BFE800B7E7B0F82B3043F00203A0F82B30B9E7DD
:10BFF800B0F82B3043F00403A0F82B30BBE7B0F8BF
:10C008002B3043F00803A0F82B30BDE7B0F82B30F5
:10C0180043F01003A0F82B30C0E7B0F82B3043F002
:10C028004003A0F82B30C3E7B0F82B3043F48073FB
:10C03800A0F82B30C6E701207047000010B5044671
:10C04800F6F714FA054B1B68C31AB3F5FA7F04D345
:10C05800012384F82230014B186010BD9C48002051
:10C0680010B50A4B9B78012B07D0094C2046FFF7E7
:10C07800E5FF2046FFF764FF10BD044B00229A70CD
:10C0880004490348FFF7E8FEEFE700BF84580020A3
:10C098006C48002024D60020014BB3F82B007047D1
:10C0A8006C480020030903EB830300F00F0000EB4A
:10C0B8004300C0B2704700002DE9F04F85B0047806
:10C0C80090F80180877890F803900679457990F880
:10C0D80006B06B1EDBB20B2B18D80022731EDBB226
:10C0E8001E2B00D9012209F1FF33DBB2062B00D940
:10C0F8000122172F00D90122B8F13B0F00D90122E4
:10C108003B2C00D822B105B0BDE8F08F0122E5E74D
:10C11800DFF8E4A00023CAF80030CAF8033014237B
:10C12800029307230193CDF800A00123DE213048B4
:10C13800F8F70AF92F4BA3FB0412D1080A01D2B26F
:10C1480001EB8101A4EB4104E4B2144344F0800400
:10C158008AF80040A3FB0812D2081101C9B202EB09
:10C168008202A8EB420841EA08088AF80180A3FB8A
:10C178000712D2081101C9B202EB8202A7EB4207EB
:10C188000F438AF8027049F008098AF80390A3FB64
:10C198000612D2081101C9B202EB8202A6EB4206CE
:10C1A8000E438AF80460A3FB0512D2081101C9B234
:10C1B80002EB8202A5EB42050D438AF80550A3FB6A
:10C1C8000B23DB081A01D2B203EB8303ABEB430367
:10C1D80013438AF806301423029307230193CDF8FA
:10C1E80000A001230022DE210148F8F7ADF88AE714
:10C1F80054020020CDCCCCCCA4480020244A13887B
:10C2080001339BB21380092B00D8704730B585B035
:10C21800044600221E4B1A8014230293072301931D
:10C228001C4B00930123DE211B48F8F73FF958BB4C
:10C238001A4B00221A70174D287800F07F00FFF77C
:10C2480031FF2070687800F07F00FFF72BFF6070E7
:10C25800A87800F01F00FFF725FFA070EB7803F027
:10C268000703E370287900F03F00FFF71BFF2071F8
:10C27800687900F01F00FFF715FF6071A879FFF7D4
:10C2880011FFA07105B030BD044B01221A70D2E72E
:10C29800D2480020A448002054020020D0480020A2
:10C2A80030B585B06D4B1C78032C00F29980DFE81F
:10C2B80004F002254999322302931C230193684B09
:10C2C800009301232022DE216648F8F7EFF8412287
:10C2D80006E0634B1B5D5340634AD25C0134E4B211
:10C2E8001A2CF6D95E4BDB7E934203D05B4B0122BE
:10C2F8001A7075E0594B02221A7071E014230293E8
:10C308001C230193564B009301233C22DE21554800
:10C31800F8F7CCF84121002306E0514AD25C4A40A4
:10C328005149895C0133DBB21A2BF6D94C4BDB7EC1
:10C338008B4203D0494B03221A7051E0474B02222B
:10C348001A704DE0464D6B68484CA366AB68E366CF
:10C35800EB6823672B8AA4F874306B8AA4F87630CC
:10C36800AB8AA4F87830D5F81630E36304F182007C
:10C37800FFF744FF94F8882002EB4202930094F8F8
:10C38800872013443A490B60C3EB431394F8862083
:10C3980013440B6003EB4303DA0094F884301A4427
:10C3A8000A60C2EB0212930094F8832013440B60D6
:10C3B800C3EB03139A0094F8823013440B602A6885
:10C3C8009B1A0B60B3F5076F02D34FF407620A603C
:10C3D800274B1A88254BA3F84820204B04221A70B3
:10C3E80005B030BD214B002283F8682083F869200E
:10C3F80083F86A2083F86B2083F86C20442483F840
:10C408006D406FF06A0083F86E00082183F86F10A2
:10C4180083F8702083F8714083F8720083F87310F2
:10C4280083F8742083F8752083F8762083F87720C2
:10C4380083F8782083F87920702083F8480083F8FF
:10C44800491083F83C2083F83D2083F83E2083F888
:10C458003F20024B04221A70C2E700BFA148002007
:10C46800AC480020540200203C17010880D6002068
:10C47800CC48002000B585B0424A13780133DBB2BE
:10C4880013700A2B02D9134601221A703D4B1B78F0
:10C49800013B072B29D8DFE803F0042B5128282873
:10C4A8002863837903EB4302437903EB820336491C
:10C4B8000B60C3EB4313027913440B6003EB430394
:10C4C800827802EBC3030B60C3EB0313427802EBE1
:10C4D80083030B60C3EB0313027802EB83030B6047
:10C4E8002A4AB2F848209B1A0B6005B05DF804FB95
:10C4F800274B254A12681A60244A916E5960D16EFA
:10C508009960116FD960B2F874101982B2F8761078
:10C518005982B2F878109982D26BC3F8162041215B
:10C52800002306E01A4AD25C4A401A49895C013362
:10C53800DBB21A2BF6D9164BD976D6E71648F9F797
:10C548002DF82028D1D1322302931C230193104BBC
:10C55800009301232022DE210F48F7F7F5FEC4E7F8
:10C568000D48F9F71BF82028BFD1322302931C236A
:10C578000193074B009301233C22DE210648F7F77D
:10C58800E3FEB2E7A0480020C848002080D600207B
:10C59800AC4800203C1701085402002030B587B091
:10C5A80000238DF8173014230293012301930DF112
:10C5B800170200920322DE212748F7F777FF9DF83C
:10C5C800173013F0080F17D0002414230293012307
:10C5D80001930DF1170200920022DE211E48F7F7A1
:10C5E80065FF9DF817209DF91730002B06DB012504
:10C5F80034B9B5B900242BE00124E6E70025F7E7B4
:10C6080042F008028DF817201423029301230193A6
:10C618000DF1170200920322DE210F48F7F794FE6E
:10C62800E7E79DF8173063F07F038DF81730142380
:10C638000293012301930DF1170200920022DE21DB
:10C648000548F7F781FED5E7FFF72AFE0134E4B283
:10C65800022CF9D907B030BD5402002008B50422D5
:10C6680007490848F5F7E2FF032207490748F5F7A5
:10C67800DDFF022206490748F5F7D8FF08BD00BFCD
:10C688002049002034000020284900207C00002098
:10C6980030490020C40000200D4BDA68A2B10D4BD0
:10C6A8005B8D40F6E44101FB03F39209B3FBF2F31F
:10C6B800074A52F82000C00803FB00F08008064B28
:10C6C800A3FB00304009704740F6E443F0E700BFA1
:10C6D80064520020007AFF1F9F00EE09014B0022E0
:10C6E8005A827047D448002038B50020FFF7D4FF9D
:10C6F800F3F7C0FE04460E4B988980B10D46F3F758
:10C70800A9FE09A3D3E90023F3F71EFF22462B460F
:10C71800F3F71AFFF4F7DAF9064BD88038BD002092
:10C728000021F7E7AFF30080000000E0E2361A3F8F
:10C73800F4480020D448002038B50120FFF7ACFFAA
:10C74800F3F798FE04460D460B4BDB8907EE903A4B
:10C75800F8EEE77A9FED097A67EE877A17EE900A86
:10C76800F3F79AFE22462B46F3F7EEFEF4F7AEF9FE
:10C77800034B988038BD00BFF448002017B7D13864
:10C78800D448002038B50220FFF786FFF3F772FE81
:10C7980004460D460B4B1B8A07EE903AF8EEE77AF3
:10C7A8009FED097A67EE877A17EE900AF3F774FE21
:10C7B80022462B46F3F7C8FEF4F788F9034B588056
:10C7C80038BD00BFF448002017B7D138D44800203E
:10C7D80038B50320FFF760FFF3F74CFE04460D461B
:10C7E8000B4B5B8A07EE903AF8EEE77A9FED097AF1
:10C7F80067EE877A17EE900AF3F74EFE22462B462D
:10C80800F3F7A2FEF4F762F9034B188038BD00BFB6
:10C81800F448002017B7D138D448002000000000A1
:10C82800D0B50420FFF738FF0446F3F723FEF4F7EA
:10C838006DF907EE900A9FED1E7A67EE877A9FEDF5
:10C848001D7AC7EE877A17EE900AF3F725FE14A330
:10C85800D3E90023F3F778FE06460F46164BDB882C
:10C8680007EE903AF8EEE77A9FED147A67EE877A4A
:10C8780017EE900AF3F710FE02460B46304639468B
:10C88800F3F762FE08A3D3E90023F3F75DFEF4F79C
:10C898001DF90B4B98825C83D0BD00BFAFF30080BD
:10C8A800000000000090774000000040E17A843FDB
:10C8B80000404E4500FEFF46F448002017B7D13827
:10C8C800D448002000000000D0B50520FFF7E4FEA2
:10C8D8000446F3F7CFFDF4F719F907EE900A9FED38
:10C8E8001E7A67EE877A9FED1D7AC7EE877A17EE74
:10C8F800900AF3F7D1FD14A3D3E90023F3F724FE3C
:10C9080006460F46164B1B8907EE903AF8EEE77A73
:10C918009FED147A67EE877A17EE900AF3F7BCFD5D
:10C9280002460B4630463946F3F70EFE08A3D3E914
:10C938000023F3F709FEF4F7C9F80B4BD8829C8360
:10C94800D0BD00BFAFF3008000000000009077402A
:10C9580000000040E17A843F00404E4500FEFF465B
:10C96800F448002017B7D138D44800200000000050
:10C97800D0B50620FFF790FE0446F3F77BFDF4F7E9
:10C98800C5F807EE900A9FED1E7A67EE877A9FED4D
:10C998001D7AC7EE877A17EE900AF3F77DFD14A388
:10C9A800D3E90023F3F7D0FD06460F46164B5B8903
:10C9B80007EE903AF8EEE77A9FED147A67EE877AF9
:10C9C80017EE900AF3F768FD02460B4630463946E3
:10C9D800F3F7BAFD08A3D3E90023F3F7B5FDF4F79D
:10C9E80075F80B4B1883DC83D0BD00BFAFF3008014
:10C9F800000000000090774000000040E17A843F8A
:10CA080000404E4500FEFF46F448002017B7D138D5
:10CA1800D44800200368584A93422AD010B4574A91
:10CA280093423BD0564A934200F08F805DF8044B06
:10CA38007047544A1268544931F8130003EB8311C4
:10CA48001144524A42F82100514951F82320024426
:10CA580041F823200133DBB2032BEAD9494A136892
:10CA680001331360402B02D9134600221A600023B9
:10CA780011E00023F0E703EB8312424909680A44F6
:10CA8800424951F82200424951F82320121A41F82C
:10CA980023200133DBB2032BEDD970470023022B8F
:10CAA80014D83C4A12683C4931F8134003EB83110F
:10CAB80011443A4A42F82140181D354951F82020BE
:10CAC800224441F820200133DBB2E8E7314A1368F9
:10CAD80001331360402B02D9134600221A60002349
:10CAE800022BA3D8181D03EB83122A4909680A44AC
:10CAF8002A4951F82240264951F82020121B41F8B2
:10CB080020200133DBB2EBE7254A1268254931F8CA
:10CB1800134003EB83111144234A42F82140D81DE6
:10CB28001B4951F82020224441F820200133DBB270
:10CB3800012BE9D91A4A136801331360402B02D933
:10CB4800134600221A60002312E00023F0E7D81DE4
:10CB580003EB8312124909680A44134951F8224029
:10CB68000B4951F82020121B41F820200133DBB279
:10CB7800012BECD95AE700BF0020014000210140F9
:10CB880000220140444D0020204900203449002063
:10CB9800645200205450002028490020484D0020AD
:10CBA800605200203049002058500020054B988AD8
:10CBB800B0F5967F03D9642303FB00F0704700208B
:10CBC800704700BFD4480020054BD88AB0F5967F3F
:10CBD80003D9642303FB00F070470020704700BFAF
:10CBE800D4480020054B188BB0F5967F03D96423F1
:10CBF80003FB00F070470020704700BFD4480020B6
:10CC0800014B588B704700BFD4480020014B988BCC
:10CC1800704700BFD4480020014BD88B704700BF35
:10CC2800D4480020014B9882704700BFD4480020A8
:10CC3800014BD882704700BFD4480020014B1883AD
:10CC4800704700BFD448002040F65923984208D9BD
:10CC58000A4B1B881D2B0CD80133084A138000206F
:10CC68007047064B1B8833B1013B044A13800020F0
:10CC78007047012070470020704700BF885200208D
:10CC880040F2D663984208D80A4B1B881D2B0CD853
:10CC98000133084A138000207047064B1B8833B1C4
:10CCA800013B044A13800020704701207047002090
:10CCB800704700BF8C5200200B4B984208D90B4B91
:10CCC8001B881D2B0CD80133084A1380002070479D
:10CCD800064B1B8833B1013B044A13800020704780
:10CCE80001207047002070473FA50B00A852002084
:10CCF8000B4B984208D80B4B1B881D2B0CD80133C3
:10CD0800084A138000207047064B1B8833B1013B4B
:10CD1800044A1380002070470120704700207047A4
:10CD2800C0B00700AC5200200B4B984208DD0B4BFB
:10CD38001B881D2B0CD80133084A1380002070472C
:10CD4800064B1B8833B1013B044A1380002070470F
:10CD580001207047002070471F120A0090520020DF
:10CD68000B4B984208DA0B4B1B881D2B0CD8013350
:10CD7800084A138000207047064B1B8833B1013BDB
:10CD8800044A138000207047012070470020704734
:10CD9800F1F6FAFF9C520020A1B140F225239842F7
:10CDA80008DD0B4B1B88312B0ED80133084A138042
:10CDB80000207047064B1B8843B1013B044A13808F
:10CDC80000207047002070470120704700207047FE
:10CDD8009452002099B110F5967F08DC0B4B1B8804
:10CDE800312B0ED80133094A138000207047074BB6
:10CDF8001B8843B1013B054A13800020704700207F
:10CE08007047012070470020704700BF98520020EB
:10CE180040F22523984208DD0A4B1B88312B0CD899
:10CE28000133084A138000207047064B1B8833B132
:10CE3800013B044A138000207047012070470020FE
:10CE4800704700BFA052002010F5967F08DC0A4BFF
:10CE58001B88312B0CD80133074A138000207047F8
:10CE6800054B1B8833B1013B034A138000207047F0
:10CE78000120704700207047A452002038B5414B6C
:10CE8800B3F80940C4F34015C4F30014B3F85000D4
:10CE9800FFF7DAFE012851D03A4BB3F85500FFF7F7
:10CEA800EFFE012850D0374B1869FFF705FF01281E
:10CEB80050D0344B1869FFF71BFF012850D0314B75
:10CEC800186AFFF731FF012850D02E4B186AFFF778
:10CED80047FF012850D029462A4BB3F95E00FFF7D7
:10CEE8005BFF20B1284A138843F04003138029468A
:10CEF800244BB3F96200FFF76DFF20B1224A138873
:10CF080043F08003138021461E4BB3F95E00FFF700
:10CF18007FFF20B11C4A138843F480731380214695
:10CF2800184BB3F96200FFF78FFF20B1164A138838
:10CF380043F400731380144B188838BD124A1388C1
:10CF480043F001031380A7E70F4A138843F0020355
:10CF58001380A8E70C4A138843F004031380A8E75A
:10CF6800094A138843F008031380A8E7064A138880
:10CF780043F010031380A8E7034A138843F0200303
:10CF88001380A8E780D60020B052002040F627235F
:10CF9800984208D80A4B1B881D2B0CD80133084A25
:10CFA800138000207047064B1B8833B1013B044AAD
:10CFB800138000207047012070470020704700BF91
:10CFC8008A520020B0F5E16F08D30A4B1B881D2B4D
:10CFD8000CD80133074A138000207047054B1B8883
:10CFE80033B1013B034A138000207047012070478A
:10CFF800002070478E5200200B4B984208D80B4BEC
:10D008001B881D2B0CD80133084A13800020704759
:10D01800064B1B8833B1013B044A1380002070473C
:10D028000120704700207047FF6C0B00AA520020B7
:10D038000B4B984208D90B4B1B881D2B0CD801337E
:10D04800084A138000207047064B1B8833B1013B08
:10D05800044A138000207047012070470020704761
:10D06800FFE80700AE5200200B4B984208DA0B4B42
:10D078001B881D2B0CD80133084A138000207047E9
:10D08800064B1B8833B1013B044A138000207047CC
:10D09800012070470020704779ECFFFF9252002072
:10D0A80041F28733984208DD0A4B1B881D2B0CD8A8
:10D0B8000133084A138000207047064B1B8833B1A0
:10D0C800013B044A1380002070470120704700206C
:10D0D800704700BF9E52002099B1B0F5FA7F08DC76
:10D0E8000B4B1B88312B0ED80133094A13800020C3
:10D0F8007047074B1B8843B1013B054A138000204A
:10D10800704700207047012070470020704700BF1B
:10D118009652002099B110F1C80F08DB0B4B1B8801
:10D12800312B0ED80133094A138000207047074B72
:10D138001B8843B1013B054A13800020704700203B
:10D148007047012070470020704700BF9A520020A6
:10D1580099B1B0F5FA7F08DC0B4B1B88312B0ED840
:10D168000133094A138000207047074B1B8843B1DD
:10D17800013B054A138000207047002070470120BA
:10D1880070470020704700BFA252002099B110F1EB
:10D19800C80F08DB0B4B1B88312B0ED80133094A0B
:10D1A800138000207047074B1B8843B1013B054A99
:10D1B800138000207047002070470120704700202E
:10D1C800704700BFA652002038B5414BB3F809405C
:10D1D800C4F34015C4F30014B3F85000FFF7D6FEAB
:10D1E800012851D03A4BB3F85500FFF7EBFE012860
:10D1F80050D0374B1869FFF7FFFE012850D0344B49
:10D208001869FFF715FF012850D0314B186AFFF74E
:10D218002BFF012850D02E4B186AFFF741FF012839
:10D2280050D029462A4BB3F95E00FFF755FF20B1CD
:10D23800284A138823F0400313802946244BB3F966
:10D248006200FFF767FF20B1224A138823F08003AA
:10D25800138021461E4BB3F95E00FFF779FF20B11A
:10D268001C4A138823F4807313802146184BB3F9A2
:10D278006200FFF78BFF20B1164A138823F400736E
:10D288001380144B188838BD124A138823F0010301
:10D298001380A7E70F4A138823F002031380A8E737
:10D2A8000C4A138823F004031380A8E7094A13885B
:10D2B80023F008031380A8E7064A138823F0100315
:10D2C8001380A8E7034A138823F020031380A8E7F4
:10D2D80080D60020B05200204378007800EB800010
:10D2E80003EB4000C0B21038C0B27047064BA3FB36
:10D2F8000023DB0803F130020A7003EB8303A0EB81
:10D30800430330334B707047CDCCCCCC10B58E4630
:10D31800E1B103782D2B1CD00124002117E003EB89
:10D3280083035B009BB21344303B1BB2013189B2CB
:10D33800714507D2425CA2F1300C5FFA8CFCBCF15B
:10D34800090FECD913FB04F000B210BD012400232F
:10D35800EEE74FF0FF340121F9E700B586464FF0BC
:10D36800000C4FF6FF700FE0400080B20133072B2E
:10D3780008DC10F4004FF7D041F2210282EA4000A5
:10D3880080B2F3E70CF1010C8C4505D21EF80C3085
:10D3980080EA03200023EAE75DF804FB10B50A4C95
:10D3A8004FF4CE720021204604F00AF9074B002200
:10D3B8001A60074B4FF080429A61C82221460548FF
:10D3C800FAF7ACF910BD00BFD05600207C580020F9
:10D3D80000040240700800202DE9F04782B006469C
:10D3E80088461546042854D8DFE800F00332453B48
:10D3F80040004FF00109DFF8A0A05046F2F7E0FE28
:10D408000246C4B209EB040756FA87F7FFB20223B3
:10D418002B70FB186B705146A81C04F0C3F8A3B21C
:10D428000234B9F1000F03D056BB05F80480DC1CA8
:10D43800791C681CFFF791FF621CC0F307232B556A
:10D44800A31CA854E01C0322EA5402B0BDE8F087EC
:10D4580001A95FFA88F0FFF749FFB146DFF83CA061
:10D46800CBE70026B146DFF838A0C6E70026B1466C
:10D47800DFF830A0C1E70026B146DFF82CA0BCE7F2
:10D48800DA1C9DF8041029551C1D9DF80530AB5475
:10D49800CEE70020D9E700BF6C1801084C18010836
:10D4A800601801083C1801085818010830B589B0FF
:10D4B80004460D4620220021684604F081F8042C19
:10D4C80034D8DFE804F0030C12181E006A46294617
:10D4D8000020FFF781FFD0B9002009B030BD6A46AF
:10D4E80029460120FFF778FFF5E76A460021022068
:10D4F800FFF772FFEFE76A4600210320FFF76CFF92
:10D50800E9E76A4600210420FFF766FFE3E7084CD5
:10D518004FF48043A3611423024669460548F9F78E
:10D5280072FD4FF08043A3610120D6E70020D4E7C5
:10D53800000402407008002010B502F01FFD0446E8
:10D5480002F022FD02F014FDB4F5C87F02DCB0F54C
:10D55800AF7F04DD02210020FFF7A8FF10BDC72C14
:10D5680001DDF928FADC00210846FFF79FFFF5E7FF
:10D5780008B500210220FFF799FF08BD08B5002172
:10D588000320FFF793FF08BD064B002283F8932181
:10D5980083F8952183F8962183F8992183F89A21B5
:10D5A800704700BFD056002010B5544B93F8933104
:10D5B800042B00F2A080DFE803F003183958890033
:10D5C800022800D010BD4D4B002283F8952183F826
:10D5D800962183F8992183F89A21012283F89521CD
:10D5E80083F8C80083F89321ECE7FA281BD8434B4B
:10D5F800B3F89521511CA3F895111A4482F8C80074
:10D6080081B2A3F89701002283F8992183F89A211F
:10D61800022903D8032283F89321D3E7374B022248
:10D6280083F89321CEE7FFF7AFFFCBE7334BB3F88F
:10D638009721023A92B2B3F8951101F1010CA3F8BF
:10D6480095C1194481F8C800B3F89911013188B21D
:10D65800A3F899119042B5D3002283F8992183F851
:10D668009A21032283F89321ACE7244BB3F8952140
:10D67800511C1FFA81FCA3F895111A4482F8C800BE
:10D68800B3F89921013291B2A3F89921022999D1CD
:10D69800ACF1020C13FA8CFC9CF8C84040EA042454
:10D6A800B3F89711013903F1C900FFF756FE844218
:10D6B80009D1124B002283F8992183F89A21042278
:10D6C80083F893217EE7FFF75FFF7BE703280FD1FD
:10D6D8000A4BB3F89521511CA3F895111A4482F806
:10D6E800C800002283F89321012283F8902169E77A
:10D6F800FFF74AFF66E7FFF747FF63E7D0560020CA
:10D7080038B51D4B9A6B92F83530DBB2022B20D11D
:10D7180013685D68ADB2C5F1C805ADB2174BB3F873
:10D728009131AB4227D0154CE05CFFF73DFFF4F791
:10D738009DFE134B1860B4F8913101339AB2A4F8E6
:10D748009131C72AEAD9002284F8912184F89221DC
:10D75800E4E70A4C002184F8911184F8921184F8C6
:10D768009011C8252A46204603F02AFF2A4621465A
:10D778000148F9F7D3FF38BD70080020D0560020C3
:10D788007C580020F8B56E4BB3F89761022E03D988
:10D79800B51EADB2002405E0002283F890212DE0EB
:10D7A8000134E4B2042C0DD8664B1A5D93B2AB4237
:10D7B800F6D8654B53F82410644803F0E3FE0028BC
:10D7C800EED100E00524624B00229A73042C0FD896
:10D7D800DFE804F00315235A9C00052D08D95C4B9B
:10D7E800574A92F8CF205A7000221A7001229A7371
:10D7F800534B002283F8902183F89B21F8BD0B2D11
:10D80800F6D9A6F10D0189B25248FFF77FFD504BBA
:10D81800987001221A709A73EAE7062DE8D9062251
:10D828004D494E4803F0AEFE58B9494B01225A7390
:10D8380000229A601A73464B02221A7001229A73C8
:10D84800D6E7A6F10805ADB2414B00245C739C6095
:10D858001C7301E00234A4B2631CAB42EBD2A31DDB
:10D868003A481844FFF738FD431EDBB2112BF1D8B4
:10D878000138012202FA00F0354B9A6802439A6097
:10D888001A7B01321A73E5E70E2DB1D90322344908
:10D89800304803F077FE0028AAD10E2401E00134B5
:10D8A800A4B22146A21C954212D9254B234493F8D1
:10D8B800CA30532BF3D1224B194491F8CB30542B57
:10D8C800EDD11F4B1A4492F8CA303A2BE7D100E049
:10D8D80000240E2C8CD9A4F10E01194F89B207F13E
:10D8E800D800FFF713FD1A4EA6F80300E01C291B09
:10D8F80089B20339CA3789B23844FFF707FDA6F859
:10D908000500032333700123B37371E70F2D7FF6EE
:10D918006FAFA6F1110189B2094B1D4495F8C930C2
:10D92800252B09D00F48FFF7F1FC094BD8710422C9
:10D938001A7001229A735BE7123EB1B2F2E700BF98
:10D94800D056002094180108801801089A57002022
:10D958006C580020A557002074180108A057002013
:10D968007C180108A957002008B5164B1B7873B11D
:10D97800022B12D0032B16D0042B1AD0FFF7C0FEAF
:10D98800114B93F89031DBB2012B18D008BDFFF78B
:10D99800D3FD0C4B02221A70F0E7FFF7E9FD094BA3
:10D9A80003221A70EAE7FFF7E9FD064B04221A7012
:10D9B800E4E7FFF7E3FD034B00221A70DEE7FFF709
:10D9C800E1FEE3E7CF560020D0560020004870471C
:10D9D8006C58002070B53E4D43F6A66302FB03F376
:10D9E800EC1804F57A54246803EB441305EB030C94
:10D9F8000668EE504368CCF804308368CCF80830E9
:10DA0800C368CCF80C300369CCF81030037D8CF86F
:10DA1800143000230EE011F803E043F6A66002FB81
:10DA280000F000EB441C2A486044184480F818E0D1
:10DA38000133DBB2072BEED90134254B43F6A6613F
:10DA480001FB023303F57A531C60B4F5FA7F07D360
:10DA58001F4B01FB023303F57A53002119805980CB
:10DA68001B4943F6A66303FB021101F57A531B68B1
:10DA780043F6846009588B4220D25B1A03F5FA7387
:10DA8800134943F6A66000FB021143F688600B5069
:10DA98000F4B43F6A66101FB023343F68C615958DC
:10DAA80043F688601B58994207D2094943F6A66095
:10DAB80000FB021243F68C61535070BD5B1A044997
:10DAC80043F6A66000FB021143F688600B50DFE7BF
:10DAD8008858002003460A4A43F6A66101FB002243
:10DAE80043F68861505848B9054A43F6A66101FBD8
:10DAF800032343F690615A5801325A50704700BFC9
:10DB08008858002030B5534B43F6A66404FB023313
:10DB180043F688641B59002B00F098804D4C43F65F
:10DB2800A66302FB03F304EB030E43F6846C5EF872
:10DB38000C5003EB4515655905605EF80C5003EB76
:10DB4800451525446D6845605EF80C5003EB451596
:10DB58002544AD6885605EF80C5003EB45152544F7
:10DB6800ED68C5605EF80C5003EB451525442D693A
:10DB780005615EF80C5003EB451323441B7D0375C8
:10DB8800002312E0334843F6A66C0CFB02FC00EBC2
:10DB98000C0443F6846E54F80EE00CEB4E1C604403
:10DBA8001844007EC8540133DBB2072BEAD929494F
:10DBB80043F6A66303FB021143F684600B58013356
:10DBC8000B50B3F5FA7F08D3224B43F6A66101FB4D
:10DBD80002331C180021195261801E4943F6A663BE
:10DBE80003FB021101F57A531B6843F68460095858
:10DBF8008B4221D25B1A03F5FA73164943F6A660E5
:10DC080000FB021143F688600B50124B43F6A661E5
:10DC180001FB023343F68C61595843F688601B5860
:10DC2800994215D20B4943F6A66000FB021243F64F
:10DC38008C61535001200AE05B1A064943F6A6603E
:10DC480000FB021143F688600B50DEE7002030BD70
:10DC58000120FCE78858002030B4154C4FEA421CDC
:10DC680004EB4213056844F80C5044685C6084680F
:10DC78009C60C468DC6004691C61007D1875002321
:10DC880009E011F803C00A4800EB4210184480F874
:10DC980018C00133DBB2072BF3D9064B43F6A66154
:10DCA80001FB023243F694630021D15430BC704723
:10DCB800D4D5002088580020064B43F6A66202FB04
:10DCC800003043F694630122C25443F69563002260
:10DCD800C254704788580020044B43F6A66202FBE2
:10DCE800003343F69462985C704700BF8858002060
:10DCF800044B43F6A66202FB003343F6946200210C
:10DD0800995470478858002000B58BB000230293BF
:10DD180003930093019306930793049305930123B8
:10DD2800089369460448F4F70DFF10B90BB05DF885
:10DD380004FBF3F783FDF9E72C02002008B5032163
:10DD48000348F5F705F900B908BDF3F777FDFBE7D8
:10DD58002C02002010B547F64C5200210D4803F064
:10DD68002FFC402200210C4803F02AFC0B4B002416
:10DD78001C605C609C60DC601C615C61FFF7C4FF38
:10DD8800FFF7DCFF2046FFF797FF0548F4F776FF1B
:10DD980010BD00BF88580020D4D5002014D600201C
:10DDA8002C02002010B58AB000210191029101AB2C
:10DDB80003AAF5F728F820BB079AD3B2072B20D976
:10DDC800059BE3B9039BC3F30A0340F256218B4238
:10DDD8000CD040F2C2318B4213D1D2B201A9BB4858
:10DDE80003F0E0FBBA4B01221A700AE0D2B201A993
:10DDF800B84803F0D7FBB64B01225A7001E0042B58
:10DE080001D00AB010BD049C24F06044B24B9C427F
:10DE180050D0B4F5E06FF4D19DF804406CB99DF88A
:10DE28000530AE4A1370002B4DD0AD4B1B78012B3B
:10DE380053D0AA4B00225A719A71A84B1B78012B18
:10DE4800DFD1012C6DD0022C00F0A980032C00F04A
:10DE5800DD80042C00F0E680052C00F0EB80062C19
:10DE680000F0F980072C00F05481082C00F0838121
:10DE7800092C00F08F810A2C00F0AF810B2C00F0E8
:10DE8800D2810C2CBDD1954B012283F8C023B3F865
:10DE9800052042F48052A3F805209DF8052083F858
:10DEA800C1239DF807109DF8062042EA0122C3F815
:10DEB800C223A6E7D2B201A98A4803F073FB844BB8
:10DEC80001229A70A5E740F2D6320021834803F078
:10DED80077FB834B01221A70AFE70023804A137047
:10DEE8000BE003F11C017D4A02EB41026FF02701B0
:10DEF80091710E21D17101339BB2B3F5907FF0D3AC
:10DF080000230BE003F59E71744A02EB41026FF0A7
:10DF1800050191710021D17101339BB28F2BF1D989
:10DF280087E76E4AB2F8053043F00203A2F80530DD
:10DF38009DF808309DF8070040EA0320A2F80F007A
:10DF48009DF806109DF8053043EA0123A2F8113028
:10DF5800B3F5907F3FF655AFA0F2DC5292B240F68F
:10DF6800AC518A423FF64DAFB3F5907F05D21C33D2
:10DF78005A4A02EB4303D88043E7B3F5907F7FF416
:10DF880040AF002307E003F11C01544A02EB4102B1
:10DF9800D08001339BB2B3F5907FF4D331E74F4A79
:10DFA800B2F8053043F00403A2F805309DF80530B7
:10DFB80053759DF807009DF8061041EA002108B244
:10DFC800A2F81310902B3FF61CAF00F5C87292B25E
:10DFD80040F214518A423FF614AF8F2B06D803F54E
:10DFE8009E733E4A02EB4303D8800AE7902B7FF4E6
:10DFF80008AF002307E003F59E71384A02EB41029F
:10E00800D08001339BB28F2BF5D9FAE6334BB3F8A6
:10E01800052042F00802A3F80520DDF80520C3F822
:10E028000120EEE62D4AB2F8053043F01003A2F8BD
:10E038000530E6E6294AB2F8053043F02003A2F895
:10E0480005309DF80530937313F0800F7FF4D9AE37
:10E05800254A1370D5E6214BB3F8052042F040025B
:10E06800A3F805209DF806209DF8051041EA022135
:10E07800A3F80710002283F8AE2383F8AF2383F8B0
:10E08800B02383F8B12383F8B22383F8B32383F84A
:10E09800B42383F8B52383F8B62383F8B72383F82A
:10E0A800B82383F8B92311F0010F21D00F4BB3F82F
:10E0B800503040F6772293423FF6A3AEC3F527636C
:10E0C8000833064AC2F8AE339BE600BF14D60020D8
:10E0D800845800201CD600205050FF1824DD002052
:10E0E8001000002024D6002030E6002080D6002032
:10E0F80011F0020F3FF485AE5B4BB3F85530B3F522
:10E10800BE6F7FF67EAEC3F5BE63584AC2F8AE3323
:10E1180077E6564BB3F8052042F08002A3F80520B5
:10E1280000221A76DA759A759DF80530013BDBB244
:10E13800012B1AD99DF80630013BDBB2112B01D80F
:10E148004A4AD375494B187ED97D9DF80720122479
:10E1580004FB00330B445A769DF80830012B07D096
:10E16800424B00221A76DA754BE6404A1376E1E70D
:10E178003E4A937545E63D4AB2F8053043F480734C
:10E18800A2F805309DF80520394BDA709DF8062075
:10E198009A7036E6354BB3F8052042F40072A3F8BE
:10E1A80005209DF8052083F8A5239DF8062083F80F
:10E1B800A4239DF8072083F8A323012283F8A22330
:10E1C8009DF8082083F8A1239DF8092083F8A0234F
:10E1D8009DF80A2083F89F2313E6244AB2F80530F5
:10E1E80043F48063A2F805309DF8050050B99DF806
:10E1F8000610052903D900238DF8073001E6FFF73B
:10E2080055F9F8E701280AD19DF80710322903D9F2
:10E2180000238DF80630F4E5FFF748F9F8E7002108
:10E22800FFF744F9EDE5114BB3F8052042F400621D
:10E23800A3F805209DF806109DF8052042EA012262
:10E24800A3F8A6239DF808109DF8072042EA0122AA
:10E25800A3F8A8239DF80A109DF8092042EA012294
:10E26800A3F8AA23CDE500BF80D6002024DD002036
:10E27800BC08002010B586B00C461146002003905B
:10E28800042202920194082204928DF814001A467E
:10E298006846FFF79FFB06B010BD000010B58AB0B6
:10E2A800044600230393019302931248F4F792FD66
:10E2B800039018B12046FFF70FFD08B90AB010BD4A
:10E2C8002046FFF707FC0028F8D0224601A904A839
:10E2D800FFF718FC224601A904A8FFF7BDFC204659
:10E2E800FFF706FD03AB01AA04A90248F4F7F4FC02
:10E2F800E4E700BF2C02002030B589B00024009468
:10E3080001940594049440F2017302930823069340
:10E318008DF81C4001238DF80030274DEB888DF8CF
:10E3280001301B0A8DF802302B898DF803301B0A47
:10E338008DF804306B898DF805301B0A8DF806308E
:10E348002246694602A8FFF745FB02238DF80030F4
:10E35800AB898DF801301B0A8DF80230EB898DF8F6
:10E3680003301B0A8DF804302B8A8DF805301B0A00
:10E378008DF806308DF807402246694602A8FFF757
:10E3880029FB03238DF800306B8A8DF801301B0AB6
:10E398008DF802308DF803408DF804408DF8054063
:10E3A8008DF806408DF807402246694602A8FFF717
:10E3B80011FB09B030BD00BFF448002000B585B09E
:10E3C8000023029303936A46009393800221ADF8D9
:10E3D80000106E21ADF80210ADF8041092E80300A9
:10E3E8000290ADF80C1002AA10210120FFF742FF9D
:10E3F80005B05DF804FB000000B583B0002300936E
:10E4080001930D4A1068009091889279ADF8041034
:10E418008DF80620094AD2ED007AFCEEE77A17EE6D
:10E42800902A8DF807206A4611210120FFF722FF64
:10E4380003B05DF804FB00BF02D700201CDD0020FC
:10E4480000B583B0002300930193184AB2F87C30DA
:10E458008DF800301B0A8DF80130B2F87E308DF847
:10E4680002301B0A8DF80330136813B101238DF8AD
:10E4780004300E4B9B882BB19DF8043043F0020307
:10E488008DF804300A4B1B788DF80530094B1A7843
:10E498008DF806209B788DF8073000236A461221F4
:10E4A8000120FFF7E7FE03B05DF804FB80D60020EB
:10E4B80024DD002030E6002000B583B0002300935F
:10E4C800019327490A6B07EE102AB8EEC77ADFEDE9
:10E4D800256A27EE267AFCEEC77A17EE902A8DF881
:10E4E8000020C2F307228DF801200A6907EE102ADE
:10E4F800B8EE477A27EE267AFCEEC77A17EE902A0E
:10E508008DF80220C2F307228DF803204A6907EE2E
:10E51800102AB8EE477A27EE267AFCEEC77A17EE6D
:10E52800902A8DF80420C2F307228DF805208A6905
:10E5380007EE902AF8EE677A67EEA67AFCEEE77A9D
:10E5480017EE902A8DF80620C2F307228DF80720CF
:10E558006A4613210120FFF78DFE03B05DF804FB26
:10E5680080D600200AD7233C00B583B0002300934F
:10E5780001930F49B1F850208DF80020120A8DF848
:10E588000120B1F855208DF80220120A8DF80320D9
:10E59800B1F84E208DF80420120A8DF805206A463D
:10E5A80014210120FFF766FE03B05DF804FB00BFED
:10E5B80080D6002000B583B0002300930193104952
:10E5C800B1F95E208DF80020C2F307228DF80120F2
:10E5D800B1F962208DF80220C2F307228DF80320DA
:10E5E800B1F95C208DF80420C2F307228DF80520CC
:10E5F8006A4615210120FFF73DFE03B05DF804FBD4
:10E6080080D6002000B583B0002300930193104A00
:10E6180011888DF80010090A8DF8011051888DF8BD
:10E628000210090A8DF8031091888DF80410090A60
:10E638008DF80510D2888DF80620120A8DF807206B
:10E648006A4617210120FFF715FE03B05DF804FBA9
:10E65800D448002000B583B0002300930193074AF3
:10E668009188ADF80010126801926A4618210120BD
:10E67800FFF700FE03B05DF804FB00BF80D6002062
:10E6880000B583B000230093019302228DF8002087
:10E6980012228DF8012008228DF8022004228DF81C
:10E6A800032020228DF8042001208DF805009022F7
:10E6B8008DF806206A461921FFF7DCFD03B05DF8E6
:10E6C80004FB000000B583B00023009301930E4BB8
:10E6D80093F85A36012B0DD00B4B93F85B36012B70
:10E6E8000BD000236A4620210120FFF7C3FD03B0A9
:10E6F8005DF804FB8DF80030EEE79DF8003043F03C
:10E7080002038DF80030ECE780D6002000B583B016
:10E718000023009301931E4BB3F8193013F0080F30
:10E7280002D001228DF8002013F0040F05D09DF8C7
:10E73800002042F002028DF8002013F0020F05D0ED
:10E748009DF8003043F00C038DF80030104BD3F8DF
:10E758000B20C2F307418DF80110C2F307218DF891
:10E7680002108DF80320D3F81320C2F307218DF887
:10E7780004108DF805201B7E8DF8073000236A46AB
:10E7880021210120FFF776FD03B05DF804FB00BFEF
:10E798006C47002010B582B0002400940194FEF765
:10E7A8002FFA8DF80000C0F307208DF80100FEF75E
:10E7B8002DFA8DF80200C0F307208DF80300FEF74C
:10E7C8002BFA8DF80400C0F307208DF805002346C6
:10E7D8006A4622210120FFF74DFD02B010BD10B599
:10E7E80082B0002400940194FFF7F0F88368B0F930
:10E7F8000510B0F9032090F800C08DF800C04078EB
:10E808008DF801008DF802108DF80320019323463E
:10E818006A4623210120FFF72DFD02B010BD00003C
:10E8280000B583B00023009301930B46C9B98DF856
:10E838000000022819D1C0EBC00003EBC30300EBB2
:10E8480043005830134B1844D0F80230CDF801304B
:10E8580000236A4630210120FFF70CFD03B05DF864
:10E8680004FBC21C8DF80020E3E7C0EBC00003EBFB
:10E87800C30300EB43005830064B1844D0F802306D
:10E88800CDF80130C288037AADF805208DF807303D
:10E89800DEE700BFBC08002000B583B0002300936A
:10E8A80001930A4671BB8DF8000000EB4000174B3E
:10E8B8006C2101FB02331A1842F2900C12F80C106A
:10E8C8008DF8011042F2B401525C8DF80220421C0E
:10E8D8001A4412F80CE08DF803E0525C8DF804201D
:10E8E8000230184410F80C308DF80530435C8DF870
:10E8F800063000236A4631210120FFF7BBFC03B034
:10E908005DF804FB831D8DF80030CEE7BC080020BD
:10E9180000B583B00023009301934FEA800C194A95
:10E928000CF5037102EB410149888DF80010090AC2
:10E938008DF801100CF20D2102EB410149888DF888
:10E948000210090A8DF803100CF20E2102EB4101A6
:10E9580049888DF80410090A8DF805100CF20F2C5F
:10E9680002EB4C0252888DF80620120A8DF8072017
:10E978006A4600F580710120FFF77CFC03B05DF862
:10E9880004FB00BF80D6002000B583B000230093AD
:10E9980001934FEA800C1D4A0CF5BE7102EB410150
:10E9A800B1F902108DF80010C1F307218DF801109C
:10E9B8000CF27D1102EB4101B1F902108DF8021041
:10E9C800C1F307218DF803100CF5BF7102EB41016B
:10E9D800B1F902108DF80410C1F307218DF8051064
:10E9E8000CF27F1C02EB4C02B2F902208DF80620D3
:10E9F800C2F307228DF807206A4600F5007101204E
:10EA0800FFF738FC03B05DF804FB00BF80D6002098
:10EA180000B583B0002300930193104B1B6913F4D6
:10EA2800805F17D0012253B28DF800200B4A12697B
:10EA380012F4005F10D0012243EA42038DF800303F
:10EA480000236A464FF440510120FFF713FC03B03E
:10EA58005DF804FB0022E6E70022EDE7000C024027
:10EA680000B583B000230093019307496A460869FB
:10EA7800496903C26A4643F201010120FFF7FAFB24
:10EA880003B05DF804FB00BF14D6002000B583B0C6
:10EA980000230093019307496A468868C96803C23E
:10EAA8006A4643F202010120FFF7E4FB03B05DF878
:10EAB80004FB00BF14D6002010B5FFF77FFCFFF75A
:10EAC8009BFCFFF7BDFCFFF7F7FCFFF74DFDFFF7D9
:10EAD80071FDFFF7BFFDFFF7D3FDFFF7F3FDFFF76C
:10EAE80059FEFFF77CFE002404E02046FFF710FFE4
:10EAF8000134E4B2472CF8D90024232C05D8204649
:10EB0800FFF742FF0134E4B2F7E7002409E00021EF
:10EB18002046FFF785FE01212046FFF781FE0134DC
:10EB2800E4B2022CF3D9002409E000212046FFF7C3
:10EB3800B3FE01212046FFF7AFFE0134E4B2052CF5
:10EB4800F3D9002301E00133DBB2032BFBD9FFF734
:10EB5800DDFDFFF75DFFFFF755FDFFF781FFFFF7CD
:10EB680095FF10BD08B5F3F781FC014B186008BD8F
:10EB78002CD6002040F68C23984208D9084B1B78E5
:10EB88001E2B0BD80133064A137000207047044B24
:10EB9800187820B10138187000207047012070479C
:10EBA80030D6002040F2DB53984208D8084B1B7837
:10EBB8001E2B0BD80133064A137000207047044BF4
:10EBC800187820B10138187000207047012070476C
:10EBD80034D600200A4B984208D90A4B1B781E2BC2
:10EBE8000BD80133074A137000207047054B18787B
:10EBF80020B101381870002070470120704700BF0D
:10EC080080DD0B0044D600200A4B984208D80A4BF6
:10EC18001B781E2B0BD80133074A1370002070474E
:10EC2800054B187820B10138187000207047012072
:10EC3800704700BF7F97060046D600200A4B9842CF
:10EC480008DD0A4B1B781E2B0BD80133074A1370BB
:10EC580000207047054B187820B101381870002043
:10EC680070470120704700BF38080B0038D60020D5
:10EC78000A4B984208DA0A4B1B781E2B0BD8013333
:10EC8800074A137000207047054B187820B10138E7
:10EC98001870002070470120704700BFC081FAFF3C
:10ECA8003ED6002059B1B0F5167F08DD084B1B7819
:10ECB800322B0BD80133064A137000207047044BDF
:10ECC800187820B10138187000207047012070476B
:10ECD8003AD6002059B110F5967F08DA084B1B7810
:10ECE800322B0BD80133064A137000207047044BAF
:10ECF800187820B10138187000207047012070473B
:10ED08003CD60020B0F5167F08DD094B1B78322B66
:10ED18000BD80133064A137000207047044B18784B
:10ED280020B101381870002070470120704700BFDB
:10ED380040D6002010F5967F08DA094B1B78322B55
:10ED48000BD80133064A137000207047044B18781B
:10ED580020B101381870002070470120704700BFAB
:10ED680042D6002040F2DB53984212DCB0F5967F81
:10ED780008DD0A4B1B78312B0DD80133074A137075
:10ED880000207047054B187830B101381870002002
:10ED98007047002070470120704700BF36D600201A
:10EDA80040F2DB53984211DC962808DD094B1B78AA
:10EDB800312B0DD80133074A137000207047054BDB
:10EDC800187830B10138187000207047002070475B
:10EDD8000120704732D6002038B5524BB3F80940AD
:10EDE800C4F34015C4F30014B3F85000FFF7C2FE93
:10EDF80001284FD04B4BB3F85500FFF7D3FE01283D
:10EE08004ED0484B1869FFF7E5FE01284ED0454B18
:10EE18001869FFF7F9FE01284ED0424B186BFFF72F
:10EE28000DFF01284ED03F4B186BFFF721FF01283B
:10EE38004ED029463B4BB3F95E00FFF733FF01285C
:10EE48004CD02946374BB3F96200FFF743FF01283E
:10EE58004AD02146334BB3F95E00FFF753FF012830
:10EE680048D021462F4BB3F96200FFF763FF012812
:10EE780046D02C4BB3F95A00FFF774FF012845D050
:10EE8800284BB3F95A00FFF78BFF012844D0264BD3
:10EE9800186838BD244A136843F001031360A9E7D2
:10EEA800214A136843F002031360AAE71E4A136855
:10EEB80043F004031360AAE71B4A136843F00803EE
:10EEC8001360AAE7184A136843F010031360AAE70F
:10EED800154A136843F020031360AAE7124A13681F
:10EEE80043F040031360ACE70F4A136843F0800314
:10EEF8001360AEE70C4A136843F4A0731360B0E7DD
:10EF0800094A136843F420731360B2E7064A13688A
:10EF180043F480631360B3E7034A136843F48063E0
:10EF28001360B4E780D6002048D6002040F6272397
:10EF3800984208D8084B1B781E2B0BD80133064A79
:10EF4800137000207047044B187820B101381870EE
:10EF5800002070470120704731D60020B0F5E16FDE
:10EF680008D9094B1B781E2B0BD80133064A13709E
:10EF780000207047044B187820B101381870002021
:10EF880070470120704700BF35D600200A4B9842D1
:10EF980008D80A4B1B781E2B0BD80133074A13706D
:10EFA80000207047054B187820B1013818700020F0
:10EFB80070470120704700BFFF6C0B0045D600204A
:10EFC8000A4B984208D90A4B1B781E2B0BD80133E1
:10EFD800074A137000207047054B187820B1013894
:10EFE8001870002070470120704700BF00E9070033
:10EFF80047D600200A4B984208DA0A4B1B781E2B8A
:10F008000BD80133074A137000207047054B187856
:10F0180020B101381870002070470120704700BFE8
:10F0280078ECFFFF39D6002041F28833984208DD9A
:10F03800084B1B781E2B0BD80133064A137000208F
:10F048007047044B187820B10138187000207047B9
:10F05800012070473FD6002011B9B0F5FA7F08DAD1
:10F06800084B1B78322B0BD80133064A137000204B
:10F078007047044B187820B1013818700020704789
:10F08800012070473BD6002091B110F1C70F08DB73
:10F09800094B1B78322B0DD80133074A1370002017
:10F0A8007047054B187830B1013818700020704748
:10F0B80000207047012070473DD6002091B1B0F57F
:10F0C800FA7F08DA094B1B78322B0DD80133074A2F
:10F0D800137000207047054B187830B1013818704C
:10F0E80000207047002070470120704741D600205B
:10F0F80091B110F1C70F08DB094B1B78322B0DD8E3
:10F108000133074A137000207047054B187830B157
:10F1180001381870002070470020704701207047A0
:10F1280043D60020F92808DC084B1B78322B0BD873
:10F138000133064A137000207047044B187820B139
:10F1480001381870002070470120704737D600201A
:10F15800812808DC084B1B78322B0BD80133064A70
:10F16800137000207047044B187820B101381870CC
:10F17800002070470120704733D6002038B5524B25
:10F18800B3F80940C4F34015C4F30014B3F85000B1
:10F19800FFF7CCFE01284FD04B4BB3F85500FFF7D3
:10F1A800DDFE01284ED0484B1869FFF7EFFE012815
:10F1B8004ED0454B1869FFF703FF01284ED0424B4C
:10F1C800186BFFF717FF01284ED03F4B186BFFF75E
:10F1D8002BFF01284ED029463B4BB3F95E00FFF7C1
:10F1E8003BFF01284CD02946374BB3F96200FFF7A3
:10F1F8004BFF01284AD02146334BB3F95E00FFF795
:10F208005DFF012848D021462F4BB3F96200FFF774
:10F218006FFF012846D02C4BB3F95A00FFF782FF45
:10F22800012845D0284BB3F96600FFF791FF012864
:10F2380044D0264B186838BD244A136823F00103CC
:10F248001360A9E7214A136823F002031360AAE7B1
:10F258001E4A136823F004031360AAE71B4A1368C5
:10F2680023F008031360AAE7184A136823F0100371
:10F278001360AAE7154A136823F020031360AAE76E
:10F28800124A136823F040031360ACE70F4A13686F
:10F2980023F080031360AEE70C4A136823F48073ED
:10F2A8001360B0E7094A136823F400731360B2E7E8
:10F2B800064A136823F480631360B3E7034A1368AC
:10F2C80023F480631360B4E780D6002048D600207A
:10F2D800114A536983F480535361104B1B683BB147
:10F2E800536983F4005353610D4B20229A61704790
:10F2F8000A4B9B8833B10A4B4FF400129A611022D3
:10F308009A617047064B4FF480129A614FF40012CD
:10F318009A6108229A6170470014024080D6002042
:10F3280000100240034B1B6913F4007F0CBF01203F
:10F3380000207047000C0240064B1B6903F48063F1
:10F34800002B0CBF0120002003D1034A137801339E
:10F3580013707047000C024050D60020054B1B6804
:10F368001BB1054B04229A617047034B4FF480226E
:10F378009A61704780D6002000100240164B082280
:10F388009A61164A4FF48041916120229A61402285
:10F398009A6180229A614FF480729A61A3F5806322
:10F3A8004FF400229A614FF480129A614FF40012D0
:10F3B8009A614FF480329A614FF400319961A3F554
:10F3C80000634FF0804199614FF00041996103F566
:10F3D80080639A61704700BF001402400004024035
:10F3E80010B500F021FCFFF7BDFBC9E0534B00222C
:10F3F80083F8C02393F8C10300F062FCC9E010460B
:10F408004F4B1A734F4B93F84D10F8F735FD4E4A92
:10F41800536983F001035361FFF75AFFFFF79EFF1B
:10F42800FFF78AFF012819D00023484A1370484A79
:10F4380082F85A36FFF776FF01281BD00023454A89
:10F448001370434A82F85B363C4BB3F8053013F42B
:10F45800007F1BD14048FCF7D1FEA9E03B4A137856
:10F468000133DBB21370C82BE4D9394B012283F87E
:10F478005A26DFE7374A13780133DBB21370C82BFB
:10F48800E2D9334B012283F85B26DDE72B4823F4CE
:10F498000073A0F8053000F29F30FCF70DFED9E7A5
:10F4A8002E4B1B78012B5ED0F9F76CF85BE02B4BE9
:10F4B8005B78012B57D00020F9F786F853E0274BEB
:10F4C8009B78012B4FD00020F9F79CF80120F9F721
:10F4D8007BF848E0214BDB78012B44D00120F9F779
:10F4E80091F80220F9F770F83DE01C4B1B79012BCD
:10F4F80039D00220F9F786F8F9F79EF833E0174B70
:10F508005B79012B2FD00020F9F7B0F82BE0134BD3
:10F518009B79012B27D00020F9F7C6F80120F9F7CD
:10F52800A5F820E00D4BDB79012B1CD00120F9F761
:10F53800BBF80220F9F79AF815E000BF24DD002097
:10F54800FCE00020BC080020000C024020DD002068
:10F5580080D6002001DD002002D7002004DD002035
:10F568000220F9F7A1F8B44BB3F81130243B9BB251
:10F57800272B04D80020FEF791FEFAF7F7FE30BFDC
:10F588000020FEF78BFEAD4B93F8C033012B3FF400
:10F598002DAFAB4B1B78012BF1D1A94B00221A7070
:10F5A800A84B5B7B23B9A44B1B7B012B3FF427AFF4
:10F5B800A14BB3F81130013B5F2BD4D801A252F80C
:10F5C80023F000BFA9F400086FF500086FF50008E4
:10F5D800B7F400086FF500086FF500086FF500082C
:10F5E800C7F400086FF500086FF500086FF500080C
:10F5F800DDF400086FF500086FF500086FF50008E6
:10F60800F3F400086FF500086FF500086FF50008BF
:10F6180007F500086FF500086FF500086FF500089A
:10F6280017F500086FF500086FF500086FF500087A
:10F638006FF500082DF500086FF500086FF5000854
:10F648006FF5000869F500086FF500086FF5000808
:10F658004DF700086FF500086FF500086FF5000812
:10F668006FF500086FF500086FF500086FF50008E2
:10F678006FF500086FF500086FF500086FF50008D2
:10F688006FF500086FF500086FF500086FF50008C2
:10F698006FF500086FF500086FF500086FF50008B2
:10F6A8006FF500086FF500086FF500086FF50008A2
:10F6B8006FF500086FF500086FF500086FF5000892
:10F6C8006FF500086FF500086FF500086FF5000882
:10F6D8006FF500086FF500086FF500086FF5000872
:10F6E8006FF500086FF500086FF500086FF5000862
:10F6F80073F700086FF500086FF500086FF500084C
:10F7080083F700086FF500086FF500086FF500082B
:10F718006FF50008A7F700086FF500086FF50008F7
:10F728006FF500086FF500086FF500086FF5000821
:10F73800DBF700086FF500086FF500086FF50008A3
:10F7480025F800083F4B1B7A012B3FF40CAF3E4BCA
:10F7580093F86831002B7FF406AF384B9B7D002B64
:10F768007FF401AFF8F7D2FFFDE6364B5B7A012B49
:10F778003FF4F9AEF8F7C4FEF5E6324B9B7A012B5D
:10F788003FF4F1AE314C204600F088FA204600F0F4
:10F798006DF8204600F0AAF900F09EF9E3E6294B3F
:10F7A800DB7A012B3FF4DFAE284800F02DFA00F099
:10F7B80003FA01F069F9264A13780133DBB21370B2
:10F7C800092B7FF6D0AE134600221A70FEF7CCF84C
:10F7D800C9E61C4B1B7B012B3FF4C5AE1B4800F050
:10F7E800DBF900F0E3F91B4A13780133DBB213703D
:10F7F800092B0CD8114BB3F8053013F4806F3FF484
:10F80800B2AE23F480630D4AA2F80530ABE6124885
:10F81800FCF730FE0F4B00221A70EBE70F4BDB783A
:10F828002BB90E4B0122DA70FFF746F99BE60B4B1A
:10F838000022DA70F8E700BFFCE0002024DD002099
:10F8480063E6002004DD0020BC28002080D60020CC
:10F8580000DD002018DD002002D70020BC080020B1
:10F86800014B93F80C04704720E100202DE9F0418A
:10F8780004465A4BB3F8055015F0020F1CD04FF44C
:10F88800107203F13E0100F21A4001F08BFE15F0F0
:10F89800040F19D04FF49072514904F2FA2001F084
:10F8A80081FE15F0400F17D10025284629462B4622
:10F8B80047F6FF774B4E23E04FF410724A4900F2A7
:10F8C8001A4001F06FFEE2E74FF49072474904F2E4
:10F8D800FA2001F067FEE4E70023B3F5907FE3D256
:10F8E80003F5037204EB420251883C48D0F8AE039A
:10F8F8000144518001339BB2EFE7154401339BB2B9
:10F908008F2B0ED803F5BE7204EB4202B2F9022027
:10F91800B24201DD18461646BA42EEDA19461746D3
:10F92800EBE7A4F85E60C3B2013384F86130A4F851
:10F938006270CBB2013384F865302D4A82FB053200
:10F94800EB17C3EB6213A4F85C30F61BA4F86660EF
:10F9580000252B4647F6FF76AE4602E015440133F4
:10F968009BB2B3F5907F12D203F5037204EB420207
:10F97800B2F802C01FFA8CF2724502D90FFA8CFE57
:10F988001846B242EAD20FFA8CF61946E6E71FFA91
:10F998008EF7A4F850E00130A4F853001FFA86F857
:10F9A800A4F855600131A4F85810C4F84A50FDF77E
:10F9B800FDF82061FDF708F96061FDF713F9A06112
:10F9C8000B4BA3FB0523C3F38F13A4F84E30A7EB0F
:10F9D8000807A4F85A70BDE8F08100BF24DD0020B4
:10F9E800A2DF00200080FFFF3A0900204222002009
:10F9F800398EE33810B487B000230393049305933A
:10FA0800009301930293304B5B5C83B92E4A012427
:10FA180054542E4A525C9A4212D901EB810203EBEC
:10FA280082022B4C44F822000133DBB2F1E7294B68
:10FA38005B5C01EB810203EB8203254A42F8230059
:10FA4800244A535C0133DBB25354132B02D91346B7
:10FA580000225A541D4A535C0133DBB25354132B12
:10FA680002D9134614225A54002310E001EB8102F4
:10FA780003EB8202164850F8224006AA02EB8100E6
:10FA880050F80C2C224440F80C2C0133DBB20F4AFE
:10FA9800525C9A42EAD86AB906AB03EB810343F891
:10FAA800182C06AB03EB810151F8180C07B05DF870
:10FAB800044B704706AB03EB810050F80C3C93FBFA
:10FAC800F2F340F8183CECE734E5002028E6002083
:10FAD80038E500202CE6002008B5FCF7C1FAFCF751
:10FAE8002BF8FBF7C5FCFBF7DBFD08BD10B504469A
:10FAF800FBF77EFF6063FBF79BFEFDEEC07A17EE17
:10FB0800900A2063616C00F0EDFF2368626BB4F823
:10FB18004E10606C01F0E8F8B4F8740001F000F8D9
:10FB280010BD00000B4B1A6B40F6B8339A420BDD40
:10FB3800094A138801339BB213801D2B08D9134639
:10FB48001E221A80012070470020034B188070473E
:10FB58000020704780D6002030E500200B4B1A6B40
:10FB68000B4B9A420BDA0B4A138801339BB2138072
:10FB78001D2B08D913461E221A8001207047002029
:10FB8800044B188070470020704700BF80D60020C3
:10FB980048F4FFFF2EE5002008B5FFF761FEFCF7EB
:10FBA8007BFAFBF799FDFBF73DFE08BD08B5FAF7B0
:10FBB800BDFDFAF769FE08BD10B5FCF795FDFCF729
:10FBC800BBFDFCF7DFFDFCF703FEFCF787FD0D4BE3
:10FBD800B3F8053013F4006F0DD00A4CB4F8A6033F
:10FBE800FDF720F8B4F8A803FDF722F8B4F8AA0343
:10FBF800FDF724F810BDFCF713FEFCF765FEFCF7D3
:10FC0800B7FEF7E724DD002010B50446FDF736F906
:10FC1800A080FDF7D9FAA080FFF7DEF82060FFF793
:10FC2800ADFA206010BD000008B540F2D6320021C0
:10FC3800194801F0C5FCFCF7B1FCFBF7DBF8FAF753
:10FC480099FFFBF7B9FAFBF7DBFAFBF7FDFAFBF7CD
:10FC58001FFBFBF741FBFBF763FBFBF785FBFFF79C
:10FC68008DFBFEF777F800F0FDFEFDF797FBFCF73C
:10FC7800C3F8FBF737FDFCF7DBF8FBF7FDFBFBF7F9
:10FC880097FBFCF7EBFC00F003FFF8F79DFBFAF796
:10FC9800C5FC00F07FF908BD24DD002010B504463E
:10FCA800FFF740FF012803D12023A4F8093010BD35
:10FCB800FFF754FF012801D00023F6E71023F4E7EB
:10FCC80008B5A54BD3F8C233BBB1012813D002281D
:10FCD80011D0032812D0042844D0052876D006284D
:10FCE80000F0A980072800F0CA80082800F0EB80FF
:10FCF800092800F00C81FEF7FFFA08BD0420FCF784
:10FD0800CBFC0028F7DD07EE900AF8EEE77A9FEDC6
:10FD1800937A67EE877ADFED926A87EEA67ADFED4F
:10FD2800917A67EE277AF5EEC07AF1EE10FAE2DD05
:10FD3800894BD3F8C23306EE903AF8EE666A9FED27
:10FD48008A7A66EE876A86EEA77AFCEEC77A17EE9D
:10FD5800903A98B2854BD880FBF78AF80A20F2F7D8
:10FD68008BFBC8E70520FCF797FC0028C3DD07EEEE
:10FD7800900AF8EEE77A9FED797A67EE877ADFEDF9
:10FD8800786A87EEA67ADFED777A67EE277AF5EE5E
:10FD9800C07AF1EE10FAAEDD6F4BD3F8C23306EE3F
:10FDA800903AF8EE666A9FED707A66EE876A86EE9C
:10FDB800A77AFCEEC77A17EE903A98B26B4B188187
:10FDC800FBF792F80A20F2F757FB94E70620FCF7B6
:10FDD80063FC00288FDD07EE900AF8EEE77A9FEDC6
:10FDE8005F7A67EE877ADFED5E6A87EEA67ADFEDE7
:10FDF8005D7A67EE277AF5EEC07AF1EE10FA7FF7B2
:10FE08007AAF554BD3F8C23306EE903AF8EE666AED
:10FE18009FED557A66EE876A86EEA77AFCEEC77A7A
:10FE280017EE903A98B2514B5881FBF799F80A208F
:10FE3800F2F722FB5FE70020FCF72EFC00287FF793
:10FE48005AAF454BD3F8C23306EE903AF8EE666ADD
:10FE5800DFED457A66EEA76A07EE900AF8EEE77AD4
:10FE680086EEA77AFCEEC77A17EE903A98B23F4B27
:10FE78009881FBF7B1F80A20F2F7FEFA3BE7012078
:10FE8800FCF70AFC00287FF736AF334BD3F8C233B0
:10FE980006EE903AF8EE666ADFED337A66EEA76A08
:10FEA80007EE900AF8EEE77A86EEA77AFCEEC77AB4
:10FEB80017EE903A98B22D4BD881FBF7C9F80A2073
:10FEC800F2F7DAFA17E70220FCF7E6FB00287FF7DB
:10FED80012AF214BD3F8C23306EE903AF8EE666AB9
:10FEE800DFED217A66EEA76A07EE900AF8EEE77A68
:10FEF80086EEA77AFCEEC77A17EE903A98B21B4BBB
:10FF08001882FBF7E1F80A20F2F7B6FAF3E60320C5
:10FF1800FCF7C2FB00287FF7EEAE0F4BD3F8C233D5
:10FF280006EE903AF8EE666ADFED0F7A66EEA76A9B
:10FF380007EE900AF8EEE77A86EEA77AFCEEC77A23
:10FF480017EE903A98B2094B5882FBF7F9F80A2055
:10FF5800F2F792FACFE600BF24DD002000404E45BC
:10FF680000FEFF460080BC4300401C46F4480020C9
:10FF7800014BB3F95C00704780D60020014BB3F900
:10FF88005E00704780D60020014BB3F962007047CD
:10FF980080D60020034B00221A605A609A60DA600B
:10FFA8001A74704730E6002000B501F1020E83791B
:10FFB800234A4FF0010C82F800C0B12B17D0B22BA6
:10FFC80022D006230B7002234B7003238B72042369
:10FFD800CB72002308228A70CB7002790A714279A9
:10FFE8004A7182798A71C279CA711A4623E0154B1F
:08FFF80002221A708268144B0A
:020000040801F1
:100000001A60C268134B1A60134BAA221A70DCE7FD
:100010008268124B5A608289A3F80920002303F1F9
:1000200008020244117A0D4A1A44D1720133DBB23C
:10003000F5E71EF80300024492B20133DBB2052B50
:10004000F7D90A815DF804FBD2EF0020CE560020DC
:10005000B45200204CD6002080580020B852002016
:1000600010B501F1020C484B1A680A72C2F307245A
:100070004C72C2F307448C72120ECA729A880A73C9
:10008000120A4A73414A12788A73B3F80920CA7374
:100090001A6B0A611A69C1F834215A69C1F838210A
:1000A000B3F87A20A1F83C21B3F87C20384CA4FBAB
:1000B0000242D208A1F83E2193F8892081F840211C
:1000C00093F88A2081F8412193F88B2081F842210E
:1000D000B3F88030A1F8433100230EE003F5BE7E73
:1000E000294A02EB4E02B2F902E003F1080201EBE9
:1000F0004202A2F804E001339BB28F2BEED9002319
:1001000008E0214A1A4492F982E0CA1882F845E1CF
:1001100001339BB2062BF4D91B4BB3F87C201C4C4B
:10012000A4FB0242D208A1F83E2193F8892081F86D
:10013000402193F88A2081F8412193F88B2081F89F
:100140004221B3F88030A1F8433106230B7002231B
:100150004B70032381F84E31042381F84F31002383
:100160004C228A700122CA7042684A601A4605E031
:100170001CF80300024492B201339BB2B3F5A67F90
:10018000F6D3A1F84C2110BD80D6002030E6002027
:10019000CDCCCCCCF8B507460C468E1C45794FF437
:1001A000B8620021204601F00FFA002211E06B1E18
:1001B00040F2C51101FB032303F50373214901EB51
:1001C0004303598802F19C0304EB430399800132F5
:1001D00092B2B2F5907FEAD3002211E06B1E40F29A
:1001E000C51101FB032303F5BE73164901EB43035D
:1001F000B3F9021002F10C0324F81310013292B289
:100200008F2AEBD90623237002236370032384F81B
:10021000BE35042384F8BF3500236FF04302A2707B
:100220000522E2707A6862601A4604E0F15C0A44D2
:1002300092B201339BB240F2B9518B42F6D9A4F885
:10024000BC25F8BD80D6002070B506460D468C1C36
:100250008379C079012B13D0022B1AD006232B707F
:1002600002236B70032385F84A30042385F84B3052
:1002700000234822AA70EB7072686A601A4610E088
:10028000717A337A05F1080243EA0121FAF7C2FBD9
:10029000E4E7FAF749FCE1E7E05C024492B201339B
:1002A000DBB2452BF8D9A5F8482070BD2DE9F04107
:1002B00084B006460D468379C2798C1C0189DC2BFB
:1002C0006FD000F1080012D8AC2B1FD0BC2B6AD124
:1002D000B368002B5ED1484A1370484A82F8D03286
:1002E00082F8D13282F8D23282F8D3325BE0EC2B42
:1002F00059D1002A6CD0012A55D1404BB3F8742053
:100300002A72B3F874301B0A6B724CE09AB1012A5E
:1003100049D13A4B93F889202A7293F88A206A725D
:1003200093F88B20AA72B3F88020EA72B3F8803079
:100330001B0A2B7337E0337A632B34D8737A0C2B78
:1003400031D8B37A1F2B2ED82D4F4FF01408CDF88B
:10035000088003230193009010234FF4FE42A02154
:100360003846F3F7F5FF0A20F2F78AF806F10B0397
:10037000CDF80880022201920093102347F6037201
:10038000A0213846F3F7E4FF0A20F2F779F8FAF7EC
:1003900035FD08E0184A01211170184AC2F8D03220
:1003A00001E0012A0FD006232B7002236B70032378
:1003B000AB760423EB7600221823AB70EA707368E7
:1003C0006B60134611E064232B7200236B72EAE723
:1003D00042F20F739942E6D8084BA3F87410E2E793
:1003E000E05C024492B20133DBB2152BF8D92A83C8
:1003F00004B0BDE8F08100BF41E6002080D60020B7
:1004000054020020837901F1020CFC2B0FD006234B
:100410000B7002234B7003238B760423CB760022D0
:1004200018238B70CA7043684B60134609E0074B72
:1004300001221A70EBE71CF80300024492B2013368
:10044000DBB2152BF7D90A83704700BF42E60020C4
:100450002DE9F04F93B0054688460B794C790CB1E5
:10046000013CE4B2603B0F2B3DD8DFE813F01000F5
:100470003C003C003C003C003C003C003C003C009C
:100480003C003F003C0045003C003C000301221DB5
:10049000894B53F82200EFF7E1FF06460F464FEA7B
:1004A0008408864B03EB84042068EFF7F9FF0246CB
:1004B0000B4630463946F0F74BF806460F46CDE975
:1004C00008677F4B43441868EFF7EAFF02460B4684
:1004D00030463946EFF786FE02460B46CDE90A2341
:1004E000F0F7D0FAA86013B0BDE8F08F0434724B77
:1004F00053F82430AB60F6E7D8F81200EFF7BEFFF0
:1005000006460F46D8F80A00EFF7B8FFCDE9040118
:1005100002460B4630463946EFF762FE06460F4666
:10052000CDE90867D8F80E904846EFF7A7FFCDE968
:100530000601D8F806804046EFF7A0FF82468B46BA
:1005400002460B46DDE90601EFF74AFE02460B467E
:10055000CDE90A2330463946F0F724F902460B4626
:10056000CDE90C23F0F7D6FA1190EFF799FF064684
:100570000F4602460B4650465946EFF7E9FF024642
:100580000B46CDE90823DDE90401EFF729FE024619
:100590000B46CDE90A23F0F7BDFA10900022494B33
:1005A00030463946EFF7D4FF02460B46CDE9082323
:1005B000F0F768FAA0F2EE20B0F5FA7F01D8C14555
:1005C0000CD100233F202872422169720F22AA72A7
:1005D000EB7228736973AA73EB7384E7A6B204F510
:1005E000FA5308339B009AB2374F4FF03209CDF8D7
:1005F00008904FF00408CDF8048011AB009310234D
:10060000A0213846F3F7A4FE0A20F1F739FF06F5DA
:10061000FA530C339AB2920092B2CDF80890CDF80A
:10062000048010AB00931023A0213846F3F790FE0E
:100630000A20F1F725FFFAF7A1FAA6001F4B03EBFA
:1006400084042068EFF72CFF19A3D3E90023EFF708
:100650007FFF02460B46CDE90823F0F713FAA860A6
:10066000174B3344D3ED007AFDEEE77A17EE903A5C
:10067000EB6038E7A600114B03EB84042068EFF72A
:100680000FFF0BA3D3E90023EFF762FF02460B46EF
:10069000CDE90823F0F7F6F9A860094B3344D3ED10
:1006A000007AFDEEE77A17EE903AEB601BE700BFA9
:1006B0000000000080842E4180D60020F0DC002065
:1006C00070D6002000408F4054020020000000003F
:1006D0002DE9F04F91B0834688460C7991F805A03A
:1006E000BAF1000F03D00AF1FF3A5FFA8AFAFBF77A
:1006F00043FAA4F1C0030F2B00F2D980DFE813F016
:100700001000D700D700D700D700D700D700D700F8
:10071000D700D7002000D7003600D700D700DA0076
:10072000BAF1000F07D0BAF1020F04D0744B1B6866
:10073000CBF80830BBE0734B1B68CBF80830B6E051
:10074000BAF1000F02D0BAF1020F03D16D4B1B6852
:10075000CBF80830BAF1010F03D0BAF1030F40F023
:10076000A680674B1B68CBF80830A0E0D8F81200D1
:10077000EFF784FE04460D46D8F80A00EFF77EFE38
:1007800006460F4602460B4620462946EFF728FD4F
:1007900004460D46CDE90645D8F80E00EFF76EFE8B
:1007A000CDE90401D8F80600EFF768FE80468946D7
:1007B00002460B46DDE90401EFF712FD02460B4647
:1007C000CDE9082320462946EFF7ECFF02460B4609
:1007D000CDE90A23F0F79EF90F90EFF761FE04468A
:1007E0000D4602460B4640464946EFF7B1FE02462B
:1007F0000B46CDE9062330463946EFF7F1FC0246B9
:100800000B46CDE90823F0F785F90E9000223E4B08
:1008100020462946EFF79CFECDE906011FFA8AF42F
:100820000AF5FA52920092B2384D14270297042624
:1008300001960FAB00931023A0212846F3F788FD03
:100840000A20F1F71DFE04F5FA5333449AB29200E0
:1008500092B2029701960EAB00931023A021284676
:10086000F3F776FD0A20F1F70BFEFAF787F94FEA66
:100870008A04274B03EB8A0ADAF80000EFF710FE30
:100880001DA3D3E90023EFF763FE02460B46CDE933
:100890000623F0F7F7F8CBF808001E4B2344D3EDFE
:1008A000007AFDEEE77A17EE903ACBF80C3011B0F3
:1008B000BDE8F08F4FEA8A04154B03EB8A0ADAF899
:1008C0000000EFF7EDFD0CA3D3E90023EFF740FEA6
:1008D00002460B46CDE90623F0F7D4F8CBF8080022
:1008E0000C4B2344D3ED007AFDEEE77A17EE903AF5
:1008F000CBF80C30DBE700BF0000000080842E4105
:1009000054D6002058D6002000408F4054020020CA
:10091000E0DC002060D6002070B506460D468C1C39
:10092000427983792AB903F0F003602B11D0C02BF0
:1009300014D006232B7002236B700323AB760423A1
:10094000EB7600231822AA70EB7072686A601A4670
:100950000EE0811C0848FFF77BFDEAE7811C064892
:10096000FFF7B6FEE5E7E05C024492B20133DBB28A
:10097000152BF8D92A8370BD00E8002038B52C4B20
:100980001C799D794FF4FA6200212A4800F01CFE80
:10099000A4F10B03132B45D8DFE803F00A444444C9
:1009A000444410171E4444442A44444436444430CA
:1009B00020491F48FFF7FCFA0C2234E01D491C486F
:1009C000FFF74EFB4FF4A8722DE01A491848FFF7C5
:1009D000E1FB4FF4B86226E0174C2046FBF770FBB2
:1009E0001449A4F10800FFF73BFB4FF4A8721AE08A
:1009F00010490F48FFF790FF1C2214E00D490C48E6
:100A0000FFF722FC4C220EE0FC2D05D009490848D6
:100A1000FFF74CFC1C2206E006490548FFF7F2FCF4
:100A20001C2200E00C2203490448F6F75DFB38BDA8
:100A300068E7002000E8002070E70020E8070020B9
:100A400008B500F0A1FC00F013FD00B908BDFFF7E8
:100A500095FF002304E0044A0021D15401339BB2E6
:100A6000972BF8D9F2E700BF68E7002038B5064CAD
:100A700098252A460021204600F0A6FD2A46214658
:100A80000248F6F74FFE38BDD0E60020E807002008
:100A900008B5FFF7D5FF08BD134B0022642183F88A
:100AA0007E1083F87F206FF00B0183F87C1001210A
:100AB00083F87D1083F8482083F8492083F840208C
:100AC0006FF0770C83F841C02A2083F8420011218F
:100AD00083F8431083F8442083F845C083F8460028
:100AE00083F84710704700BF80D60020002815DD2E
:100AF0000B4A136F184410670A4BA3FB01314909D5
:100B000001EB81010B01B0EB011F07D9C01A13469D
:100B10001067B2F874200132A3F87420704700BF48
:100B200080D600201F85EB51134B1B88834217D0C2
:100B3000114B188040F6B833984212D90F4B462219
:100B400083F87E20002283F87F200C4A136C0C4926
:100B5000A1FB03135B09B2F87E1001FB03F353649E
:100B60007047074BA3FB00304009C0F16400034B02
:100B7000A3F87E00E9E700BF1400002080D6002023
:100B80001F85EB512DE9F04FBDB005460E46CA2238
:100B9000544909A800F00AFD40F63B639D4217D86E
:100BA00040F6C3539D4205D840F653539D4207D8A3
:100BB00000241FE040F6FA539D4203D8182419E0A0
:100BC0000C2417E0242415E03C2413E0542411E005
:100BD00040F624739D4205D840F6BD639D42F3D88C
:100BE000302407E040F699739D42EFD8482401E095
:100BF0000134E4B2642C06D83CAB03EB440333F875
:100C0000CC3CAB42F4D3632C02D814B9002042E0B0
:100C10006424642C64D03CAB03EB440333F8CC0C69
:100C2000631E3CAA02EB430333F8CC7CB84250D09D
:100C3000EFF714FC804689462846EFF70FFC024682
:100C40000B4640464946EFF7CBFA82468B46CDE944
:100C500000AB3846EFF702FC02460B4640464946D9
:100C6000EFF7BEFA02460B46CDE90223504659463D
:100C7000EFF798FD80468946CDE904892046EFF7D5
:100C8000EDFB42464B46EFF7ABFA02460B46CDE989
:100C90000623EFF73FFFEFF703FC04460D4630460F
:100CA000EFF7DCFB02460B4620462946EFF750FCE7
:100CB00002460B46CDE9002300220B4BEFF772FDF5
:100CC00002460B46CDE90223EFF704FF3DB0BDE835
:100CD000F08F07EE904AF8EE677A17EE900ADAE79F
:100CE0000248D8E750160108000059400000C842E9
:100CF0002DE9F04F2DED028B8BB082460846A44CB7
:100D000094F800C00CF1010C5FFA8CFC84F800C070
:100D1000BCF10A0F02D9214601240C709C490C78C1
:100D2000013C072C00F22681DFE814F008002401C2
:100D30002401490024012101240142019549C96E81
:100D40000A44002A14DD009100929249CA6613F009
:100D5000020F18D0B0F5486F15D28E4B002283F8E1
:100D60006C2083F86D2083F86E2083F86F201DE0DF
:100D7000884A002182F86C1082F86D1082F86E109B
:100D800082F86F10E3E7844B1B78012B08D0814B6E
:100D90001A6B824B9A4209DB7F4B00221A7005E0E6
:100DA0007C4BC3F86CA07C4B02221A70794BDB6E33
:100DB000534540F2DF80774BC3F86CA0DAE0784B04
:100DC000B3F90010431A00931D333A2B23D80124A2
:100DD00045F25553994220D0714B1880009202F68B
:100DE0009F7241F63E739A4200F2B680002C00F0EA
:100DF000B3805146FFF7C6FE0646664BB3F848304F
:100E0000B3F5076F0BD3634BD8660023654A1360B5
:100E1000654A1370AEE00024DAE70124DCE7013311
:100E20005C4AA2F84830604A13780133DBB2137091
:100E30000E2B40F29F80134600221A70594B1A68FD
:100E400002F1010BC3F800B0524BD86EEFF706FB6E
:100E500004460D463046EFF701FB06460F460246B4
:100E60000B4620462946EFF7BBF98046894600220B
:100E70000023EFF7DFFD00286AD15046EFF7EEFAC6
:100E80003FA3D3E90023EFF78DFC02460B46404613
:100E90004946EFF787FC41EC180BCDE902015846B3
:100EA000EFF7DCFA8046894602460B4651EC180BF8
:100EB000EFF74EFB02460B4640464946EFF748FB2C
:100EC00002460B4640464946EFF742FB02460B46B8
:100ED000CDE90423EFF7FEFDEFF7C0FA804689461F
:100EE00002460B4630463946EFF732FB02460B46C8
:100EF000CDE9022324A3D3E90023EFF753FC0246F4
:100F00000B46CDE90423EFF7E5FD064642464B4686
:100F10001DA1D1E90001EFF763F902460B46CDE9C7
:100F2000022320462946EFF713FB02460B46CDE984
:100F3000042315A3D3E90023EFF734FC02460B4644
:100F4000CDE90623EFF7C6FD0644124BDE6611E03D
:100F500009F10043994690E70023124A1360124AB0
:100F600013700C4A82F8483082F8493002E00F4B87
:100F700000221A600BB0BDEC028BBDE8F08F00BF01
:100F800000000000006AF840000000E876483742A0
:100F900043E6002080D6002060E6002079ECFFFFC9
:100FA000120000205CE6002058E6002044E6002005
:100FB000484A13780133DBB21370072B02D913466A
:100FC00000221A70444BD86E444B1C68A04237D99B
:100FD000EFF744FA06460F462046EFF73FFA04467D
:100FE0000D4602460B4630463946EFF7F9F80646FD
:100FF0000F46CDE902675046EFF730FA22462B46FE
:10100000EFF7EEF802460B46CDE904230022344BFD
:10101000EFF7C8FB02460B46CDE9062330463946BA
:10102000EFF7C0FB02460B46CDE90823294B1C789D
:10103000EFF750FD2B4B23F8140000231A460CE069
:10104000244B1A78274B002123F81210F5E7254985
:1010500031F813100A440133DBB2072BF7D9D20859
:10106000214B5B8913B91C4BA3F87C201A4BB3F8B6
:101070007C30B3F57A7F07D9174B6FF0170283F8EE
:101080007C20032283F87D20134BB3F87C00B0F55D
:101090007A7F07D36FF0170283F87C20032283F84E
:1010A0007D2067E7EFF7DAF900220D4BEFF750FAF2
:1010B00002460B46CDE902230022094BEFF772FBF3
:1010C00002460B46CDE90423EFF704FD024BA3F8DB
:1010D0007C004FE71100002080D6002044E600206D
:1010E00000408F4048E6002024DD002070470000CB
:1010F00044F6CC0398420FD946F6DE33984205D920
:1011000047F2CE53984225D8112317E045F61843ED
:10111000984221D9222311E042F24443984205D952
:1011200043F22053984219D9442307E041F62303A0
:10113000984215D9662301E00133DBB28D2B04D828
:101140001D4A32F813208242F6D88D2B0AD853B9A3
:101150001A4870470023F1E73323EFE75523EDE703
:101160007723EBE78D238D2B1FD0134931F813C064
:10117000A0EB0C0080B200EB8000420012B2581EBF
:1011800031F81010A1EB0C0109B203EB8300400011
:1011900080B292FBF1F39BB2C01A80B2A0F5FA7054
:1011A00000B2B0F5AF6F03DC70474FF46170704769
:1011B0004FF4AF60F8E700BF9C1801080CFEFFFF7A
:1011C000104BD3F8FC2022F08072C3F8FC20D3F837
:1011D000FC2042F08072C3F8FC20A3F55D431A683E
:1011E00022F001021A601A6842F001021A6000221D
:1011F0005A6000BF00BF00BF5B680BB1104670476C
:101200000120704700ED00E010B582B00190094B5D
:101210005C68F4F7C9FC084AA2FB0032920C019BFF
:1012200003FB02F2034B5B681B1B9342FAD302B031
:1012300010BD00BF001000E083DE1B4338B51F4B1C
:101240001B68002B38D01E4B1B78DBB2012B33D030
:101250001B4B01221A70002400E00134062C28D810
:1012600004EB440304EB8302144B13441B79012B5E
:10127000F3D1124B1344D3F80530002BEDD00F49B6
:101280001144D1F809200132C1F809209342E4DC6D
:101290000D46D1F80D30984700236B72AB72EB729C
:1012A0002B7328710028D8D1044A1368013B1360BE
:1012B000D3E7034B00221A7038BD00BF64E600205C
:1012C00061E6002008B5294B80229A6103F580630E
:1012D0005A6982F480525A6125494A6982F48062CF
:1012E0004A6101F580614A6982F480424A614FF4A3
:1012F00000429A610268A3F582339A4232D01D4AB5
:10130000B2F81330013399B2A2F81330632903D92C
:1013100013460022DA741A75174B01221A70174A05
:1013200013780133DBB21370092B09D9134600225D
:101330001A70134B4FF000429A610E4B01221A7340
:101340000C4AB2F81130013399B2A2F81130632976
:1013500007D9134600225A749A74044B4FF40002C2
:101360009A6108BDFFF76AFFC9E700BF00000240AD
:1013700000140240FCE0002063E6002062E600204A
:10138000000402407047704738B53148848D836B44
:101390001B685B689BB2E41AA4B2F6F76DF968B9F2
:1013A0002C4B1B88A3420FD02B4B01221A80294BB8
:1013B0001C802A4B1B88012B0ED038BD982228494F
:1013C0002348F6F7AFF9EBE7234B1B88012BF0D14D
:1013D000224B01221A80ECE700231F4A13801F4A88
:1013E0001380204B1A88A242E7D011D2A51AADB2C1
:1013F0001D4B1D80002306E0D1181948405C1B4995
:10140000C85401339BB29D42F6D8164B1C80D4E7DA
:10141000C2F1980189B2144B1980002308E0D0185A
:101420000F4D15F800C0114800F803C001339BB2FE
:101430009942F4D8002CE8D0002306E0CA180848E6
:10144000C55C0A48855401339BB2A342F6D3DCE75E
:10145000E8070020D4EF0020C4E60020C6E6002004
:10146000D0E60020D0EF0020C8E6002068E700208A
:10147000002347E09A1C14F802E02F4AA2F800E08B
:1014800003F1030C14F80C404EEA042EA2F800E01D
:10149000BEF1930F43D80EEB0102284CA65C284AFC
:1014A000168003EB0E077D1C645D46EA0426168059
:1014B00002224FF0000C07E05418204D2C5DA4448C
:1014C0001FFA8CFC013292B29645F5D8664526D1BA
:1014D000BA1C1A4CA25C032A21D1FD1C625D042AAD
:1014E0001DD1002305E0CC18144A145DD4540133F7
:1014F0009BB20EF104029342F5D300E00020F0BD50
:1015000001339BB28B2B14D819460C4AD05C0128AE
:10151000F6D1F0B55A1C094CA25C022AAAD00133BC
:101520009BB28B2BEAD81946044AD05C0128F6D12D
:10153000F0E70020704700BFCAE6002068E70020FF
:10154000CCE6002070B50D4D0D4C641BA410002698
:10155000A64209D10B4D0C4C00F03EF8641BA410C0
:101560000026A64205D170BD55F8043B98470136C8
:10157000EEE755F8043B98470136F2E7C019010839
:10158000C0190108C0190108C419010810B50139B2
:101590000244904201D1002005E0037811F8014F88
:1015A000A34201D0181B10BD0130F2E70A4491425A
:1015B00000F1FF3300D1704710B511F8014B03F86B
:1015C000014F9142F9D110BD02440346934200D12C
:1015D000704703F8011BF9E7F8B500BFF8BC08BC79
:1015E0009E467047F8B500BFF8BC08BC9E467047E1
:1015F00004000600080000000C000E000D000000B2
:10160000000102003000310032000000040006003A
:10161000080000000C000E000D0000003D19301500
:101620000110C30EECFF3E258723F92006200000A1
:1016300033298E28C028002719004829BB29FE28F5
:10164000DE283200C800F401E803D00700000000E3
:101650001E0C4E0C7F0CAF0CE00C100D190D220D62
:101660002B0D340D3D0D490D540D600D6B0D770D97
:10167000810D8B0D950D9F0DA90DB00DB70DBD0DF5
:10168000C40DCB0DCF0DD30DD80DDC0DE00DE50D48
:10169000E90DEE0DF20DF70DFB0DFF0D030E070E1C
:1016A0000B0E100E150E190E1E0E230E2B0E330EE2
:1016B0003C0E440E4C0E580E640E6F0E7B0E870EC1
:1016C000920E9D0EA80EB30EBE0EC70ECF0ED80EF4
:1016D000E00EE90EF20EFB0E030F0C0F150F1D0F9F
:1016E000250F2D0F350F3D0F470F510F5C0F660F64
:1016F000700F7B0F850F900F9A0FA50FAC0FB20FD5
:10170000B90FBF0FC60FCD0FD40FDC0FE30FEA0FD9
:10171000001016102D10431059100000000000009A
:101720000000000001020304060708090000000091
:1017300001020304000610160006101600070E0929
:101740001C1B1215383F363124232A2D70777E79E1
:101750006C6B6265484F464154535A5DE0E7EEE9D1
:10176000FCFBF2F5D8DFD6D1C4C3CACD90979E99C1
:101770008C8B8285A8AFA6A1B4B3BABDC7C0C9CEB1
:10178000DBDCD5D2FFF8F1F6E3E4EDEAB7B0B9BEA1
:10179000ABACA5A28F88818693949D9A2720292E91
:1017A0003B3C35321F18111603040D0A5750595E81
:1017B0004B4C45426F68616673747D7A898E878071
:1017C00095929B9CB1B6BFB8ADAAA3A4F9FEF7F061
:1017D000E5E2EBECC1C6CFC8DDDAD3D4696E676051
:1017E00075727B7C51565F584D4A4344191E171041
:1017F00005020B0C21262F283D3A33344E49404731
:1018000052555C5B7671787F6A6D64633E39303720
:1018100022252C2B0601080F1A1D1413AEA9A0A710
:10182000B2B5BCBB9691989F8A8D8483DED9D0D700
:10183000C2C5CCCBE6E1E8EFFAFDF4F348756D697B
:10184000646974795F53746174757300546172676D
:1018500065745F54656D7000537461747573000036
:1018600054656D705F5374617475730053544152C5
:10187000540000004E6F726D616C000052543A00CB
:101880006C1801084C180108581801086018010864
:101890003C180108050B060B0F000000227BE77ABD
:1018A000A87A677A247ADD7994794779F978A878E3
:1018B0004E780778BA7767770D77AB764176CE7535
:1018C0004E75C2742774BF735073DA725A72D07136
:1018D0003A719870E86F266F526EC46D2C6D8B6CE8
:1018E000DE6B256B5E6A8869A168A6679466DD6514
:1018F0001A654C6471638962916188606D5F3D5EB9
:10190000F55C185C305B3B5A3A592A580C57DC5549
:101910009B544653D751E050DF4FD24EB94D934CB4
:10192000604B1E4ACC486947F445F544ED43DC4220
:10193000C1419C406B3F2F3EE63C913B2B3A3739EF
:101940003C383A37313620350734E632BC318830FE
:10195000442F682E872DA12CB72BC72AD229D72830
:10196000D627D026BE25032544248323BE22F62174
:101970002B215C208A1FB41ECD1D341D981CFB1B1F
:101980005C1BBB1A181A7319CC1823186317E816B6
:101990006C16EF157015F0146F14ED136A13E51241
:1019A0005112F0118F112D11CA10671003109E0FE4
:0819B000390FD30E5F0E140E77
:0819B800CCF2FE7F01000000EB
:0419C000AD0100086D
:0419C400890100088D
:1019C8000024F40001000000100000000101138849
:0819D80001075555FFFF000057
:040000050800238943
:00000001FF
