:020000040800F2
:100000000000022061230008F51B0008F71B000810
:10001000F91B0008FB1B0008FD1B00080000000086
:10002000000000000000000000000000FF1B0008AE
:10003000011C000800000000031C0008051C00084B
:10004000B1230008B1230008B1230008B123000840
:10005000B1230008B1230008B1230008B123000830
:10006000B1230008B1230008B1230008B123000820
:100070003D1C0008B12300084D1C00085D1C000851
:100080006D1C00087D1C0008B12300088D1C0008B1
:10009000A11C0008B1230008B1230008B123000807
:1000A000B1230008B11C0008B1230008B1230008E7
:1000B000B1230008B1230008B1230008C11C0008C7
:1000C000B1230008D11C0008E11C0008B12300087E
:1000D000B1230008F11C0008011D0008111D0008D3
:1000E000B1230008B1230008B1230008B1230008A0
:1000F000B1230008B1230008B1230008B123000890
:10010000B1230008B1230008B1230008B12300087F
:10011000B1230008B1230008B1230008B12300086F
:10012000211D0008311D0008411D0008511D000857
:10013000611D0008B1230008B1230008B1230008A5
:10014000B1230008B1230008B1230008B12300083F
:10015000711D0008B1230008811D0008B1230008AB
:10016000B1230008B1230008B1230008B12300081F
:10017000B1230008B1230008B123000800000000EB
:08018000B1230008B1230008BF
:1001880010B5054C237833B9044B13B10448AFF3C9
:1001980000800123237010BD200000200000000013
:1001A80000D6000808B5034B1BB103490348AFF359
:1001B800008008BD000000002400002000D60008D0
:1001C80081F0004102E000BF83F0004330B54FEA00
:1001D80041044FEA430594EA050F08BF90EA020F6D
:1001E8001FBF54EA000C55EA020C7FEA645C7FEA00
:1001F800655C00F0E2804FEA5454D4EB5555B8BF23
:100208006D420CDD2C4480EA020281EA030382EA93
:10021800000083EA010180EA020281EA0303362D25
:1002280088BF30BD11F0004F4FEA01314FF4801CF8
:100238004CEA113102D0404261EB410113F0004F0A
:100248004FEA03334CEA133302D0524263EB4303C1
:1002580094EA050F00F0A780A4F10104D5F1200E5F
:100268000DDB02FA0EFC22FA05F2801841F10001BA
:1002780003FA0EF2801843FA05F359410EE0A5F18E
:1002880020050EF1200E012A03FA0EFC28BF4CF0BF
:10029800020C43FA05F3C01851EBE37101F0004575
:1002A80007D54FF0000EDCF1000C7EEB00006EEB82
:1002B8000101B1F5801F1BD3B1F5001F0CD349080C
:1002C8005FEA30004FEA3C0C04F101044FEA445263
:1002D80012F5800F80F09A80BCF1004F08BF5FEAEA
:1002E800500C50F1000041EB045141EA050130BDCA
:1002F8005FEA4C0C404141EB0101013C28BFB1F5DC
:10030800801FE9D291F0000F04BF01460020B1FA26
:1003180081F308BF2033A3F10B03B3F120020CDAF9
:100328000C3208DD02F1140CC2F10C0201FA0CF0D7
:1003380021FA02F10CE002F11402D8BFC2F1200C3C
:1003480001FA02F120FA0CFCDCBF41EA0C019040F2
:10035800E41AA2BF01EB0451294330BD6FEA04043B
:100368001F3C1CDA0C340EDC04F11404C4F1200226
:1003780020FA04F001FA02F340EA030021FA04F338
:1003880045EA030130BDC4F10C04C4F1200220FA8F
:1003980002F001FA04F340EA0300294630BD21FACD
:1003A80004F0294630BD94F0000F83F4801306BF93
:1003B80081F480110134013D4EE77FEA645C18BF87
:1003C8007FEA655C29D094EA050F08BF90EA020F1E
:1003D80005D054EA000C04BF1946104630BD91EA16
:1003E800030F1EBF0021002030BD5FEA545C05D119
:1003F8004000494128BF41F0004130BD14F5800458
:100408003CBF01F5801130BD01F0004545F0FE41CB
:1004180041F470014FF0000030BD7FEA645C1ABF00
:10042800194610467FEA655C1CBF0B46024650EA37
:10043800013406BF52EA033591EA030F41F4002163
:1004480030BD00BF90F0000F04BF0021704730B5E9
:100458004FF4806404F132044FF000054FF00001BE
:1004680050E700BF90F0000F04BF0021704730B57F
:100478004FF4806404F1320410F0004548BF404254
:100488004FF000013EE700BF42004FEAE2014FEAA9
:1004980031014FEA02701FBF12F07F4393F07F4F84
:1004A80081F06051704732F07F4208BF704793F087
:1004B8007F4F04BF41F40021704730B54FF460749A
:1004C80001F0004521F000411CE700BF50EA01029D
:1004D80008BF704730B54FF000050AE050EA010246
:1004E80008BF704730B511F0004502D5404261EBB6
:1004F80041014FF4806404F132045FEA915C3FF4F7
:10050800D8AE4FF003025FEADC0C18BF03325FEA93
:10051800DC0C18BF033202EBDC02C2F1200300FA44
:1005280003FC20FA02F001FA03FE40EA0E0021FA69
:1005380002F11444BDE600BF70B54FF0FF0C4CF457
:10054800E06C1CEA11541DBF1CEA135594EA0C0F09
:1005580095EA0C0F00F0DEF82C4481EA030621EA44
:100568004C5123EA4C5350EA013518BF52EA03357F
:1005780041F4801143F4801338D0A0FB02CE4FF031
:100588000005E1FB02E506F00042E0FB03E54FF061
:100598000006E1FB03569CF0000F18BF4EF0010E59
:1005A800A4F1FF04B6F5007F64F5407404D25FEA55
:1005B8004E0E6D4146EB060642EAC62141EA555108
:1005C8004FEAC52040EA5E504FEACE2EB4F1FD0C4A
:1005D80088BFBCF5E06F1ED8BEF1004F08BF5FEAC8
:1005E800500E50F1000041EB045170BD06F000467A
:1005F80046EA010140EA020081EA0301B4EB5C0427
:10060800C2BFD4EB0C0541EA045170BD41F480111E
:100618004FF0000E013C00F3AB8014F1360FDEBF43
:10062800002001F0004170BDC4F10004203C35DA1F
:100638000C341BDC04F11404C4F1200500FA05F3A2
:1006480020FA04F001FA05F240EA020001F0004243
:1006580021F0004110EBD37021FA04F642EB0601B9
:100668005EEA430E08BF20EAD37070BDC4F10C04E3
:10067800C4F1200500FA04F320FA05F001FA04F2A7
:1006880040EA020001F0004110EBD37041F1000193
:100698005EEA430E08BF20EAD37070BDC4F120059E
:1006A80000FA05F24EEA020E20FA04F301FA05F206
:1006B80043EA020321FA04F001F0004121FA04F2AE
:1006C80020EA020000EBD3705EEA430E08BF20EA7E
:1006D800D37070BD94F0000F0FD101F000464000B8
:1006E80041EB010111F4801F08BF013CF7D041EA3A
:1006F800060195F0000F18BF704703F0004652003E
:1007080043EB030313F4801F08BF013DF7D043EA0E
:100718000603704794EA0C0F0CEA135518BF95EAC4
:100728000C0F0CD050EA410618BF52EA4306D1D14B
:1007380081EA030101F000414FF0000070BD50EA6A
:10074800410606BF1046194652EA430619D094EAF4
:100758000C0F02D150EA013613D195EA0C0F05D1DE
:1007680052EA03361CBF104619460AD181EA030132
:1007780001F0004141F0FE4141F470014FF00000EA
:1007880070BD41F0FE4141F4780170BD70B54FF085
:10079800FF0C4CF4E06C1CEA11541DBF1CEA135505
:1007A80094EA0C0F95EA0C0F00F0A7F8A4EB0504E7
:1007B80081EA030E52EA03354FEA013100F08880DE
:1007C8004FEA03334FF0805545EA131343EA1263A7
:1007D8004FEA022245EA111545EA10654FEA00265C
:1007E8000EF000419D4208BF964244F1FD0404F515
:1007F800407402D25B084FEA3202B61A65EB030571
:100808005B084FEA32024FF480104FF4002CB6EB2D
:10081800020E75EB030E22BFB61A754640EA0C00AD
:100828005B084FEA3202B6EB020E75EB030E22BFED
:10083800B61A754640EA5C005B084FEA3202B6EB2E
:10084800020E75EB030E22BFB61A754640EA9C00ED
:100858005B084FEA3202B6EB020E75EB030E22BFBD
:10086800B61A754640EADC0055EA060E18D04FEA7B
:10087800051545EA16754FEA06164FEAC30343EA1B
:1008880052734FEAC2025FEA1C1CC0D111F4801FE8
:100898000BD141EA00014FF000004FF0004CB6E7E1
:1008A80011F4801F04BF01430020B4F1FD0C88BF80
:1008B800BCF5E06F3FF6AFAEB5EB030C04BFB6EB8B
:1008C800020C5FEA500C50F1000041EB045170BD7E
:1008D8000EF0004E4EEA113114EB5C04C2BFD4EBAB
:1008E8000C0541EA045170BD41F480114FF0000E2F
:1008F800013C90E645EA060E8DE60CEA135594EAAB
:100908000C0F08BF95EA0C0F3FF43BAF94EA0C0FAD
:100918000AD150EA01347FF434AF95EA0C0F7FF422
:1009280025AF104619462CE795EA0C0F06D152EA76
:1009380003353FF4FDAE1046194622E750EA41065A
:1009480018BF52EA43067FF4C5AE50EA41047FF46B
:100958000DAF52EA43057FF4EBAE12E74FF0FF3CD0
:1009680006E000BF4FF0010C02E000BF4FF0010CA1
:100978004DF804CD4FEA410C7FEA6C5C4FEA430C1A
:1009880018BF7FEA6C5C1BD001B050EA410C0CBF69
:1009980052EA430C91EA030F02BF90EA020F0020CB
:1009A800704710F1000F91EA030F58BF994208BF32
:1009B80090422CBFD8176FEAE37040F001007047EF
:1009C8004FEA410C7FEA6C5C02D150EA013C07D146
:1009D8004FEA430C7FEA6C5CD6D152EA033CD3D091
:1009E8005DF8040B704700BF8446104662468C468B
:1009F8001946634600E000BF01B5FFF7B7FF0028BE
:100A080048BF10F1000F01BD4DF808EDFFF7F4FFE6
:100A18000CBF012000205DF808FB00BF4DF808ED71
:100A2800FFF7EAFF34BF012000205DF808FB00BF94
:100A38004DF808EDFFF7E0FF94BF012000205DF8B6
:100A480008FB00BF4DF808EDFFF7CEFF94BF01206B
:100A580000205DF808FB00BF4DF808EDFFF7C4FF64
:100A680034BF012000205DF808FB00BF4FEA4102B7
:100A780012F5001215D211D56FF47873B3EB6252E8
:100A880012D94FEAC12343F0004343EA505311F00F
:100A9800004F23FA02F018BF404270474FF00000A1
:100AA800704750EA013005D111F0004008BF6FF0DF
:100AB800004070474FF00000704700BF4A0011D255
:100AC80012F5001211D20DD56FF47873B3EB6252A0
:100AD8000ED44FEAC12343F0004343EA505323FAAC
:100AE80002F070474FF00000704750EA013002D121
:100AF8004FF0FF3070474FF0000070474FEA410257
:100B0800B2F1E04324BFB3F5001CDCF1FE5C0DD963
:100B180001F0004C4FEAC0024CEA5070B2F1004FAD
:100B280040EB830008BF20F00100704711F0804FB0
:100B380021D113F13872BCBF01F00040704741F475
:100B480080114FEA5252C2F11802C2F1200C10FA79
:100B58000CF320FA02F018BF40F001004FEAC1235D
:100B68004FEAD32303FA0CFC40EA0C0023FA02F301
:100B78004FEA4303CCE77FEA625307D150EA0133D7
:100B88001EBF4FF0FE4040F44000704701F00040A7
:100B980040F0FE4040F40000704700BF7BB972B9D6
:100BA8000029BEBF00204FF0004106E008BF002822
:100BB8001CBF6FF000414FF0FF3000F0BFB9ADF13E
:100BC800080C6DE904CE002909DB002B1ADB00F0C4
:100BD8004DF8DDF804E0DDE9022304B07047404237
:100BE80061EB4101002B1BDB00F040F8DDF804E06D
:100BF800DDE9022304B0404261EB4101524263EB5C
:100C080043037047524263EB430300F02FF8DDF8CB
:100C180004E0DDE9022304B0404261EB4101704782
:100C2800524263EB430300F021F8DDF804E0DDE90C
:100C3800022304B0524263EB4303704753B94AB9E5
:100C4800002908BF00281CBF4FF0FF314FF0FF30CC
:100C580000F074B9ADF1080C6DE904CE00F006F8A7
:100C6800DDF804E0DDE9022304B070472DE9F04720
:100C7800089D04468E46002B4DD18A42944669D978
:100C8800B2FA82F252B101FA02F3C2F1200120FA5B
:100C980001F10CFA02FC41EA030E94404FEA1C48A9
:100CA800210CBEFBF8F61FFA8CF708FB16E341EAA5
:100CB800034306FB07F199420AD91CEB030306F12B
:100CC800FF3080F01F81994240F21C81023E63444C
:100CD8005B1AA4B2B3FBF8F008FB103344EA0344F0
:100CE80000FB07F7A7420AD91CEB040400F1FF3305
:100CF80080F00A81A74240F207816444023840EA42
:100D08000640E41B00261DB1D4400023C5E900437A
:100D18003146BDE8F0878B4209D9002D00F0EF80FD
:100D28000026C5E9000130463146BDE8F087B3FA30
:100D380083F6002E4AD18B4202D3824200F2F98018
:100D4800841A61EB030301209E46002DE0D0C5E91B
:100D5800004EDDE702B9FFDEB2FA82F2002A40F067
:100D68009280A1EB0C014FEA1C471FFA8CFE01266A
:100D7800200CB1FBF7F307FB131140EA01410EFB0E
:100D880003F0884208D91CEB010103F1FF3802D2B5
:100D9800884200F2CB804346091AA4B2B1FBF7F0AF
:100DA80007FB101144EA01440EFB00FEA64508D9D2
:100DB8001CEB040400F1FF3102D2A64500F2BB800F
:100DC8000846A4EB0E0440EA03409CE7C6F120075E
:100DD800B34022FA07FC4CEA030C20FA07F401FAA4
:100DE80006F31C43F9404FEA1C4900FA06F3B1FB2D
:100DF800F9F8200C1FFA8CFE09FB181140EA014192
:100E080008FB0EF0884202FA06F20BD91CEB01012E
:100E180008F1FF3A80F08880884240F28580A8F186
:100E280002086144091AA4B2B1FBF9F009FB1011D8
:100E380044EA014100FB0EFE8E4508D91CEB010176
:100E480000F1FF346CD28E456AD90238614440EA19
:100E58000840A0FB0294A1EB0E01A142C846A64699
:100E680056D353D05DB1B3EB080261EB0E0101FA22
:100E780007F722FA06F3F1401F43C5E9007100267F
:100E88003146BDE8F087C2F12003D8400CFA02FCD5
:100E980021FA03F3914001434FEA1C471FFA8CFEE5
:100EA800B3FBF7F007FB10360B0C43EA064300FBD5
:100EB8000EF69E4204FA02F408D91CEB030300F173
:100EC800FF382FD29E422DD9023863449B1B89B22A
:100ED800B3FBF7F607FB163341EA034106FB0EF3B3
:100EE8008B4208D91CEB010106F1FF3816D28B4260
:100EF80014D9023E6144C91A46EA004638E72E462C
:100F0800284605E70646E3E61846F8E64B45A9D223
:100F1800B9EB020864EB0C0E0138A3E74646EAE792
:100F2800204694E74046D1E7D0467BE7023B614440
:100F380032E7304609E76444023842E7704700BFA9
:100F480000B585B0002300930193029303932848CA
:100F5800284A02604FF480324260836001220261B5
:100F6800027680F82030C36223498162C36004217D
:100F7800C16180F83020436101F018FB40BB0023B9
:100F8800009301230193072302936946184801F04F
:100F980053FC00BB012300930223019369461448C4
:100FA80001F04AFCD0B90223009303230193694658
:100FB8000F4801F041FCA0B91123009304230193C9
:100FC80069460B4801F038FC70B905B05DF804FBC0
:100FD80000F02CFCD3E700F029FCDBE700F026FC4E
:100FE800E1E700F023FCE7E700F020FCEDE700BFB5
:100FF8003C000020002001400100000F00B585B032
:10100800002300930193029303932248224A02602B
:101018004FF480324260836001220261027680F8D8
:101028002030C3621D498162C3600321C16180F819
:101038003020436101F0BAFAF8B904230093012380
:101048000193072302936946124801F0F5FBB8B9EA
:10105800052300930223019369460E4801F0ECFB37
:1010680088B906230093032301936946094801F0D0
:10107800E3FB58B905B05DF804FB00F0D7FBDCE7EB
:1010880000F0D4FBE4E700F0D1FBEAE700F0CEFB88
:10109800F0E700BF84000020002101400100000F9C
:1010A80000B585B0002300930193029303931C4875
:1010B8001C4A02604FF48032426083600122026160
:1010C800027680F82030C36217498162C36002212A
:1010D800C16180F83020436101F068FAB0B90A2391
:1010E8000093012301930723029369460C4801F0FA
:1010F800A3FB70B90B2300930223019369460848A8
:1011080001F09AFB40B905B05DF804FB00F08EFBD6
:10111800E5E700F08BFBEDE700F088FBF3E700BFA5
:10112800CC000020002201400100000F30B58DB036
:10113800044600230793089309930A930B930368C3
:10114800604A934207D0604A934240D05F4A934234
:101158007BD00DB030BD002501955D4B5A6C42F433
:1011680080725A645A6C02F480720192019A029554
:101178001A6B42F001021A631B6B03F0010302931E
:10118800029B072307930323089307A9514802F0FA
:10119800E5FA5148514B036045608560C5604FF4DE
:1011A800806303614FF4006343614FF4005383612C
:1011B8004FF48073C3610562456202F0E5F818B91F
:1011C800454BA3639C63C4E700F030FBF8E70025B8
:1011D80003953F4B5A6C42F400725A645A6C02F4FD
:1011E80000720392039A04951A6B42F001021A6383
:1011F8001B6B03F001030493049B702307930323E1
:10120800089307A9334802F0A9FA3548354B03601B
:101218004FF0007343608560C5604FF480630361DD
:101228004FF4006343614FF4005383614FF48073BC
:10123800C3610562456202F0A7F818B9284BA36399
:101248009C6386E700F0F2FAF8E700250595204B45
:101258005A6C42F480625A645A6C02F480620592B5
:10126800059A06951A6B42F004021A631B6B03F089
:1012780004030693069B03230793089307A91A48B8
:1012880002F06CFA19481A4B03604FF08063436010
:101298008560C5604FF4806303614FF40063436168
:1012A8004FF4005383614FF48073C3610562456254
:1012B80002F06AF818B90D4BA3639C6349E700F084
:1012C800B5FAF8E700200140002101400022014062
:1012D80000380240000002401401002070640240FF
:1012E800740100204064024000080240D40100203C
:1012F8002864024008B50D480D4B0360062343607F
:1013080000238360C3604FF4202202614FF48012EF
:101318004261037643768376C3760377437701F099
:1013280057FB00B908BD00F081FAFBE73402002042
:101338000064004010B588B000230393049305931C
:101348000693079302681D4B9A4201D008B010BD5E
:101358000024019403F5EA331A6C42F000721A640F
:101368001A6C02F000720192019A02941A6B42F010
:1013780001021A631B6B03F001030293029B4FF4F3
:10138800C05303930223049303230693092307936B
:1013980003A90B4802F0E2F922460421132001F0C8
:1013A80019FF132001F04EFF22460421142001F0FA
:1013B80011FF142001F046FFC8E700BF0064004099
:1013C8000000024010B582B0002400943A4B1A6B1A
:1013D80042F480021A631A6B02F480020092009AA7
:1013E80001941A6B42F400121A631B6B03F4001386
:1013F8000193019B224606210C2001F0EBFE0C20F4
:1014080001F020FF224603210E2001F0E3FE0E200A
:1014180001F018FF224603210F2001F0DBFE0F2008
:1014280001F010FF22460621102001F0D3FE102003
:1014380001F008FF22460621112001F0CBFE112001
:1014480001F000FF22460321382001F0C3FE3820B6
:1014580001F0F8FE22460221392001F0BBFE3920B6
:1014680001F0F0FE224602213A2001F0B3FE3A20B4
:1014780001F0E8FE224603213B2001F0ABFE3B20B1
:1014880001F0E0FE224602213C2001F0A3FE3C20B0
:1014980001F0D8FE22460621442001F09BFE44209C
:1014A80001F0D0FE22460621462001F093FE462098
:1014B80001F0C8FE02B010BD003802402DE9F04F1F
:1014C8008FB0002409940A940B940C940D94019401
:1014D800744B1A6B42F010021A631A6B02F0100276
:1014E8000192019A02941A6B42F004021A631A6B71
:1014F80002F004020292029A03941A6B42F020024C
:101508001A631A6B02F020020392039A04941A6B6E
:1015180042F080021A631A6B02F080020492049A65
:1015280005941A6B42F001021A631A6B02F0010269
:101538000592059A06941A6B42F002021A631A6B16
:1015480002F002020692069A07941A6B42F0080209
:101558001A631A6B02F008020792079A08941A6B2A
:1015680042F040021A631B6B03F040030893089B88
:10157800DFF84481224641F6BF71404602F0E0F9A7
:10158800DFF8389122464FF44041484602F0D8F936
:10159800DFF82CB122464FF2EC51584602F0D0F950
:1015A80022468021404802F0CBF922464CF2033112
:1015B8003E4802F0C5F93E4F22460121384602F066
:1015C800BFF93C4E22464FF48041304602F0B8F94C
:1015D80041F6BF73099301250A950B940C9409A948
:1015E800404602F0BBF84FF4404ACDF824A00A95D3
:1015F8000B940C9409A9484602F0B0F84FF2EC534A
:1016080009930A950B940C9409A9584602F0A6F878
:10161800802309930A950B940C9409A9224802F097
:101628009DF8A02309930A940B9409A9484602F04F
:1016380095F84CF2033309930A950B940C9409A975
:101648001A4802F08BF8CDF824A00A940B9409A943
:10165800404602F083F84FF4585309930A940B94C8
:1016680009A9384602F07AF84FF4FE7309930A94F0
:101678000B9409A9304602F071F809950A950B9464
:101688000C9409A9384602F069F84FF4804309938D
:101698000A950B940C9409A9304602F05FF80FB034
:1016A800BDE8F08F0038024000000240000402400C
:1016B800000C0240001802400010024000080240DE
:1016C8000014024008B50B480B4B03600B4B4360FA
:1016D80000238360C3604FF48042026143618361E9
:1016E800C361036202F03EFD00B908BD00F09EF838
:1016F800FBE700BF5C02002000540040A086010008
:1017080008B50B480B4B03600B4B43600023836009
:10171800C3604FF48042026143618361C361036225
:1017280002F020FD00B908BD00F080F8FBE700BF1B
:10173800B002002000580040A086010030B58BB0F0
:101748000023059306930793089309930368324A85
:10175800934204D0314A93422CD00BB030BD0025BF
:1017680001952F4C236B43F002032363236B03F093
:1017780002030193019BC0230593122306930323BD
:1017880008930423099305A9264801F0E7FF029569
:10179800236C43F400132364236C03F400130293B3
:1017A800029B2A4605211F2001F014FD1F2001F08D
:1017B80049FDD2E700250395194C236B43F020031C
:1017C8002363236B03F020030393039B03230593F5
:1017D8001222069208930423099305A9124801F0DE
:1017E800BDFF0495236C43F480032364236C03F446
:1017F80080030493049B2A460521212001F0EAFC7A
:10180800212001F01FFD2A460521222001F0E2FCDB
:10181800222001F017FDA0E70054004000580040C6
:1018280000380240000402400014024072B6FEE78D
:1018380000B595B03022002108A80BF0D5FE002392
:10184800039304930593069307930193224A116C1B
:1018580041F080511164126C02F080520192019A99
:1018680002931E4B1A6842F480421A601B6803F404
:1018780080430293029B092308934FF48033099312
:1018880001230D9302230E934FF480020F92192225
:1018980010924FF4A872119212930723139308A879
:1018A80003F06CFE98B90F230393022304930023DB
:1018B80005934FF4A05306934FF4805307930521E3
:1018C80003A804F0A9F820B915B05DF804FBFFF7E8
:1018D800ADFFFFF7ABFF00BF0038024000700040CB
:1018E80008B500F089FDFFF7A3FFFFF7E7FDFFF755
:1018F80069FDFFF725FBFFF781FBFFF7D1FBFFF73A
:10190800F9FCFFF7DFFE00F01BF800F08FFA00F09B
:10191800C5FA00F07BFB00F093FB00F0ABFBFFF790
:10192800EFFE00F031F800F039FA044804F032FE16
:101938000BF08AFC09F092FDFEE700BF3405002099
:1019480008B50F480F4B03604FF4827343600023C0
:101958008360C36002220261012242614FF4007277
:1019680082613022C2610362436283620A23C362D6
:1019780004F00CFA00B908BDFFF758FFFBE700BFF9
:10198800840400200030014008B50F480F4B036065
:101998004FF48273436000238360C36002220261B4
:1019A800012242614FF4007282612822C2610362FF
:1019B800436283620A23C36204F0E8F900B908BDF0
:1019C800FFF734FFFBE700BFDC04002000380040CD
:1019D8002DE9F0438BB00446002305930693079343
:1019E800089309930368664A934205D0654A93426F
:1019F80059D00BB0BDE8F08300250095624B5A6CB6
:101A080042F480525A645A6C02F480520092009A4E
:101A180001951A6B42F002021A631B6B03F0020372
:101A28000193019B3823059302230693032308930C
:101A38000523099305A9554801F090FE5448554BD4
:101A480003604FF0C063436040238360C5604FF478
:101A58008063036145618561C5610562456201F086
:101A680093FCD0B94A4BA3649C634B484B4B03602F
:101A78004FF0C063436000238360C3604FF480620B
:101A8800026143618361C3610362436201F07CFCCC
:101A980030B9414BE3649C63ABE7FFF7C7FEE1E76E
:101AA800FFF7C4FEF5E700250295374B1A6C42F4A0
:101AB80080421A641A6C02F480420292029A0395D8
:101AC8001A6B42F004021A631A6B02F004020392C2
:101AD800039A04951A6B42F002021A631B6B03F017
:101AE80002030493049B0C2305934FF00209CDF8DD
:101AF80018904FF00308CDF820800527099705A90D
:101B0800274801F02BFE4FF480660596CDF8189013
:101B18000795CDF82080099705A91C4801F01EFEFD
:101B28002048214B0360456040238360C5600661FF
:101B380045618561C5610562456201F025FCC0B952
:101B4800184BA3649C631948194B03600023436036
:101B58008360C3604FF48062026143618361C36143
:101B68000362436201F010FC30B9104BE3649C63DC
:101B78003FE7FFF75BFEE3E7FFF758FEF5E700BF37
:101B880000300140003800400038024000040240A4
:101B980064030020586402400403002010640240DB
:101BA800000802402404002070600240C4030020A2
:101BB8005860024082B0002100910B4B5A6C42F4ED
:101BC80080425A645A6C02F480420092009A019151
:101BD8001A6C42F080521A641B6C03F08053019314
:101BE800019B02B0704700BF00380240FEE7FEE7E5
:101BF800FEE7FEE7FEE770477047704708B50A4AF8
:101C0800136801331360094B1B78DBB2012B02D038
:101C180000F00CFC08BD054B00221A70044A13683A
:101C280001331360F4E700BF54A5002060A500202D
:101C380050A5002008B5024801F09EFC08BD00BF71
:101C48008C07002008B5024801F096FC08BD00BFCB
:101C5800C403002008B5024801F08EFC08BD00BF8F
:101C68002404002008B5024801F086FC08BD00BF26
:101C7800CC06002008B5024801F07EFC08BD00BF74
:101C88002C07002008B5002008F062FD014801F08B
:101C980069F908BD3402002008B5024801F062F96C
:101CA80008BD00BF3402002008B5024804F0BAFCA1
:101CB80008BD00BF3405002008B5024803F028FB22
:101CC80008BD00BF5C02002008B5024803F020FBF5
:101CD80008BD00BFB002002008B5024803F0E8FBC9
:101CE80008BD00BFB002002008B5024805F064FA3C
:101CF80008BD00BFEC07002008B5024805F05CFAF3
:101D080008BD00BF3008002008B5024805F054FAA5
:101D180008BD00BF7408002008B5024801F02CFC7B
:101D280008BD00BF0403002008B5024801F024FCE8
:101D380008BD00BFD401002008B5024801F01CFC12
:101D480008BD00BF7401002008B5024801F014FC6A
:101D580008BD00BF6403002008B5024801F00CFC70
:101D680008BD00BF1401002008B5024801F004FCBA
:101D780008BD00BF0C06002008B5024801F0FCFBB6
:101D880008BD00BF6C060020034AD2F8883043F42F
:101D98007003C2F88830704700ED00E000B58DB0E0
:101DA8000023089309930A930B93039304930593D1
:101DB80006930793019302931A481B4A0260A722CD
:101DC8004260836040F2E732C2600361436183612D
:101DD80004F04AFDD0B94FF48053089308A911487C
:101DE80004F047FEA8B900230393049303A90D4800
:101DF80004F01AFF80B900230193029301A909484E
:101E080004F03CFF58B90DB05DF804FBFFF70EFD78
:101E1800E1E7FFF70BFDE6E7FFF708FDEBE7FFF764
:101E280005FDF0E7340500200000014000B587B04B
:101E38000023049305930093019302930393164898
:101E48004FF080420260436083604FF0FF32C2600F
:101E58000361836104F034FDA8B90023049305935A
:101E680004A90D4804F00AFF80B90022009201235A
:101E78000193029203926946074804F08BFD40B92A
:101E880007B05DF804FBFFF7D1FCE6E7FFF7CEFCEF
:101E9800EBE7FFF7CBFCF3E77C05002000B587B044
:101EA8000023049305930093019302930393164828
:101EB800164A0260436083604FF6FF72C260036196
:101EC800836104F0FDFCA8B900230493059304A9D9
:101ED8000D4804F0D3FE80B900220092012301933B
:101EE800029203926946084804F054FD40B907B0CD
:101EF8005DF804FBFFF79AFCE6E7FFF797FCEBE7D2
:101F0800FFF794FCF3E700BFC4050020000400407D
:101F180002680E4B9A4200D0704700B583B0002289
:101F2800019203F59C33596C41F0010159645B6CD3
:101F380003F001030193019B0121192001F04AF9E3
:101F4800192001F07FF903B05DF804FB000001409F
:101F580000B58BB000230593069307930893099364
:101F68000368B3F1804F05D0244A934225D00BB0C3
:101F78005DF804FB0021019103F50E331A6C42F061
:101F880001021A641A6C02F001020192019A02918C
:101F98001A6B42F001021A631B6B03F001030293F0
:101FA800029B4FF4004305930223069301230993F0
:101FB80005A9134801F0D2FBD9E700210391114B81
:101FC8001A6C42F002021A641A6C02F002020392BE
:101FD800039A04911A6B42F004021A631B6B03F014
:101FE80004030493049B4023059302230693099357
:101FF80005A9054801F0B2FBB9E700BF000400409D
:1020080000000240003802400008024008B50A48B3
:102018000A4B03604FF4E133436000238360C360DD
:1020280003610C2242618361C36104F065FF00B95A
:1020380008BDFFF7FBFBFBE7EC07002000100140A1
:1020480008B50A480A4B03604FF41643436000235F
:102058008360C36003610C2242618361C36104F041
:102068004BFF00B908BDFFF7E1FBFBE73008002094
:102078000044004008B50A480A4B03604FF49643F1
:10208800436000238360C36003610C224261836163
:10209800C36104F031FF00B908BDFFF7C7FBFBE7D8
:1020A80074080020004800402DE9F0418CB0044637
:1020B80000230793089309930A930B930368954A9F
:1020C800934209D0944A934268D0944A934200F0CC
:1020D800C4800CB0BDE8F08100250095904B5A6C87
:1020E80042F010025A645A6C02F010020092009AF0
:1020F80001951A6B42F001021A631B6B03F001038E
:102108000193019B4FF4C0630793022308930323B1
:102118000A9307230B9307A9824801F01FFB824803
:10212800824B03604FF0006343608560C5604FF4E5
:1021380080630361456185614FF48073C361056203
:10214800456201F021F918BB774BA3639C6378487B
:10215800784B03604FF000634360402383600023A3
:10216800C3604FF48062026143618361C3610362AB
:10217800436201F009F970B96D4B63639C630022F7
:102188000621252001F026F8252001F05BF8A0E7BC
:10219800FFF74CFBD8E7FFF749FBEDE70025029571
:1021A8005F4B1A6C42F400321A641A6C02F4003263
:1021B8000292029A03951A6B42F008021A631B6B8B
:1021C80003F008030393039B6023079302230893F8
:1021D80003230A9307230B9307A9574801F0BEFA74
:1021E8005648574B03604FF00063436040238360B9
:1021F800C5604FF48063036145618561C56105620F
:10220800456201F0C1F810BB4C4B63639C634D48B9
:102218004D4B03604FF00063436000238360C3604D
:102228004FF48062026143618361C3610362436268
:1022380001F0AAF870B9434BA3639C6300220621FE
:10224800262000F0C7FF262000F0FCFF41E7FFF73B
:10225800EDFAD9E7FFF7EAFAEDE700250495304BE8
:102268001A6C42F480221A641A6C02F480220492D6
:10227800049A05951A6B42F002021A631A6B02F06F
:1022880002020592059A06951A6B42F008021A6333
:102298001B6B03F008030693069B4FF40063079338
:1022A8004FF00208CDF8208003270A9707260B96DF
:1022B80007A9264801F052FA4FF480730793CDF826
:1022C800208009950A970B9607A91B4801F046FA42
:1022D8001F48204B03604FF0006343608560C56072
:1022E8004FF48063036145618561C561056245629C
:1022F80001F04AF858B9164BA3639C6300220621E3
:10230800272000F067FF272000F09CFFE1E6FFF799
:102318008DFAF0E7001001400044004000480040FA
:1023280000380240000002400C0600208864024089
:102338006C060020B8640240000C02402C07002004
:10234800A0600240CC0600208860024000040240E1
:102358008C07002028600240DFF834D00D480E4971
:102368000E4A002302E0D458C4500433C4188C42E7
:10237800F9D30B4A0B4C002301E013600432A2424C
:10238800FBD3FFF701FD0BF0FDF8FFF7A9FA704743
:1023980000000220000000201C00002074D9000862
:1023A8002000002024B40020FEE7000010B50446F9
:1023B8000E4B18784FF47A73B3FBF0F30C4A10689D
:1023C800B0FBF3F000F04CFF68B90F2C01D90120E5
:1023D8000AE0002221464FF0FF3000F0FBFE054BDB
:1023E8001C60002000E0012010BD00BF0400002098
:1023F800000000200800002008B50B4B1A6842F4C2
:1024080000721A601A6842F480621A601A6842F40C
:1024180080721A60032000F0CBFE0020FFF7C6FF91
:10242800FFF7C8FB002008BD003C0240034A1168C2
:10243800034B1B780B441360704700BFB80800209B
:1024480004000020014B1868704700BFB80800203E
:1024580038B50446FFF7F6FF0546B4F1FF3F02D052
:10246800044B1B781C44FFF7EDFF401BA042FAD336
:1024780038BD00BF040000204A4B5A6822F440329D
:102488005A605A6841680A435A600268536823F4DC
:102498008073536002685368016943EA01235360FB
:1024A8000268536823F04073536002685368816878
:1024B8000B4353600268936823F4006393600268D7
:1024C8009368C1680B439360826A374B9A4257D02E
:1024D8000268936823F07063936002689368816A66
:1024E8000B4393600268936823F04053936002683B
:1024F8009368C16A0B4393600268936823F00203F0
:10250800936002689368017E43EA4103936090F800
:102518002030002B3FD00268536843F400635360B7
:102528000268536823F46043536001684B68426A49
:10253800013A43EA42334B600268D36A23F47003DA
:10254800D3620168CB6AC269013A43EA0253CB629B
:102558000268936823F4007393600268936890F8A4
:10256800301043EA412393600268936823F4806340
:10257800936002689368416943EA812393607047D6
:102588000268936823F0706393600268936823F08D
:1025980040539360B0E70268536823F400635360C4
:1025A800CAE700BF002301400100000F38B310B58F
:1025B8000446036C43B1236C13F0100F0BD00120B9
:1025C800002384F83C3010BDFEF7B0FD002363649F
:1025D80084F83C30EFE7236C23F4885323F002039C
:1025E80043F0020323642046FFF746FF002060649F
:1025F800236C23F0030343F001032364E0E7012085
:102608007047000010B582B013460022019290F87E
:102618003C20012A00F0AE800446012280F83C20CC
:102628000268906810F0010F13D1906840F0010023
:102638009060534A1068534AA2FB0020800C00EBBC
:102648004000019002E001980138019001980028AB
:10265800F9D12268906810F4807F03D0906820F444
:10266800807090602268906810F0010F77D0206C1D
:1026780020F4E06020F0010040F48070206452688B
:1026880012F4806F05D0226C22F4405242F480523A
:102698002264226C12F4805F36D0626C22F006024B
:1026A8006264002284F83C20A26B3748D063A26B96
:1026B80036481064A26B3648D06422686FF0220056
:1026C80010602068426842F0806242602068826838
:1026D80042F48072826020680A4600F14C01A06BC7
:1026E80000F0B8FE2B4B5B6813F01F0F27D123684F
:1026F800294A934211D002F58072934207D0274AA3
:10270800934214D0002033E000226264C9E702F546
:102718000072526812F01F0FF1D19A6812F0405FF0
:102728002AD19A6842F080429A60002020E002F59F
:102738008072526812F0100FEFD0002018E0236862
:10274800154A934201D0002012E09A6812F0405FC7
:1027580014D19A6842F080429A60002008E0236C05
:1027680043F010032364636C43F0010363640020A7
:1027780002B010BD0220FBE70020F9E70020F7E7D0
:102788000000002083DE1B43CD270008AB2700088C
:10279800B727000800230140002001400022014023
:1027A800704708B5806BFFF7FBFF08BD704708B599
:1027B800806B40230364436C43F004034364FFF7D6
:1027C800F5FF08BD08B50346806B026C12F0500F88
:1027D80025D1036C43F40073036403689A6812F00C
:1027E800405F19D1027EBAB9DA6A12F4700F03D0C9
:1027F8009A6812F4806F0FD15A6822F020025A604A
:10280800036C23F480730364036C13F4805F03D1B7
:10281800036C43F00103036407F02CFD08BD026C50
:1028280012F0100F04D1826BD26C18469047F5E76E
:10283800FFF7BCFFF2E7000030B482B00023019339
:1028480090F83C30012B00F0BB80012380F83C302D
:102858000B68092B41D90468E2689BB203EB430378
:102868001E3B4FF0070C0CFA03F322EA0303E36064
:102878000468E2680B8803EB43031E3B8D6805FA86
:1028880003F31343E3604B68062B3DD80468626B7F
:1028980003EB8303053B4FF01F0C0CFA03F322EA0A
:1028A800030363630468626B4B6803EB8303053BB4
:1028B800B1F800C00CFA03F3134363630268414B99
:1028C8009A4251D002683F4B9A4256D0002380F872
:1028D8003C30184602B030BC7047046822699BB28D
:1028E80003EB43034FF0070C0CFA03F322EA03034C
:1028F8002361046822690B8803EB43038D6805FA9A
:1029080003F313432361BEE70C2B16D805682A6B23
:1029180003EB8303233B1F2404FA03F322EA030394
:102928002B6305682A6B4B6803EB8303233B0C88F6
:1029380004FA03F313432B63C0E70568EA6A03EB61
:102948008303413B1F2404FA03F322EA0303EB62E7
:102958000568EA6A4B6803EB8303413B0C8804FA79
:1029680003F31343EB62A9E70B68122BAAD1164AAB
:10297800536843F480035360A4E70B68103B012BB2
:10298800A4D8114A536843F4000353600B68102B12
:102998009CD10E4B1B6802F1467202F52E3202F2F0
:1029A8008332A2FB03239B0C03EB83035B0001939D
:1029B80002E0019B013B0193019B002BF9D185E7C4
:1029C800022087E70020014000230140000000208A
:1029D800002800F0A18038B5044690F82030D3B123
:1029E8002268136843F001031360FFF72BFD0546C7
:1029F80023685A6812F0010F10D1FFF723FD401B1E
:102A08000A28F5D9636A43F400336362052384F81E
:102A18002030012038BDFEF78DFCE1E71A6822F06E
:102A280002021A60FFF70EFD054623685A6812F085
:102A3800020F0DD0FFF706FD401B0A28F5D9636A7F
:102A480043F400336362052384F820300120E1E772
:102A5800227E012A3DD01A6822F080021A60637E25
:102A6800012B3BD02268136823F040031360A37E38
:102A7800012B39D02268136823F020031360E37E0A
:102A8800012B37D02268136843F010031360237FAB
:102A9800012B35D02268136823F008031360637F85
:102AA800012B33D02268136823F004031360A36852
:102AB800E268134322691343626913436268013A67
:102AC80021681343CB6100206062012384F8203021
:102AD800A0E71A6842F080021A60C0E7226813680B
:102AE80043F040031360C2E72268136843F02003F1
:102AF8001360C4E72268136823F010031360C6E765
:102B08002268136843F008031360C8E72268136853
:102B180043F004031360CAE70120704790F820309F
:102B2800013BDBB2012B05D9436A43F4802343629E
:102B38000120704730B5464BD3F8002242F001021D
:102B4800C3F80022D3F8002222F47C52C3F80022F2
:102B5800D3F80022486A42EA0022C3F800224A69F0
:102B680002F01F02012000FA02F2D3F81C026FEAF9
:102B7800020C20EA0200C3F81C02CB69C3B9344B2B
:102B8800D3F80C020CEA0000C3F80C028C884869E0
:102B9800CD6844EA0544483043F830408C680888DA
:102BA80040EA04404C6904F1480E03EBCE03586038
:102BB800CB69012B1ED08B69002B33D12448D0F868
:102BC80004320CEA0303C0F804320B698BBB2048BB
:102BD800D0F814320CEA0303C0F814320B6A012B44
:102BE8002ED01B4AD2F8003223F00103C2F800327B
:102BF800002030BD164BD3F80C021043C3F80C026A
:102C08008C8848690D6844EA0544483043F83040E8
:102C180088894C698D6840EA0540483403EBC40351
:102C28005860C8E70A48D0F804321343C0F80432A1
:102C3800CBE70748D0F814321343C0F81432CDE775
:102C48000349D1F81C321A43C1F81C22C9E700BF56
:102C58000064004070B5044690F82050EDB2012D94
:102C680006D0436A43F4002343620125284670BD19
:102C7800022380F820300268136823F001031360F0
:102C8800FFF7E0FB064623685B6813F0010F0CD0E2
:102C9800FFF7D8FB831B0A2BF5D9636A43F400338B
:102CA8006362052384F82030E0E700256562DDE7EC
:102CB80030B590F820C00468A4680CF1FF3C5FFAB6
:102CC8008CFCBCF1010F6BD814F0E05F62D0C4F348
:102CD800016CBCF1020F05D9436A43F40003436257
:102CE800012062E0012404FA0CF41C608B68002BBC
:102CF8003DD10D68CB68046843EA45550CF11803CB
:102D08001B01E55003680C690CF1180E03EB0E1358
:102D18005C600B7D012B35D0D17993791B0443EA94
:102D28000163517943EA012314790168234301EBD4
:102D38000C11C1F88C31D17893781B0443EA0163F4
:102D4800517843EA0123117802680B4302EB0C1215
:102D5800C2F8883102680CF1180C4FEA0C1C52F8C2
:102D68000C3043F0010342F80C3000201DE04C68A1
:102D780043EAC403CC6823430CF118042401056812
:102D88002B51BFE7036803EB0E13596841F48071B8
:102D98005960C1E7436A43F400134362012004E029
:102DA800436A43F480234362012030BD90F8203009
:102DB800013BDBB2012B01D90020704703689868FA
:102DC80010F0806000D001209A6812F0006F00D0E7
:102DD80001309B6813F0805FEFD00130704790F8A6
:102DE80020C00CF1FF3C5FFA8CFCBCF1010F00F233
:102DF800958030B451B90468E46814F0030F10D119
:102E0800436A43F400134362012077E004682469AD
:102E180014F0030F05D1436A43F400134362012001
:102E28006CE001F11B04240105682C5904F004042A
:102E38009460002C64D101F11B04240105682C590D
:102E4800640D1460046801F11B0C4FEA0C1C54F863
:102E58000C4004F00204D46004686444646804F01C
:102E68000F041461046864446468C4F3072494611B
:102E7800046864446468240C5461026802EB01121B
:102E8800D2F8B8211A70026802EB0112D2F8B82100
:102E9800C2F307225A70026802EB0112D2F8B82175
:102EA800C2F307429A70026802EB0112D2F8B82105
:102EB800120EDA70026802EB0112D2F8BC211A7104
:102EC800026802EB0112D2F8BC21C2F307225A7140
:102ED800026802EB0112D2F8BC21C2F307429A71D0
:102EE800026802EB0112D2F8BC21120EDA7179B92C
:102EF8000268D36843F02003D360002030BC7047D9
:102F080001F11B04240105682C59E408546099E771
:102F18000268136943F020031361EEE7436A43F440
:102F2800802343620120704790F82030013BDBB2D8
:102F3800012B05D9436A43F480234362012070477B
:102F48000268536919435161002070477047704700
:102F580070477047704770477047704770477047B1
:102F6800704770472DE9F84F054603685C69D3F848
:102F780004809F68D3F80CB0D3F810A0D3F8189049
:102F880014F001063BD017F0010616D001229A6012
:102F980017F0020F08D117F0040F0CD117F008062C
:102FA80006D04FF4805608E0FFF7D0FF002604E073
:102FB800FFF7CFFF01E04FF4006617F4807F0DD0D4
:102FC8002B684FF480729A6017F4007F40F0868077
:102FD80017F4806F00F0868046F4005617F4803F9F
:102FE8000DD02B684FF480329A6017F4003F40F000
:102FF800838017F4802F00F0838046F4004614F095
:10300800080F07D01BF0100F04D046F400762B6889
:103018001022DA6014F0040F02D01BF0080F79D1E7
:1030280014F0020F04D02B68DB6813F0030F78D17B
:1030380014F0400F07D01AF0100F04D046F4806641
:103048002B6810221A6114F0200F02D01AF0080F12
:103058006BD114F0100F04D02B681B6913F0030F09
:103068006AD114F4003F02D018F0100F68D114F49C
:10307800803F02D018F0080F69D114F4004F7AD0BD
:1030880018F0040F74D014F4807F04D019F0010FE5
:1030980001D046F0010614F4007F04D019F0020FA5
:1030A80001D046F0020614F4806F04D019F0040F22
:1030B80001D046F0040614F4006F59D019F07009D5
:1030C80056D0B9F1400F65D058D8B9F1200F5ED06D
:1030D800B9F1300F42D146F0200644E02846FFF708
:1030E80036FF7BE717F4006F02D046F4804675E799
:1030F8002846FFF72FFF71E72846FFF729FF7EE7ED
:1031080017F4002F02D046F4803678E72846FFF7F8
:1031180022FF74E72B680822DA602846FFF71CFFB5
:103128007EE7284607F08AFB82E72B6808221A61A7
:103138002846FFF713FF8CE72846FFF70EFF90E7B6
:103148002B6810225A602846FFF709FF8FE72B6883
:1031580008225A602846FFF703FF8EE7B9F1100FDF
:1031680001D146F008062A68936923F07003936139
:103178002B6804225A609EB9BDE8F88FB9F1500F48
:103188000BD0B9F1600FEED146F48076EBE746F04C
:103198001006E8E746F04006E5E746F08006E2E775
:1031A8006B6A1E436E622846FFF7DBFEE4E7000009
:1031B800074AD36823F4E0631B041B0C000200F4E5
:1031C800E060034343F0BF6343F40033D3607047C8
:1031D80000ED00E000B5194BDB68C3F30223C3F12F
:1031E800070CBCF1040F28BF4FF0040C03F1040EC8
:1031F800BEF1060F18D9033B4FF0FF3E0EFA0CFC48
:1032080021EA0C0199400EFA03F322EA0303194359
:1032180000280BDB0901C9B200F1604000F56140EC
:1032280080F800135DF804FB0023E5E700F00F00C9
:103238000901C9B2024B1954F4E700BF00ED00E0E0
:1032480014ED00E0002807DB00F01F02400901230D
:103258009340024A42F82030704700BF00E100E086
:103268000138B0F1807F0BD24FF0E0235861054A56
:10327800F02182F823100020986107221A61704714
:103288000120704700ED00E030B405682C6824F494
:1032980080242C60046863608368402B05D0036831
:1032A80099600368DA6030BC704703689A60036805
:1032B800D960F8E710B40368D9B210390C4AA2FBF8
:1032C800014212090B4CA25CC2655F2909D923F49B
:1032D8007F7323F0030304338365806D5DF8044B2B
:1032E800704723F47F7323F003038365F5E700BF7A
:1032F800ABAAAAAA40D70008836A826992B9012BAF
:103308000AD0022B02D00BB100207047C36A13F019
:10331800807F28D100207047C36AB3F1C07F24D0D2
:1033280000207047B2F5005F09D0022B25D9032B86
:1033380025D1C36A13F0807F23D100207047032B67
:1033480003D8DFE803F01404140A00207047C36AA6
:1033580013F0807F0DD100207047C36AB3F1C07F9E
:1033680009D00020704701207047012070470120D4
:1033780070470120704701207047012070470020E6
:10338800704701207047000070B50446FFF75AF8EF
:10339800002C5BD00546022384F83530002384F8DE
:1033A80034302268136823F00103136023681A6815
:1033B80012F0010F0AD0FFF745F8431B052BF5D98A
:1033C80020236365032084F8350070BD1A682048FF
:1033D80010406168A2680A43E1680A4321690A4308
:1033E80061690A43A1690A43E1690A43216A0A43F8
:1033F8000243616A04291ED01A602668756925F09F
:103408000705636A1D43042B07D1A36A1D43E36ABA
:103418001BB12046FFF770FF90B975612046FFF792
:1034280049FFE26D3F2393408360002060650123DC
:1034380084F83530C9E7E16A206B01430A43DBE7CA
:1034480040236365012084F83500BEE70120BCE70E
:103458003F8010F038B50446856D90F83400012897
:103468002BD0012084F8340094F83500C0B201282C
:1034780004D0002384F83430022038BD022084F8B8
:103488003500002060652046FFF7FEFEE26D3F2311
:103498009340AB602268136843F016031360236CF3
:1034A80023B12268136843F0080313602268136885
:1034B80043F0010313600020DFE70220DDE770B569
:1034C8000446866DFEF7BEFF94F83530DBB2022B5A
:1034D80006D080236365002384F83430012070BD52
:1034E80005462268136823F016031360226853699F
:1034F80023F080035361236CE3B12268136823F03F
:10350800080313602268136823F00103136023681B
:103518001B6813F0010F11D0FEF794FF431B052B16
:10352800F5D920236365032084F83500002384F847
:103538003430D4E7A36C002BDFD1E3E7E26D3F23FF
:103548009340B360012384F83530002084F83400B8
:10355800C5E790F83530DBB2022B03D080234365F2
:1035680001207047052380F835300268136823F07E
:103578000103136000207047F0B583B004460023B0
:103588000193724B1D68724BA3FB0535AD0A876D1D
:103598003E68C26D08239340334210D003681A680E
:1035A80012F0040F0BD01A6822F004021A60C26DE0
:1035B80008239340BB60436D43F001034365E26D0C
:1035C80001239340334209D02268526912F0800FD8
:1035D80004D0BB60636D43F002036365E26D0423AE
:1035E8009340334209D02268126812F0020F04D0C7
:1035F800BB60636D43F004036365E26D1023934081
:10360800334224D02268126812F0080F1FD0BB6022
:1036180023681A6812F4802F0DD01B6813F4002F4A
:1036280004D1236C9BB12046984710E0A36C73B17A
:10363800204698470BE01A6812F4807F03D11A6875
:1036480022F008021A60236C0BB120469847E26DFD
:1036580020239340334255D02268126812F0100F8D
:1036680050D0BB6094F83530DBB2052B0ED0236800
:103678001A6812F4802F33D01B6813F4002F2AD154
:10368800636C002B3ED0204698473BE022681368C5
:1036980023F0160313602268536923F080035361F3
:1036A800236CA3B12268136823F008031360E26D4A
:1036B8003F239340BB60012384F83530002384F80E
:1036C8003430236D002B3FD0204698473CE0A36C54
:1036D800002BE7D1EBE7E36BA3B12046984711E055
:1036E8001A6812F4807F09D11A6822F010021A6051
:1036F800012384F83530002384F83430E36B0BB1B0
:1037080020469847636DFBB1636D13F0010F17D026
:10371800052384F835302268136823F00103136009
:10372800019B01330193AB4204D823681B6813F053
:10373800010FF5D1012384F83530002384F83430A3
:10374800E36C0BB12046984703B0F0BD00000020A1
:10375800B5814E1B90F835007047000000230F2BF1
:1037680000F2E48070B582B060E085685E000324F2
:10377800B44025EA0405CC68B4402C43846045680D
:1037880025EA02054C68C4F300129A402A434260B5
:103798005AE0DC08083450F8246003F0070295006A
:1037A8000F22AA4026EA020E0A69AA4042EA0E023D
:1037B80040F824205CE0072200E0002202FA0EF222
:1037C8002A4302345A4D45F824205A4A94686FEA2D
:1037D8000C0224EA0C054E6816F4801F01D04CEA4E
:1037E8000405544CA560E46802EA04054E6816F422
:1037F800001F01D04CEA04054E4CE560646802EAFB
:1038080004054E6816F4003F01D04CEA0405494C03
:103818006560246822404D6815F4803F01D04CEA69
:103828000402444C226001330F2B7DD801229A40B8
:103838000C6804EA020C32EA0404F4D14C6804F07F
:103848000304013C012C90D94A6802F00302032AC0
:1038580009D0C4685D000322AA4024EA02048A68E9
:10386800AA402243C2604A6802F00302022A90D0AA
:1038780004684FEA430E032202FA0EF224EA020415
:103888004A6802F0030202FA0EF2224302604A6812
:1038980012F4403FC7D000220192274A546C44F4E6
:1038A80080445464526C02F480420192019A9C084C
:1038B800A51C1F4A52F8255003F003024FEA820E56
:1038C8000F2202FA0EF225EA02051C4A90423FF442
:1038D80074AF02F5806290421AD002F5806290427D
:1038E80018D002F58062904216D002F580629042AC
:1038F80014D002F58062904212D002F580629042A4
:1039080010D002F5806290423FF455AF082255E787
:10391800012253E7022251E703224FE704224DE731
:1039280005224BE7062249E702B070BD704700BF89
:1039380000380140003C01400038024000000240CD
:103948000AB18161704709048161704790F83E307F
:10395800DBB2402B10D00369B3F5804F1BD0036D49
:10396800002B39D1436CC3F3C813026803F0060374
:1039780043F0F00313617047036D2BB9436C026881
:1039880003F0FE0313617047436C026843F00103C0
:10399800DBB21361704790F83D30DBB2212B0FD0BA
:1039A800436C026843F00103DBB21361436B6BB1F4
:1039B800DB6B5BB10268536843F400635360704784
:1039C800436C026803F0FE031361EFE7836B33B1C6
:1039D800DB6B002BEED102E0036D012B00D07047AA
:1039E800436CC3F3C813026803F0060343F0F10302
:1039F8001361F4E7436C0268DBB21361436B3BB1BC
:103A0800DB6B2BB10268536843F400635360704763
:103A1800836B002BFBD0DB6B002BF3D1F7E710B4E3
:103A28008BB090F83E30DAB2C16A046B90F83D3042
:103A3800DBB2222B0BD00023099303685A69099241
:103A48009B690993099B0BB05DF8044B7047036DA4
:103A58000BB9402A17D0036D1BB90369B3F5404F62
:103A680019D0438D9BB2002B25D1029303685A6964
:103A780002929A690292029A1A6842F400721A60D3
:103A880000230365DFE7009303685A6900929B6986
:103A98000093009BD7E70023019303685A690192BA
:103AA8009A690192019A1A6842F480721A60036D49
:103AB80001330365C7E7438D9BB2012B25D0438DA6
:103AC8009BB2022B7BD00268136843F480631360B7
:103AD80003685A6812F4006F0ED011F5803F07D0C2
:103AE800012905D0082903D0102901D0202903D1A4
:103AF8005A6842F480525A600023089303685A694E
:103B080008929B690893089BBAE711F5803F11D08A
:103B1800082934D0202932D0122C2ED0042940D0A4
:103B280002293ED010293CD00268136823F4806330
:103B380013603BE00268136823F480631360036832
:103B48005A6812F4006F0CD01A6822F480621A6066
:103B58000023039303685A6903929B690393039BA9
:103B68008EE7002204925A6904929A690492049A90
:103B78001A6842F400721A6082E70129CED00268FE
:103B8800136823F4806313600023069303685A695B
:103B980006929A690692069A1A6842F400721A60A6
:103BA8006EE70268136843F480631360002305938B
:103BB80003685A6905929B690593059B60E7042988
:103BC8000ED002290CD010290AD00268136823F4F9
:103BD800806313600268136843F40063136004E0B1
:103BE8000268136843F48063136003685A6812F428
:103BF800006F0ED011F5803F07D0012905D00829A4
:103C080003D0102901D0202903D15A6842F48052E8
:103C18005A600023079303685A6907929B690793C0
:103C2800079B2DE7438D9BB25BB1426A036812780C
:103C38001A61436A01334362438D9BB2013B9BB2D5
:103C480043857047438D9BB25BB103681A69436A29
:103C58001A70436A01334362438D9BB2013B9BB2A6
:103C68004385704782B0002301930E4B1B68DB0825
:103C78000D4AA2FB03231B0A03EB83030193019B59
:103C8800013B0193019B33B103681B6813F4007F68
:103C9800F5D1002004E0036C43F020030364012005
:103CA80002B070470000002089B5F81403685A690B
:103CB80012F4806F01D1002070476FF480625A615E
:103CC80000230363202280F83D2080F83E30026CF8
:103CD80042F00402026480F83C3001207047C36A55
:103CE800B3F52A0F04D0C36AB3F12A4F03D0704743
:103CF8000123C36270470823C362F8E72DE9F04146
:103D080007460D4690461E4624E0FEF79BFB069BA1
:103D1800C01AB04200D8EEB900233B63202287F8CE
:103D28003D2087F83E303A6C42F020023A6487F82A
:103D38003C3001201EE03B689C6925EA040C1FFA10
:103D48008CFCBCFA8CFC4FEA5C1CE04511D1B6F146
:103D5800FF3FDAD1C5F30743012BECD13B685B6920
:103D680025EA030C1FFA8CFCBCFA8CFC4FEA5C1C9D
:103D7800EBE70020BDE8F0812DE9F04105460E464D
:103D8800174698463DE01A6842F400721A602B689C
:103D98006FF480625A6100232B63202285F83D204E
:103DA80085F83E302A6C42F004022A6485F83C30DB
:103DB800012034E0FEF746FBA0EB0800B84200D82B
:103DC800FFB900232B63202285F83D2085F83E307B
:103DD8002A6C42F020022A6485F83C3001201EE05B
:103DE8002B689C6926EA0404A4B2003C18BF01248D
:103DF800A4B12B685A6912F4806FC4D1B7F1FF3FA0
:103E0800D8D1C6F30743012BEAD12B685C6926EAAF
:103E18000404A4B2003C18BF0124E9E70020BDE86F
:103E2800F08170B504460D46164623685B6913F0A9
:103E3800800F1CD12046FFF739FFD0B9B5F1FF3FFD
:103E4800F3D0FEF7FFFA801BA84201D8002DECD171
:103E580000232363202284F83D2084F83E30226C1E
:103E680042F02002226484F83C30012000E0002067
:103E780070BD0120FCE700002DE9F04385B0044641
:103E88000D4691461F46DDF830800D9E036819687F
:103E980041F4807119600096434600224FF00111E9
:103EA800FFF72CFF60B9236805F0FE051D61334656
:103EB800424626492046FFF75FFF68B1012008E027
:103EC80023681B6813F4807F02D04FF400732364C7
:103ED800032005B0BDE8F0830023039323685A69E3
:103EE80003929B690393039B324641462046FFF7A2
:103EF80098FF30B9012F0FD123685FFA89F61E6148
:103F0800E7E7236C042B01D00120E2E7226813685D
:103F180043F400731360F7E723684FEA19221A6124
:103F2800324641462046FFF77CFF20B923685FFAF6
:103F380089F61E61CDE7236C042B01D00120C8E768
:103F48002268136843F400731360F7E70200010066
:103F58002DE9F04784B004460D46164699460C9F55
:103F6800DDF834800268136843F4806313600368E3
:103F7800196841F480711960CDF800803B46002231
:103F88004FF00111FFF7BAFE70B95FFA85FA23689E
:103F980005F0FE051D6143463A4641492046FFF7B4
:103FA800EBFE68B1012008E023681B6813F4807FEA
:103FB80002D04FF400732364032004B0BDE8F087F7
:103FC8000023039323685A6903929B690393039B15
:103FD800424639462046FFF724FF80B9B9F1010F60
:103FE80018D12368F6B21E61424639462046FFF7CB
:103FF80018FF68B3236C042B24D00120DDE7236C61
:10400800042B01D00120D8E72268136843F4007319
:104018001360F7E72368320A1A6142463946204698
:10402800FFF7FFFE18B92368F6B21E61DCE7236CC0
:10403800042B01D00120C0E72268136843F4007301
:104048001360F7E72268136843F400731360D4E73A
:104058002268136843F480731360CDF800803B46F0
:1040680000224FF001112046FFF748FE68B9226888
:104078004AF00103136143463A4609492046FFF7CF
:104088007BFE002899D0012097E723681B6813F46A
:10409800807F02D04FF40073236403208DE700BFB4
:1040A8000200010070B504460D46164623685B6998
:1040B80013F0040F1CD12046FFF7F8FDD0B9B5F175
:1040C800FF3FF3D0FEF7BEF9801BA84201D8002DB0
:1040D800ECD100232363202284F83D2084F83E306D
:1040E800226C42F02002226484F83C30012000E077
:1040F800002070BD0120FCE770B505460C46164649
:104108002B68596911F0400F29D1596911F0100F26
:1041180015D1FEF797F9801BA04201D8002CEFD1EA
:1041280000232B63202285F83D2085F83E302A6C39
:1041380042F020022A6485F83C30012070BD6FF0FF
:1041480010025A6100232B63202285F83D2085F850
:104158003E302A6C2A6485F83C300120EEE70020C6
:10416800ECE70000002800F0CC8070B5044690F819
:104178003D30002B77D0242384F83D302268136823
:1041880023F0010313602268136843F400431360AB
:104198002268136823F40043136001F0F3FC62689B
:1041A8005A4B9A4264D85A4B98428CBF0023012339
:1041B800002B40F0A8805749A1FB00318B0C2568E3
:1041C8006A6822F03F0242EA91426A6021680A6AFC
:1041D80022F03F0266684D4DAE424FD8013313437B
:1041E8000B622168CA6922F44F4222F0FF02666816
:1041F800464B9E424CD8431E7600B3FBF6F3013380
:1042080040F6FC70034278D0C3F30B031343CB6131
:1042180021680B6823F0C003E269206A0243134354
:104228000B6021688B6823F4034323F0FF032269A2
:10423800E068024313438B602168CB6823F0FF03D7
:104248006269A06902431343CB602268136843F094
:104258000103136000202064202384F83D3020638C
:1042680084F83E0070BD80F83C30FDF767FA82E7BD
:10427800294B98428CBF0023012399E74FF4967588
:1042880005FB03F3254DA5FB03539B090133A6E763
:10429800A368BBB9451E06EB460CB5FBFCF501351A
:1042A800C5F30B05B5FA85F56D0945BBC3B90138EA
:1042B80006EB4603B0FBF3F30133C3F30B0343F4FC
:1042C8000043A3E7451E06EB860C0CEB8C0CB5FBF4
:1042D800FCF50135C5F30B05B5FA85F56D09E4E77D
:1042E800013806EB860303EB8303B0FBF3F30133DA
:1042F800C3F30B0343F4404388E7042386E7012311
:1043080084E7012070470120ACE700BFA0860100C8
:104318007F841E0083DE1B43FF083D00D34D6210DF
:104328002DE9F04383B004460F46904699460C9E0B
:10433800FEF788F8054694F83D00C0B2202803D05F
:10434800022003B0BDE8F0830095192301224B49F0
:104358002046FFF7D3FC002840F0898094F83C30D1
:10436800012B00F08680012384F83C3023681A680A
:1043780012F0010F03D11A6842F001021A60226894
:10438800136823F400631360212384F83D3040232D
:1043980084F83E30002323640A9B6362BDF82C3006
:1043A8006385638D2385364BE362019500964B4602
:1043B800424639462046FFF75FFD00285BD1238D32
:1043C800002B35D02A4631462046FFF72AFD20BB70
:1043D800626A236812781A61626A531C6362218DCB
:1043E800013989B22185638D9BB2013B9BB26385FC
:1043F8002368586910F0040FE1D00029DFD0527803
:104408001A61636A01336362238D013B2385638DDF
:104418009BB2013B9BB26385D1E7236C042B01D08F
:1044280001208EE72268136843F400731360F7E7EE
:104438002A4631462046FFF735FE50B1236C042B3F
:1044480001D001207DE72268136843F400731360EC
:10445800F7E72268136843F400731360202384F895
:104468003D30002384F83E3084F83C3069E7022070
:1044780067E7022065E7012063E700BF020010003C
:104488000000FFFF2DE9F04387B004460F46904631
:104498009946109EFDF7D6FF054694F83D00C0B238
:1044A800202804D00227384607B0BDE8F0830095DD
:1044B8001923012288492046FFF720FC002840F0F4
:1044C800438194F83C30012B00F04081012384F8AB
:1044D8003C3023681A6812F0010F03D11A6842F0C1
:1044E80001021A602268136823F400631360222310
:1044F80084F83D30402384F83E30002323640E9B2B
:104508006362BDF83C306385638D2385734BE3623A
:10451800019500964B46424639462046FFF718FD5E
:104528000746002840F01481238D5BB90293236865
:104538005A6902929A690292029A1A6842F40072BF
:104548001A6075E0012B0AD0022B1AD000230593BC
:1045580023685A6905929B690593059B68E0226860
:10456800136823F4806313600023039323685A6954
:1045780003929A690392039A1A6842F400721A60C5
:1045880056E02268136823F4806313602268136876
:1045980043F4006313600023049323685A69049268
:1045A8009B690493049B43E02A4631462046FFF763
:1045B800A3FD002840F0CE8023681A69636A1A7048
:1045C800636A01336362238D013B2385638D9BB24C
:1045D800013B9BB263852BE000953346002240499E
:1045E8002046FFF78BFB002840F0B680226813684E
:1045F80043F40073136023681A69636A1A70626A65
:10460800531C6362238D013B2385638D9BB2013B61
:104618009BB2638523681B695370636A01336362C5
:10462800238D013B2385638D9BB2013B9BB2638540
:10463800238D002B7FD0032B54D8012BB4D0022B11
:10464800CAD000953346002225492046FFF756FB7D
:10465800002840F083802268136823F48063136085
:1046680023681A69636A1A70636A01336362238D67
:10467800013B2385638D9BB2013B9BB2638500950B
:104688003346002216492046FFF738FB002867D139
:104698002268136843F40073136023681A69636A15
:1046A8001A70626A531C6362238D013B2385638DF4
:1046B8009BB2013B9BB2638523681B695370636A95
:1046C80001336362238D013B2385638D9BB2013BDC
:1046D8009BB26385ACE700BF020010000000FFFF3B
:1046E800040001002A4631462046FFF705FD002850
:1046F80038D123681A69636A1A70626A531C636244
:10470800238D013B2385638D9BB2013B9BB263855F
:104718002368596911F0040F8AD01B695370636AC2
:1047280001336362238D013B2385638D9BB2013B7B
:104738009BB263857CE7202384F83D30002384F80E
:104748003E3084F83C30AEE60227ACE60227AAE603
:104758000127A8E60127A6E60127A4E60127A2E685
:104768000127A0E601279EE630B482B00024019418
:1047780090F83D40E4B2202C5CD1314C2468E40828
:10478800304DA5FB0454240A04EB840404EB840490
:104798000194019C013C0194019C002C3BD00468CD
:1047A800A56915F0020FF4D190F83C50012D45D0C1
:1047B800012580F83C50256815F0010F03D12568C4
:1047C80045F00105256005682C6824F400642C6018
:1047D800212480F83D40402480F83E4000240464B1
:1047E800049D4562BDF814504585458D0585164DD7
:1047F800C56241648264C36404650268136843F453
:104808008073136080F83C400268536843F4E063A7
:10481800536020460FE000230363202280F83D20E8
:1048280080F83E30026C42F02002026480F83C308E
:10483800012000E0022002B030BC70470220FAE7F5
:104848000000002089B5F8140000FFFF30B482B0E2
:104858000024019490F83D40E4B2202C63D1354CFB
:104868002468E408344DA5FB0454240A04EB8404AA
:1048780004EB84040194019C013C0194019C002CEC
:1048880042D00468A56915F0020FF4D190F83C50A5
:10489800012D4CD0012580F83C50256815F0010FFA
:1048A80003D1256845F00105256005682C6824F4C6
:1048B80000642C60222480F83D40402480F83E406B
:1048C80000240464049D4562BDF814504585458D57
:1048D80005851A4DC56241648264C3640465026833
:1048E800136843F4806313600268136843F48073A9
:1048F800136080F83C40038D23B10268536843F489
:10490800E063536000200FE000230363202280F857
:104918003D2080F83E30026C42F02002026480F8AC
:104928003C30012000E0022002B030BC7047022079
:10493800FAE700BF0000002089B5F8140000FFFF67
:1049480070477047704708B590F83D30DAB2438D2C
:104958009BB283B1416A036809781961436A0133DC
:104968004362438D9BB2013B9BB24385438D9BB20F
:104978000BB9292A00D008BD0268536823F4806364
:10498800536021230363282380F83D30FFF7DAFFC3
:10499800F1E7704708B590F83D30DAB2438D9BB225
:1049A80083B103681969436A1970436A0133436222
:1049B800438D9BB2013B9BB24385438D9BB20BB9A0
:1049C8002A2A00D008BD0268536823F48063536024
:1049D80022230363282380F83D30FFF7DAFFF1E74D
:1049E800704700B583B090F83D3003F02803282BBA
:1049F8000CD00023019302685169019192690192D8
:104A0800019A80F83C3003B05DF804FB02685368F3
:104A180023F48063536011F0040F0BD0002311F0CE
:104A2800800F09D18289002180F83C101946FFF7D0
:104A3800D7FFE8E70123F2E7028BF4E770470000AD
:104A480008B590F83D30DBB2C26A082A01D0202AA6
:104A580001D1282B06D0212B1ED003686FF4806269
:104A68005A6108BD1A4BC3620268536823F4E063B5
:104A7800536003686FF480625A610268136823F414
:104A88008063136000230363202280F83D2080F8B0
:104A98003E30FFF7D3FFE4E70D4BC36221230363E6
:104AA800202380F83D30002380F83E3002685368A8
:104AB80023F4E063536003686FF480625A6102680C
:104AC800136823F480631360FFF73CFFC9E700BF56
:104AD8000000FFFF704708B5C26A90F83D30DBB2AE
:104AE800212B00D008BD438D9BB263B1426A036895
:104AF80012781A61436A01334362438D9BB2013BCA
:104B08009BB24385EEE7082A04D0202A02D012F58A
:104B1800803F19D10268536823F4E0635360026848
:104B2800136843F40073136000230363202380F8A1
:104B38003D3090F83E30DBB2402B15D0002380F892
:104B48003E30FFF7FDFECDE70268536823F4E063CB
:104B5800536011230363002380F83E30202380F83C
:104B68003D30FFF7EDFEBDE7002380F83E30FFF74C
:104B7800B1FFB7E708B590F83D30026D9AB9C36C3C
:104B8800012B08D0836CC3F3072302681361036DFC
:104B98000133036508BD836C0268DBB21361036DE2
:104BA80002330365F6E7DBB2026D012A23D0026DFA
:104BB800022AEFD1222B26D0428D92B20AB1212BA4
:104BC8002AD0428D92B2002AE4D1212BE2D1026888
:104BD800536823F4E06353600268136843F4007376
:104BE800136000230363202280F83D2080F83E30C4
:104BF800FFF770FFCEE7836C0268DBB21361036DC9
:104C080001330365C6E70268136843F480731360D1
:104C1800036D01330365BDE7426A036812781A61C0
:104C2800436A01334362438D9BB2013B9BB2438588
:104C3800B0E710B590F83D30DBB290F83E20D2B224
:104C4800C46A018D09B9212B04D0212B3BD0402AFD
:104C580037D010BD082C04D0202C02D014F5803F8A
:104C680019D10268536823F4E0635360026813683B
:104C780043F40073136000230363202380F83D305E
:104C880090F83E30DBB2402B15D0002380F83E3040
:104C9800FFF756FEDDE70268536823F4E0635360CC
:104CA80011230363002380F83E30202380F83D3031
:104CB800FFF746FECDE7002380F83E30FFF70AFFF6
:104CC800C7E7222BC5D1438D9BB22BB90268536825
:104CD80023F480635360BCE790F83E30DBB2402B8E
:104CE8000CD0426A036812781A61436A013343623E
:104CF800438D9BB2013B9BB24385AAE7FFF73AFF7E
:104D0800A7E7704708B5C26A438D9BB2042B14D03D
:104D1800438D9BB2032B22D0438D9BB2022B39D0FB
:104D280003681A69436A1A70436A01334362438D00
:104D38009BB2013B9BB2438510E00268536823F4A1
:104D48008063536003681A69436A1A70436A0133BF
:104D58004362438D9BB2013B9BB2438508BD01680A
:104D68004B6823F480634B60042A06D0022A04D0DF
:104D78000268136823F48063136003681A69436A3E
:104D88001A70436A01334362438D9BB2013B9BB265
:104D98004385E3E7012A0BD0102A09D0042A38D02A
:104DA800022A36D00268136843F40073136004E0E3
:104DB8000268136823F48063136003681A69436AFE
:104DC8001A70426A531C4362438D9BB2013B9BB2EB
:104DD800438503681B695370436A01334362438DFB
:104DE8009BB2013B9BB243850268536823F440732E
:104DF8005360202380F83D3090F83E30DBB2402BE2
:104E08000DD0002380F83E3012230363FFF799FD8D
:104E1800A4E70268136843F480631360CDE70023B6
:104E280080F83E300363FFF76CFF97E7704790F810
:104E38003D30DBB2222B00D0704710B50446438DBD
:104E48009BB2032B15D903681A69436A1A70436A1F
:104E580001334362438D9BB2013B9BB24385438D33
:104E68009BB2032B0FD10268536823F4806353600D
:104E780009E0C26A022A01D0012B05D922685368C9
:104E880023F48063536010BDFEF7ECFE00282ED19A
:104E98002268136823F4806313602268536823F43C
:104EA800E063536023681A69636A1A70636A01339E
:104EB8006362638D9BB2013B9BB26385202384F8B8
:104EC8003D3094F83E30DBB2402B08D0002384F804
:104ED8003E30122323632046FFF733FDD3E7002338
:104EE80084F83E3023632046FFF70BFFCBE72268A8
:104EF800536823F4E063536023681A69636A1A707D
:104F0800636A01336362638D9BB2013B9BB2638525
:104F1800202384F83D30002384F83E302046FFF7F4
:104F280085FFB0E77047000000B583B00023019308
:104F3800806B90F83D20D2B2324B1B68DB083249B7
:104F4800A1FB03131B0A03EB8303C3EBC303019306
:104F5800019B43B1019B013B019303681B6813F458
:104F6800007FF5D103E0036C43F020030364436B37
:104F78000BB10021D963836B0BB10021D9630168A0
:104F88000B6823F480630B6000234385436B0BB1EC
:104F980000211965836B0BB10021196501680B6845
:104FA80023F001030B6090F83D30DBB2602B0ED08C
:104FB80002F02802282A14D0202380F83D3000234C
:104FC80080F83E30FFF732FF03B05DF804FB202382
:104FD80080F83D30002380F83E300364FFF7A2FFDD
:104FE800F2E70268136843F001031360026813686C
:104FF80043F48063136000230363282380F83D3063
:10500800E0E700BF0000002089B5F81410B5044699
:1050180090F83D30DBB290F83E20D2B2102A36D05C
:10502800402A34D003F02802282A38D0226852684F
:1050380012F4006F07D1602B05D0202384F83D308F
:10504800002384F83E300023236323685A6812F44F
:10505800006F48D05A6822F400625A60626B92F876
:105068003530DBB2012B20D0444B1365606BFEF763
:1050780070FA002849D02268136823F001031360EE
:10508800202384F83D30606B036D98473DE0222B68
:10509800C8D121680A6822F400620A60C2E70023C6
:1050A8002363282384F83D30CFE7A36B334A1A657E
:1050B800A06BFEF74EFA40B323685A6912F0400F0E
:1050C80005D01A69636A1A70636A013363622268D9
:1050D800136823F001031360202384F83D30A06B8C
:1050E800036D984711E094F83D20D2B2602A1FD092
:1050F8005A6912F0400F05D01A69636A1A70636A18
:10510800013363622046FFF791FE236C13F00F0F03
:1051180004D02268536823F4E063536094F83D3068
:10512800DBB2226C12F0040F01D0282B18D010BD6E
:10513800202284F83D20002222645A6912F0400F90
:1051480005D01A69636A1A70636A01336362226858
:10515800136823F0010313602046FFF7E3FED4E74A
:10516800074BE36200232363202284F83D2084F860
:105178003E302046FFF762FCD9E700BF314F0008F8
:105188000000FFFF30B583B0044690F83D50EDB203
:105198000268536823F4E0635360002301930368B3
:1051A8005A6901921A6842F001021A60019B02686A
:1051B800136823F48063136003685A6812F4006F5D
:1051C80038D0222D21D02A2D1FD0426B1268526868
:1051D80092B24285428D92B21AB1026C42F0040238
:1051E80002645A6822F400625A60606BFEF7B2FAF1
:1051F80001281FD0636B444A1A65606BFEF7A9F952
:10520800C0B1606B036D984714E0A26B12685268D6
:1052180092B26285628D92B21AB1226C42F0040297
:1052280022645A6822F400625A60A06BFEF792FA70
:10523800012842D1638D9BB233B323685A6912F0B7
:10524800040F0AD01A69636A1A70636A01336362C9
:10525800638D9BB2013B9BB2638523685A6912F048
:10526800400F0AD01A69636A1A70636A013363626D
:10527800638D9BB2013B9BB26385638D9BB21BB16F
:10528800236C43F004032364236C13BB2A2D25D01D
:1052980094F83D30DBB2282B29D0236B222B01D088
:1052A800222D19D100232363202284F83D2084F87D
:1052B8003E302046FFF76DFB0EE0A36B124A1A65DD
:1052C800A06BFEF746F90028B4D0A06B036D984791
:1052D800B0E72046FFF79AFE03B030BD00232363F2
:1052E800282384F83D302046FFF753FBD0E7074BCF
:1052F800E36200232363202284F83D2084F83E30B3
:105308002046FFF79BFBE7E7314F00080000FFFF4F
:10531800F8B5044602685568C66A90F83E30DBB2B4
:1053280090F83D10C8B2102B13D0402B11D0236C2D
:10533800002B7AD05369002113F0020F78D015F4AE
:10534800007F75D0236C03B191692046FFF749FBB4
:10535800F8BDD2F818C0516911F0010705D1B6F5AA
:105368002A0FF5D0B6F12A4FF2D017B115F4007F05
:1053780029D111F0080F02D015F4007F2AD111F0BD
:10538800020F02D015F4007F28D11CF0040F31D091
:10539800526812F4006FDBD111F0800F05D015F4BC
:1053A800806F02D011F0040F1CD011F0040FCFD081
:1053B80015F4007FCCD0212818D0402BC8D1204626
:1053C800FFF7D8FBC4E72046FEF789FC2046FEF726
:1053D800BDFABDE72046FEF70DFBB9E72046FEF70C
:1053E8001EFBB5E72046FFF724FCB1E72046FFF790
:1053F80072FBADE7536813F4006FA9D111F0400FA9
:1054080005D015F4806F02D011F0040F09D011F007
:10541800040F9DD015F4007F9AD02046FFF772FC48
:1054280096E72046FFF703FD92E79169536983E702
:1054380013F0100F02D015F4007F18D121281AD0CC
:10544800292818D013F0400F05D015F4806F02D02A
:1054580013F0040F28D013F0040F3FF479AF15F4BC
:10546800007F3FF475AF2046FEF7ECFB70E720465F
:10547800FFF788FE6CE713F0800F05D015F4806FF6
:1054880002D013F0040F0BD013F0040F3FF460AFF9
:1054980015F4007F3FF45CAF2046FEF7C3FB57E7E7
:1054A8002046FFF750FA53E72046FFF773FA4FE715
:1054B800F8B5044603685D695F6890F83E20D2B28B
:1054C80015F4807F07D017F4807F3CD06FF480718B
:1054D8005961012600E0002615F4007F08D017F472
:1054E800807F05D046F0020623686FF40071596189
:1054F80015F4806F19D017F4807F16D0638D99B298
:1055080094F83D30DBB2206B202A1ED023686FF45C
:105518008061596146F00406102A01D0402A04D15E
:105528002268136843F40073136015F4006F08D001
:1055380017F4807F05D046F0080623686FF40062F0
:105548005A6186B9F8BD0026C6E70029DED1212BAD
:1055580005D0292B03D0282BD8D12128D6D12046F5
:10556800FFF76EFAE1E7236C1E4326642046FFF737
:105578004DFDE7E790F83D0070470000002800F077
:10558800E08170B582B00446036813F0010F3BD088
:105598009F4B9B6803F00C03042B2CD09C4B9B68FF
:1055A80003F00C03082B21D06368B3F5803F4FD07C
:1055B800B3F5A02F52D0964B1A6822F480321A60A5
:1055C8001A6822F480221A606368002B50D0FCF716
:1055D80039FF05468E4B1B6813F4003F14D1FCF7C6
:1055E80031FF401B6428F5D90320B1E1884B5B6883
:1055F80013F4800FD8D0864B1B6813F4003F03D0F8
:105608006368002B00F09F81236813F0020F54D0C9
:105618007F4B9B6813F00C0F3ED07D4B9B6803F0CB
:105628000C03082B33D0E368002B68D0794B012298
:105638001A60FCF707FF0546754B1B6813F0020F4D
:1056480054D1FCF7FFFE401B0228F5D903207FE167
:105658006F4A136843F480331360B5E76C4B1A68DC
:1056680042F480221A601A6842F480321A60ABE76A
:10567800FCF7E8FE0546664B1B6813F4003FC3D0F1
:10568800FCF7E0FE401B6428F5D9032060E1604B7D
:105698005B6813F4800FC6D15D4B1B6813F0020FD3
:1056A80003D0E368012B40F05081594A136823F076
:1056B800F803216943EAC1031360236813F0080F54
:1056C80042D063696BB3534B0122C3F8802EFCF7B9
:1056D800B9FE05464E4B5B6F13F0020F34D1FCF751
:1056E800B1FE401B0228F5D9032031E1484A13686E
:1056F80023F0F803216943EAC1031360DDE7454B52
:1057080000221A60FCF79EFE0546414B1B6813F009
:10571800020FD2D0FCF796FE401B0228F5D90320D1
:1057280016E13C4B0022C3F8802EFCF78BFE0546A1
:10573800374B5B6F13F0020F06D0FCF783FE401B5C
:105748000228F5D9032003E1236813F0040F77D06A
:105758002F4B1B6C13F0805F33D1002301932C4B2C
:105768001A6C42F080521A641B6C03F08053019348
:10577800019B0125284B1B6813F4807F23D0A36865
:10578800012B34D0052B38D0214B1A6F22F001029F
:105798001A671A6F22F004021A67A368002B3DD01B
:1057A800FCF750FE06461A4B1B6F13F0020F46D14A
:1057B800FCF748FE801B41F288339842F3D9032056
:1057C800C6E00025D6E7144A136843F480731360D3
:1057D800FCF738FE0646104B1B6813F4807FCED1C9
:1057E800FCF730FE801B0228F5D90320B0E0084AF8
:1057F800136F43F001031367CFE7054B1A6F42F0AD
:1058080004021A671A6F42F001021A67C5E700BF5F
:10581800003802400000474200700040FCF712FECA
:105828000646524B1B6F13F0020F08D0FCF70AFE16
:10583800801B41F288339842F3D9032088E0EDB900
:10584800A369002B00F08380484A926802F00C029A
:10585800082A51D0022B17D0454B00221A66FCF7B4
:10586800F1FD0446414B1B6813F0007F42D0FCF762
:10587800E9FD001B0228F5D9032069E03B4A136CB7
:1058880023F080531364DBE7394B00221A66FCF7D8
:10589800D9FD0546354B1B6813F0007F06D0FCF791
:1058A800D1FD401B0228F5D9032051E0E369226AA3
:1058B8001343626A43EA8213A26A5208013A43EA2E
:1058C8000243E26A43EA0263284A5360284B0122F2
:1058D8001A66FCF7B7FD0446244B1B6813F0007FDB
:1058E80006D1FCF7AFFD001B0228F5D903202FE0F5
:1058F80000202DE000202BE0012B2BD01B4B5B68F8
:1059080003F48001E269914226D103F03F02216A43
:105918008A4223D1616A47F6C0721A40B2EB811FEE
:105928001ED103F44031A26A5208013AB1EB024F8A
:1059380018D103F07063E26AB3EB026F14D1002050
:1059480006E001207047012002E0012000E000206D
:1059580002B070BD0120FBE70120F9E70120F7E75D
:105968000120F5E70120F3E70120F1E700380240C4
:105978000000474208B5254B9B6803F00C03042B35
:105988003FD0082B3FD1214B5A6802F03F025B6899
:1059980013F4800F12D01D4B5968C1F388111C48AD
:1059A8000023A1FB0001FBF749F9184B5B68C3F31F
:1059B800014301335B00B0FBF3F025E0134B59685A
:1059C800C1F3881C4FEA4C11B1EB0C006EEB0E0EC4
:1059D8004FEA8E1343EA90638101091A63EB0E03C1
:1059E800DB0043EA5173C90011EB0C0C43F10003CF
:1059F800990200234FEA8C2041EA9C51FBF71EF9DB
:105A0800D3E7034800E0034808BD00BF0038024060
:105A180040787D010024F400002800F09B8070B5D8
:105A28000D4604464F4B1B6803F007038B4208D210
:105A3800CBB24C4A1370136803F007038B4240F053
:105A48008B80236813F0020F17D013F0040F04D0D3
:105A5800454A936843F4E0539360236813F0080FB2
:105A680004D0414A936843F4604393603E4A936884
:105A780023F0F003A1680B439360236813F0010F30
:105A880032D06368012B21D09A1E012A25D9364AC3
:105A9800126812F0020F61D033498A6822F00302BB
:105AA80013438B60FCF7CEFC06462F4B9B6803F034
:105AB8000C036268B3EB820F16D0FCF7C3FC801BA3
:105AC80041F288339842F0D9032042E0264A12680E
:105AD80012F4003FE0D101203BE0234A126812F0A3
:105AE800007FD9D1012034E01E4B1B6803F0070367
:105AF800AB4207D9EAB21B4B1A701B6803F00703C5
:105B0800AB422DD1236813F0040F06D0164A9368D0
:105B180023F4E053E1680B439360236813F0080F04
:105B280007D0114A936823F46043216943EAC1030B
:105B38009360FFF71FFF0C4B9B68C3F303130B4ADB
:105B4800D35CD8400A4B18600A4B1868FCF72EFC47
:105B5800002070BD012070470120FAE70120F8E716
:105B68000120F6E7003C02400038024028D7000830
:105B78000000002008000020014B1868704700BF93
:105B88000000002008B5FFF7F7FF044B9B68C3F33C
:105B98008223034AD35CD84008BD00BF00380240C6
:105BA80038D7000808B5FFF7E7FF044B9B68C3F335
:105BB8004233034AD35CD84008BD00BF00380240D6
:105BC80038D700082DE9F04782B0054688461746C1
:105BD8001E46FCF737FC0A9B1B1A03EB0609FCF769
:105BE80031FC82462B4B1B68C3F3CB3309FB03F311
:105BF80001932B689C6838EA04030CBF4FF0010C32
:105C08004FF0000CBC4540D0B6F1FF3FF1D0FCF797
:105C180019FCA0EB0A0048450AD2B9F1000F07D0D9
:105C2800019A02B14A46019B013B01939146E0E784
:105C38002A68536823F0E00353606B68B3F5827FEA
:105C48000BD0AB6AB3F5005F14D0012385F851304F
:105C5800002385F85030032018E0AB68B3F5004FF7
:105C680002D0B3F5806FECD12A68136823F04003A3
:105C78001360E6E72A68136823F4005313602A6860
:105C8800136843F400531360DFE7002002B0BDE857
:105C9800F08700BF0000002010B584B00446164B02
:105CA8001868164BA3FB0030400D4FF47A7303FBC2
:105CB80000F003906368B3F5827F0BD0039BBBB100
:105CC800039B013B039323689B6813F0800FF5D176
:105CD80000200EE000920B46002280212046FFF7AC
:105CE80071FF30B1636D43F020036365032000E06A
:105CF800002004B010BD00BF00000020819F5E1688
:105D080010B582B004460B464168B1F5827F14D0C5
:105D18006168B1F5827F2AD1A168B1F5806F19D089
:105D28000092002280212046FFF74CFF30B3636DBC
:105D380043F020036365032020E08168B1F5004F3C
:105D480002D0B1F5806FE3D12068016821F04001ED
:105D58000160DDE70092002201212046FFF732FFB3
:105D680060B1636D43F020036365032006E0009291
:105D7800002201212046FFF725FF08B902B010BD17
:105D8800636D43F0200363650320F7E700285AD0CA
:105D980010B50446436A33B94368B3F5827F05D02A
:105DA8000023C36102E00023036143610023A3626F
:105DB80094F85130002B40D0022384F851302268E7
:105DC800136823F040031360636803F48273A268C6
:105DD80002F404421343E26802F4006213432269A6
:105DE80002F002021343626902F001021343A2693E
:105DF80002F400721343E26902F038021343226A84
:105E080002F080021343A26A02F40052216813438D
:105E18000B60638B03F00403626A02F010022168CE
:105E280013434B602268D36923F40063D3610020D5
:105E38006065012384F8513010BD84F85030204645
:105E4800FBF7C6FDB8E7012070472DE9F04383B0A2
:105E58001D4690F85030012B00F0D180044688464A
:105E68009146012380F85030FCF7ECFA074694F885
:105E78005160F6B2012E40F0AF80B8F1000F00F08B
:105E8800AC80B9F1000F00F0A880032384F85130EA
:105E980000236365C4F83080A4F83490A4F83690E1
:105EA800A363A387E38763642364A368B3F5004F00
:105EB8001ED023681A6812F0400F03D11A6842F006
:105EC80040021A60E368B3F5006F1CD0636813B131
:105ED800B9F1010F52D1226B236812781A73236B20
:105EE80001332363E38E9BB2013B9BB2E38645E01B
:105EF8002268136823F0400313602268136843F490
:105F080080431360D5E7636813B1B9F1010F16D167
:105F1800226B23681288DA60236B02332363E38ED3
:105F28009BB2013B9BB2E38609E0FCF78BFAC01BEE
:105F3800A84202D3B5F1FF3F59D1002D59D0E38EC5
:105F48009BB2002B33D023689A6812F0020FECD072
:105F5800226B1288DA60236B02332363E38E9BB2D1
:105F6800013B9BB2E386EAE7FCF76CFAC01BA84248
:105F780002D3B5F1FF3F3ED1002D3ED0E38E9BB258
:105F8800ABB123689A6812F0020FEDD0226B127839
:105F98001A73236B01332363B4F836C01FFA8CFCE1
:105FA8000CF1FF3C1FFA8CFCA4F836C0E6E73A4631
:105FB80029462046FFF770FE08B120236365A368D1
:105FC80033B901932368DA6801929B680193019BB6
:105FD800636D13B9002600E00226012384F85130CE
:105FE800002384F85030304603B0BDE8F083032620
:105FF800F3E70326F1E70326EFE70326EDE702269A
:10600800F1E72DE9F04383B01F460A9D90F8503020
:10601800012B00F01081044688469146012380F840
:106028005030FCF70FFA064694F85130DBB262683C
:10603800012B0AD0B2F5827F40F0E380A268002AE3
:1060480040F0E980042B40F0E880B8F1000F00F040
:10605800E680B9F1000F00F0E480002F00F0E38043
:1060680094F85130DBB2042B02D0052384F8513068
:1060780000236365C4F83890E787A787C4F83080A1
:10608800E786A7862364636423681A6812F0400FC2
:1060980003D11A6842F040021A60E368B3F5006F52
:1060A80011D063680BB1012F0BD1226B23681278D2
:1060B8001A73236B01332363E38E9BB2013B9BB2BC
:1060C800E38601276BE063680BB1012F0BD1226BCC
:1060D80023681288DA60236B02332363E38E9BB252
:1060E800013B9BB2E38601271CE023689A6812F003
:1060F800010F0ED0E28F92B25AB1DA68A36B1A8000
:10610800A36B0233A363E38F9BB2013B9BB2E3878C
:106118000127FCF797F9801BA84203D3B5F1FF3F8D
:1061280040F08380E38E9BB21BB9E38F9BB2002BB8
:1061380053D023689A6812F0020FD6D0E28E92B23A
:10614800002AD2D0002FD0D0226B1288DA60236BBD
:1061580002332363E38E9BB2013B9BB2E3860027A5
:10616800C3E723689A6812F0010F0ED0E28F92B24B
:106178005AB1DA68A36B1A70A36B0133A363E38F78
:106188009BB2013B9BB2E3870127FCF75BF9831BBA
:10619800AB4202D3B5F1FF3F49D1002D49D0E38E80
:1061A8009BB213B9E38F9BB2BBB123689A6812F014
:1061B800020FD6D0E28E92B2002AD2D0002FD0D0D1
:1061C800226B12781A73236B01332363E38E9BB21D
:1061D800013B9BB2E3860027C3E7324629462046A7
:1061E800FFF75AFD48B9A36863B901932368DA68D1
:1061F80001929B680193019B04E0202363650120C1
:1062080000E00220012384F85130002384F8503044
:1062180003B0BDE8F0830220F4E70220F2E7012092
:10622800F0E70120EEE70120ECE70320EAE703208E
:10623800E8E70320E6E70220EAE7000038B504466D
:1062480090F85000012800F09480012084F8500054
:1062580094F85100C0B26568012807D0B5F5827F6F
:1062680078D1A568002D7AD104287AD100297AD06E
:10627800002A7AD0002B7AD094F85100C0B20428B2
:1062880002D0052084F85100002060652163A386B0
:10629800E386A263A387E3872064606494F851309F
:1062A800DBB2042B1CD0E36C334A1A64E36C334A28
:1062B800DA63E36C324ADA64E36C00221A65216817
:1062C800E38F9BB2A26B0C31E06CFDF7C3F870B1A1
:1062D800636D43F010036365012084F851003AE0D0
:1062E800E36C284A1A64E36C274ADA63E1E7226818
:1062F800536843F001035360A26C00231364A26C3B
:10630800D363A26CD364A26C13652268E38E9BB23C
:106318000C32216BA06CFDF79DF898B923681A68B8
:1063280012F0400F03D11A6842F040021A60226846
:10633800536843F0200353602268536843F0020314
:10634800536008E0636D43F010036365012084F82F
:10635800510000E00220002384F8503038BD0220AC
:10636800F9E70220F7E70120F5E70120F3E701202C
:10637800F1E70220F2E700BFA563000841640008C6
:10638800B163000899630008D36300087047704739
:1063980008B5806BFFF7FBFF08BD704708B5806B39
:1063A800FFF7FBFF08BD704708B5806B02685368AC
:1063B80023F003035360436D43F010034365012347
:1063C80080F85130FFF7EFFF08BD38B50546846BFC
:1063D800FCF738F82B681B6813F4807F1ED102463F
:1063E80021684B6823F020034B60A3681BB96368DE
:1063F800B3F5827F16D021684B6823F001034B6008
:1064080064212046FFF77CFC08B120236365002344
:10641800E387012384F85130636D4BB92046FFF7B9
:10642800B5FF38BD21684B6823F003034B60E7E7ED
:106438002046FFF7B8FFF4E738B50546846BFCF74C
:1064480001F82B681B6813F4807F1BD10246216872
:106458004B6823F020034B6064212046FFF71CFCA7
:1064680018B1636D43F0200363652268536823F015
:10647800030353600023E386E387012384F8513044
:10648800636D1BB9204606F075FE38BD2046FFF740
:106498008AFFFAE710B4036A046A24F0010404626C
:1064A800846924F0F00C4CEA021223F00A030B432F
:1064B800826103625DF8044B704730B4046A24F0CB
:1064C800100404628469056A24F4407C4CEA022CB6
:1064D8002CF4704C1B039BB243EA0C0325F0A00577
:1064E800090101F0A00129438361016230BC7047B2
:1064F80010B4046A24F0100404628469036A24F462
:10650800704C4CEA023223F0A00343EA0113826183
:1065180003625DF8044B704730B4046A24F4807455
:106528000462C469056A24F0030C4CEA020C2CF0DE
:10653800F00C1B01DBB243EA0C0325F420650902C9
:1065480001F420612943C361016230BC704730B453
:10655800046A24F480540462C469056A24F4407C03
:106568004CEA022C2CF4704C1B039BB243EA0C033C
:1065780025F42045090301F420412943C361016240
:1065880030BC7047836823F070030B4343F0070364
:106598008360704790F83D30DBB2012B37D102237E
:1065A80080F83D300268D36843F00103D360036884
:1065B800194A934220D0B3F1804F1DD0A2F57C42F6
:1065C800934219D002F58062934215D002F5806299
:1065D800934211D002F5784293420DD002F57052E1
:1065E800934209D0A2F59432934205D01A6842F03A
:1065F80001021A60002070479A6802F00702062A12
:1066080007D01A6842F001021A6000207047012082
:1066180070470020704700BF000001407047704776
:106628007047704710B5044603681A6912F0020FE4
:1066380011D0DA6812F0020F0DD06FF002021A6161
:106648000123037703689B6913F0030F70D0FFF7EA
:10665800E6FF0023237723681A6912F0040F12D08B
:10666800DA6812F0040F0ED06FF004021A610223E8
:10667800237723689B6913F4407F5FD02046FFF798
:10668800CEFF0023237723681A6912F0080F12D06F
:10669800DA6812F0080F0ED06FF008021A610423AE
:1066A80023772368DB6913F0030F4ED02046FFF7EA
:1066B800B6FF0023237723681A6912F0100F12D04F
:1066C800DA6812F0100F0ED06FF010021A6108236A
:1066D80023772368DB6913F4407F3DD02046FFF71A
:1066E8009EFF0023237723681A6912F0010F03D055
:1066F800DA6812F0010F36D123681A6912F0800F98
:1067080003D0DA6812F0800F34D123681A6912F0C6
:10671800400F03D0DA6812F0400F32D123681A69AB
:1067280012F0200F03D0DA6812F0200F30D110BD1C
:10673800FFF774FF2046FFF773FF8AE72046FFF74D
:106748006DFF2046FFF76CFF9BE72046FFF766FFCB
:106758002046FFF765FFACE72046FFF75FFF2046BE
:10676800FFF75EFFBDE76FF001021A61204606F0F1
:10677800EDFDC1E76FF080021A61204600F0C5FA0E
:10678800C3E76FF040021A612046FFF74AFFC5E7EA
:106798006FF020021A61204600F0B6FAC7E7000041
:1067A8000368304A904212D0B0F1804F0FD0A2F562
:1067B8007C4290420BD002F58062904207D002F5ED
:1067C8008062904203D002F57842904203D123F0D0
:1067D80070034A681343234A90422AD0B0F1804F8D
:1067E80027D0A2F57C42904223D002F580629042E5
:1067F8001FD002F5806290421BD002F57842904289
:1068080017D002F57052904213D002F58062904280
:106818000FD002F5806290420BD0A2F598329042D8
:1068280007D002F58062904203D002F58062904260
:1068380003D123F44073CA68134323F080034A69E1
:10684800134303608B68C3620B688362054B9842ED
:1068580003D003F58063984201D10B6903630123D8
:10686800436170470000014040B310B5044690F8FA
:106878003D30F3B1022384F83D30214651F8040B32
:10688800FFF78EFF012384F8463084F83E3084F801
:106898003F3084F8403084F8413084F8423084F83E
:1068A800433084F8443084F8453084F83D30002083
:1068B80010BD80F83C30FBF72BFBDBE7012070476D
:1068C80040B310B5044690F83D30F3B1022384F884
:1068D8003D30214651F8040BFFF762FF012384F88D
:1068E800463084F83E3084F83F3084F8403084F8ED
:1068F800413084F8423084F8433084F8443084F8D6
:10690800453084F83D30002010BD80F83C30FBF75E
:106918001FFBDBE70120704770B49446046A24F03B
:10692800010404628469066A184DA8421CD0B0F1BB
:10693800804F19D0164A904216D002F580629042D4
:1069480012D002F5806290420ED002F57842904251
:106958000AD002F57052904206D0A2F594329042C5
:1069680002D044F0010203E024F0030242EA0C02E0
:1069780022F0F0021B01DBB2134326F00A0201F0F9
:106988000A0111438361016270BC70470000014035
:106998000004004038B590F83C30012B5AD004462A
:1069A8000D46012380F83C3052B1042A1AD0082A37
:1069B8002BD00C2A3BD00120002384F83C3038BD72
:1069C800CB684A6809680068FFF7A6FF22689369E0
:1069D80023F00C03936122689369A9680B439361C0
:1069E8000020E9E7CB684A6809680068FFF765FD99
:1069F8002268936923F44063936122689369A968C4
:106A080043EA012393610020D6E7CB684A68096806
:106A18000068FFF781FD2268D36923F00C03D36176
:106A28002268D369A9680B43D3610020C4E7CB6807
:106A38004A6809680068FFF78AFD2268D36923F469
:106A48004063D3612268D369A96843EA0123D3610B
:106A58000020B1E70220B2E710B4846824F47F4C28
:106A680042EA03220A4342EA0C0282605DF8044BC0
:106A7800704790F83C30012B78D010B504460123BC
:106A880080F83C30022380F83D300268936823F494
:106A98007F4323F0770393600B68602B4CD029D891
:106AA800402B54D00CD9502B22D1CA6849680068B1
:106AB800FFF7F0FC50212068FFF764FD002005E097
:106AC800202B0DD009D9302B0AD00120012384F8BE
:106AD8003D30002384F83C3010BD0BB1102B05D19C
:106AE80019462068FFF74EFD0020EFE70120EDE78B
:106AF8000120EBE7B3F5805F34D0B3F5005F0CD12C
:106B0800CB684A6889680068FFF7A6FF226893681F
:106B180043F4804393600020D8E7702B24D1CB68DE
:106B28004A6889680068FFF797FF2268936843F00E
:106B3800770393600020C9E7CA6849680068FFF7CF
:106B4800D7FC60212068FFF71DFD0020BEE7CA685A
:106B580049680068FFF79EFC40212068FFF712FD96
:106B68000020B3E70020B1E70120AFE7022070471B
:106B780010B50468A26822F070024B68134323F032
:106B880007030A681343A3604B68502B32D00BD914
:106B9800602B36D0702B43D10B698A68C9680068AE
:106BA800FFF75AFF00200FE0402B0ED001D901203B
:106BB8000AE0202B2CD003D9302B2FD1002003E062
:106BC80043B3102B28D1002010BD0B68052B29D00A
:106BD80003681C6A1A6A22F001021A620268936941
:106BE80023F0F003096943EA0113936103681C6207
:106BF8000020E9E70A6989680068FFF74BFC002074
:106C0800E2E70A6989680068FFF772FC0020DBE7A1
:106C18000020D9E70020D7E70120D5E70120D3E7F6
:106C28000120D1E70120CFE790F83C30012B22D09A
:106C380010B50446012380F83C30022380F83D302B
:106C4800FFF796FF80B92268D36823F04003D3602A
:106C58002268D36823F48043D360012384F83D304D
:106C6800002384F83C3010BD012084F83D00002347
:106C780084F83C30F7E702207047000090F83C3079
:106C8800012B3DD010B4012380F83C30022380F85A
:106C98003D3003685A689C6822F0700C0A6842EA22
:106CA8000C025A600368174A93421AD0B3F1804F16
:106CB80017D0A2F57C42934213D002F5806293422A
:106CC8000FD002F5806293420BD002F578429342CE
:106CD80007D002F57052934203D0A2F59432934242
:106CE80004D124F080044A6814439C60012380F88E
:106CF8003D30002380F83C3018465DF8044B70475F
:106D0800022070470000014070477047026802F196
:106D18000C0353E8003F23F0C0030C3242E8003173
:106D28000029F3D1202380F83D307047026802F132
:106D38000C0353E8003F23F490730C3242E800310F
:106D48000029F3D1026802F1140353E8003F23F04D
:106D58000103143242E800310029F3D1036B012BFF
:106D680005D0202380F83E30002303637047026873
:106D780002F10C0353E8003F23F010030C3242E801
:106D880000310029F3D1ECE790F83D30DBB2212B3C
:106D980001D0022070478368B3F5805F17D0036A7B
:106DA8005A1C02621A7803685A60C38C9BB2013B72
:106DB8009BB2C3844BB90268D36823F08003D360C5
:106DC8000268D36843F04003D3600020704703692A
:106DD800002BE4D1036A1B880268C3F308035360DD
:106DE800036A02330362E0E738B5044602681369B0
:106DF80023F44053C1680B4313618368026913434A
:106E080042691343C2691A430168CB6823F41643E5
:106E180023F00C031343CB600268536923F44073D7
:106E280081690B4353610368314A934206D002F5E6
:106E38008062934202D0FEF7A5FE01E0FEF7B2FEA3
:106E4800E369B3F5004F29D00021031849411B1805
:106E580041F10001C90041EA5371DB001818636869
:106E68004FEA83024FEA937341F10001F9F7E6FE16
:106E7800204DA5FB00325109642303FB11031B01BC
:106E88003233A5FB03235B0903F0F00202EB011286
:106E980003F00F03216813448B6038BD00230218E8
:106EA80043EB0301121841F10001C90041EA527194
:106EB800D200101841F10001626892185B41F9F79D
:106EC800BDFE0C4DA5FB00325109642303FB1103E1
:106ED800DB003233A5FB03235B095A0002F4F87286
:106EE80002EB011203F00703216813448B60D4E717
:106EF800001001401F85EB5158B310B5044690F8B7
:106F08003D300BB3242384F83D302268D36823F442
:106F18000053D3602046FFF767FF2268136923F404
:106F2800904313612268536923F02A03536122684E
:106F3800D36843F40053D36000202064202384F8EE
:106F48003D3084F83E3010BD80F83C30FBF7ACF89B
:106F5800D8E701207047000038B590F83D30DBB223
:106F6800202B38D10446002937D0002A37D090F892
:106F78003C30012B35D0012380F83C3001628284FB
:106F8800C28400250564212380F83D30436B1648F0
:106F9800D863636B15481864636B1548D864636BD2
:106FA8001D6520681346021D606BFCF753FA2368C1
:106FB8006FF040021A6084F83C50226802F1140312
:106FC80053E8003F43F08003143242E800310029BF
:106FD800F3D1002000E0022038BD0120FCE70120A9
:106FE800FAE70220F8E700BFFD6F000865700008A7
:106FF8007370000808B50346806B1B681B6813F4A0
:10700800807F1AD10023C384026802F1140353E875
:10701800003F23F08003143242E800310029F3D105
:10702800026802F10C0353E8003F43F040030C32BE
:1070380042E800310029F3D108BD06F0C4F9FBE7A6
:1070480008B50168CA6822F04002CA60202280F8A8
:107058003D2006F0B8F9002008BD704708B5806BE0
:10706800FFF7FBFF08BD7047704710B5846B2368B6
:107078005A6994F83D30DBB2212B10D023685A6945
:1070880002F0400294F83E30DBB2222B11D0236C80
:1070980043F0100323642046FFF7E6FF10BD02F01B
:1070A8008002002AEAD00023E3842046FFF72EFE60
:1070B800E4E7002AEBD00023E3852046FFF736FEFD
:1070C800E5E708B5806B0023C385C384FFF7CCFFD1
:1070D80008BD704790F83E30DBB2222B67D1836839
:1070E800B3F5805F4DD0826AB3F5805F04D0002B82
:1070F80054D10369002B51D103685B681370836A0C
:1071080001338362C38D9BB2013B9BB2C385002BC5
:107118004FD100B583B00268D36823F02003D36051
:107128000268D36823F48073D3600268536923F03C
:1071380001035361202380F83E30036B012B33D1C8
:1071480000230363026802F10C0353E8003F23F0B5
:1071580010030C3242E800310029F3D103681A68A1
:1071680012F0100F06D0002201921A6801925B6893
:107178000193019B818DFFF7ACFF002003B05DF800
:1071880004FB0269002AAED1826A03685B68C3F314
:1071980008031380836A02338362B3E703685B687A
:1071A80003F07F031370AAE706F00CF9E5E7022065
:1071B800704700207047000030B583B0044602686D
:1071C8001368D068516913F00F0505D113F0200F2B
:1071D80002D010F0200F19D12DB111F0010119D1F1
:1071E80010F4907F16D1216B01297DD013F0800F08
:1071F80003D010F0800F40F0158113F0400F03D03A
:1072080010F0400F40F0128103B030BD2046FFF768
:1072180061FFF9E713F0010F06D010F4807F03D067
:10722800226C42F00102226413F0040F04D019B159
:10723800226C42F00202226413F0020F04D019B14A
:10724800226C42F00402226413F0080F07D010F0F9
:10725800200F00D119B1226C42F008022264226C7E
:10726800002AD1D013F0200F02D010F0200F29D11E
:1072780023685B6903F04003226C12F0080F00D109
:1072880063B32046FFF752FD23685B6913F0400F94
:1072980020D0226802F1140353E8003F23F0400392
:1072A800143242E800310029F3D1A36B73B1614A6B
:1072B8001A65A06BFCF74DF90028A5D0A06B036DEB
:1072C8009847A1E72046FFF705FFD1E72046FFF7DB
:1072D800CBFE99E72046FFF7C7FE95E72046FFF764
:1072E800C3FE002323648FE713F0100F3FF47EAF33
:1072F80010F0100F3FF47AAF002301931368019345
:1073080053680193019B536913F0400F50D0A26B4F
:1073180013685B689BB2002B3FF476AFA18D99424E
:107328007FF672AFE385D369B3F5807F37D02268E3
:1073380002F10C0353E8003F23F480730C3242E857
:1073480000310029F3D1226802F1140353E8003F09
:1073580023F00103143242E800310029F3D12268F6
:1073680002F1140353E8003F23F04003143242E8CB
:1073780000310029F3D1202384F83E300023236311
:10738800226802F10C0353E8003F23F010030C328B
:1073980042E800310029F3D1A06BFCF790F8A18DE9
:1073A800E38D9BB2C91A89B22046FFF792FE2BE7FC
:1073B800A18DE38D9BB2C91A89B2E38D9BB2002BD4
:1073C8003FF422AF00293FF41FAF226802F10C03FB
:1073D80053E8003F23F490730C3242E80030002851
:1073E800F3D1226802F1140353E8003F23F00103AC
:1073F800143242E800300028F3D1202384F83E30CC
:1074080000232363226802F10C0353E8003F23F0B2
:1074180010030C3242E800300028F3D12046FFF771
:1074280058FEF1E62046FFF7AFFCEDE62046FFF7F1
:1074380007FEE9E6CB70000808B5806B036B012BEB
:1074480002D0FFF710FE08BD818D4908FFF741FE05
:10745800F9E708B50346806B1B681B6813F4807F47
:107468002BD10023C385026802F10C0353E8003FC7
:1074780023F480730C3242E800310029F3D102680A
:1074880002F1140353E8003F23F00103143242E8E9
:1074980000310029F3D1026802F1140353E8003FD8
:1074A80023F04003143242E800310029F3D12023AD
:1074B80080F83E30036B012B05D0036B012B0FD0F6
:1074C80005F080FF08BD026802F10C0353E8003F95
:1074D80023F010030C3242E800310029F3D1ECE725
:1074E800818DFFF7F6FDEDE7006C704730B583B08E
:1074F800044613468162828500250564222280F8AD
:107508003E20826B2048D063A26B20481064A26B97
:107518001F48D064A26B156520680A46011DA06B40
:10752800FBF798FF019523681A6801925B6801933D
:10753800019B84F83C5023695BB1226802F10C037B
:1075480053E8003F43F480730C3242E800310029CD
:10755800F3D1226802F1140353E8003F43F001031A
:10756800143242E800310029F3D1226802F11403F1
:1075780053E8003F43F04003143242E80031002949
:10758800F3D1002003B030BD5B74000841740008DB
:107598007370000808B590F83E30DBB2202B0DD18F
:1075A80071B17AB190F83C30012B0DD0012380F8ED
:1075B8003C3000230363FFF799FF00E0022008BD79
:1075C8000120FCE70120FAE70220F8E70023102257
:1075D8008B4213D210B410F803C08CEAD21C094CA9
:1075E80034F91CC08CEA022292B201339BB28B425E
:1075F800F1D3500080B25DF8044B7047500080B260
:10760800704700BFC43A002030B505464FF0000C63
:1076180010230FE015F80CE08EEA930E5FFA8EFE49
:107628001B029BB2124C34F81E0043400CF1010CB3
:107638005FFA8CFC5FFA81FEE645EBD8012A01D09F
:10764800062209E06A5C920002F47C725340F7E774
:107658005B009BB2013AD2B23AB113F4007FF7D083
:107668005B009BB283F08F03F4E7C3F3090030BDDE
:10767800C4380020002113E05B009BB2013A92B2AB
:107688004AB113F4804FF7D05B009BB283F48B436D
:1076980083F01903F2E7064A22F81130013189B262
:1076A800FF2903D8CB019BB20822E9E7704700BF46
:1076B800C43A0020002113E05B009BB2013A92B269
:1076C8003AB113F4007FF7D05B009BB283F08F03CD
:1076D800F4E7C3F30903064A22F81130013189B2ED
:1076E800FF2903D88B009BB20822E9E7704700BF47
:1076F800C438002038B590B9C1B902210125154C0C
:10770800012A1DD001222046FCF71AF90122294638
:107718002046FCF715F90A2005F0BAFD38BD49B92D
:107728004FF400414FF480450B4CE9E70121022555
:10773800084CE5E74FF480414FF40045064CDFE77D
:107748002046FCF7FDF8002229462046FCF7F8F809
:10775800E1E700BF001002400008024070B506468D
:107768000D46002410E0012229463046FFF7C2FFEB
:10777800172005F08DFD002229463046FFF7BAFF95
:10778800172005F085FD0134112CECD970BD0000DF
:10779800F0B583B00C46064658BB174F0025019537
:1077A8000095130A8DF804308DF80520022101A8F0
:1077B800FFF70CFFC0F307238DF806308DF807009C
:1077C800012221463046FFF795FF0A2005F060FDAB
:1077D800142304220DEB02013846FEF736FB2A4635
:1077E80021463046FFF786FF0A2005F051FD03B019
:1077F800F0BD024FD2E700BF84040020DC04002063
:107808002DE9F0410F4615460446C0B9DFF8A880B7
:10781800180A27494FF4DE7204FB02F2942606FB8D
:1078280005228E188854737002213046FFF7CEFE69
:10783800C0F30723B370F0704FF0000C18E0DFF8C6
:107848007C80E5E703EBCC0104314FF4DE7004FBE8
:1078580000F0942202FB0500154A1044FF2242540E
:107868000133DBB2072BEDD90CF1010C5FFA8CFC6C
:10787800BCF1110F01D80023F4E701223946204654
:10788800FFF738FF0A2005F003FD94234FF4DE725A
:1078980002FB04F403FB0545064A2A4431464046E8
:1078A800FEF7CCFC0A2005F0F3FCBDE8F08100BF30
:1078B80000420020883E002084040020DC040020D0
:1078C8002DE9F047CAB08946144698460746F8B9E4
:1078D800DFF8D8A00026259690252A46314626A806
:1078E80005F082FE00962A46314601A805F07CFE86
:1078F800230A8DF894308DF89540022125A8FFF7CA
:1079080065FEC0F307238DF896308DF8970023E0C5
:10791800DFF89CA0DEE7131D03EBC40304EB44016E
:1079280005EB4101895C03F594736B4403F8941CDF
:107938000132D2B2052AEED9E400C0F3072204F5D9
:1079480099736B4403F8942C04F233130DEB03047E
:1079580004F8940C0136F6B2112E0DD86C2505FBEF
:107968000785344606EB46000022062105EB400059
:10797800FFF74AFE0022DDE7012249463846FFF7B5
:10798800B9FE0A2005F084FC142394220DEB0201B1
:107998005046FEF75AFA002249463846FFF7AAFE33
:1079A8000A2005F075FC4AB0BDE8F0878404002081
:1079B800DC0400202DE9F84F8B469DF828609DF8DF
:1079C8002C704FF0000C1DE046EA070848F0060846
:1079D8008AF80280224904EB44054FF06C0E0EFB36
:1079E80000FE0EEB45050D444FF0270985F803907E
:1079F8004FF0000985F8049085F805900CF1010C0A
:107A08005FFA8CFCBCF1110F22D8644642F084085E
:107A180013490CEB4C054FF06C0E0EFB00FE0EEB01
:107A2800450501EB050A01F805808AF80130012EA9
:107A3800CAD00CEB4C054FF06C0E0EFB00FE0EEBA3
:107A4800450507490D444FF0000E85F802E0C1E7EF
:107A5800034B01225946FFF733FFBDE8F88F00BFFB
:107A6800C43C00202DE9F047CCB08946144698461E
:107A78000746F8B9DFF8E4A00026279690252A469D
:107A8800314628A805F0B0FD02962A46314603A8DB
:107A980005F0AAFD230A8DF89C308DF89D4002213F
:107AA80027A8FFF793FDC0F307238DF89E308DF8C4
:107AB8009F0023E0DFF8A8A0DEE7131D03EBC40353
:107AC80004EB440105EB4101895C03F598736B44B1
:107AD80003F8941C0132D2B2052AEED9E400C0F3AF
:107AE800072204F59D736B4403F8942C04F23B13AE
:107AF8000DEB030404F8940C0136F6B2112E0DD8E0
:107B08006C2505FB0785344606EB46000022062156
:107B180005EB4000FFF778FD0022DDE749463846CF
:107B2800FFF71CFE012249463846FFF7E3FD0A200D
:107B380005F0AEFB14230093942302AA27A950460C
:107B4800FEF75FFA002249463846FFF7D3FD0A20C0
:107B580005F09EFB4CB0BDE8F08700BF8404002010
:107B6800DC0400202DE9F8432B4B1B78012B05D0B2
:107B7800294B01221A705525002232E0264B00229B
:107B88001A70AA25F8E700EBC003244C04EB430362
:107B980093F85A30AA2B28D100BF26E01346204C70
:107BA80006EB46074FF06C0C0CFB00FC0CEB470790
:107BB80004EB07094FF0000E04F807E0F02789F8F6
:107BC8000170FF2789F8027089F803E003EB43038B
:107BD8000CEB4303234483F8048089F805E0013261
:107BE800D2B2112A12D8552DCDD0164600EBC003BB
:107BF8000A4C04EB4303134493F85A8005EA080837
:107C08000029CBD1C2F11103DBB2C8E7044B24220F
:107C1800FFF728FFBDE8F883BC080020C008002053
:107C28009C3D00200B4699B930B101280DD0704712
:107C3800124B18540130C0B21128F9D97047C3F15A
:107C480011010E4AD1540133DBB2112BF7D9704719
:107C580048B10128EBD100230CE0C0F11102074B19
:107C68001A540130C0B21128F7D97047034AD354C7
:107C78000133DBB2112BF9D9D9E700BF743E0020DC
:107C8800112800D90020014B185C7047743E002071
:107C98000388C3F309020280980A70472DE9F04F60
:107CA8008DB082468B4600F5005393F86991C778EA
:107CB80009EB4903DBB2039300240A94ADF82C4086
:107CC800ADF826400894ADF824400594069407942E
:107CD800224681783846FFF70DFD06E02046FFF77B
:107CE800CFFFB54B18550134E4B2112CF6D9002357
:107CF80002931D469FE1F0184FF4DE7207FB02F273
:107D0800942101FB0922AD490A44115C03F13002B8
:107D18006A4402F8081C0133DBB2052BEBD9BBF12E
:107D2800000F55D0BBF1010F40F08381B9F1000F6E
:107D380000F0B880B9F1010F00F01681B9F1020F17
:107D480040F077819DF829209DF828309A4E0199B6
:107D5800745C43EA022303EB830003EB4000984B77
:107D6800A3FB0030C0F3CF004FEAC70807EBC703F7
:107D780004EB43040AEBC40404F5D553988105F0D9
:107D8800FBF904F5CC54A0819DF82D209DF82C30EA
:107D980043EA0223ADF8203007EE903AF8EE677A0E
:107DA8009FED887A67EE877ACDED057A0199735C45
:107DB800FCEEE77A08EB070203EB420303F5815375
:107DC8000AEB430317EE902ADA8032E10023A4E796
:107DD8009DF829209DF8283043EA0223ADF8203089
:107DE80007EE903AB8EE677ADFED766A27EE267AE4
:107DF8008DED057A9DF82B209DF82A3043EA022361
:107E0800ADF8223007EE903AF8EE677A67EEA67A78
:107E1800CDED067A039B052B11D89DF82D209DF8F2
:107E28002C3043EA0223ADF8243006EE903AF8EEFF
:107E3800666A9FED646A66EE866ACDED076A5E4BF8
:107E4800019A995CBCEEC77A07EBC70301EB4300C4
:107E5800039B03EBC0023C320AEB420217EE104AC6
:107E6800D4801A460133FCEEE77A03EBC0033C33B7
:107E78000AEB430317EE900AD880052A00F2D9804E
:107E8800931CDDED077AFCEEE77A07EBC70201EBFE
:107E9800420103EBC1033C330AEB430317EE902A7C
:107EA800DA80C6E09DF829209DF8283043EA0223AD
:107EB800ADF8203007EE903AF8EE677A9FED417AF8
:107EC80067EE877ACDED057A3B4E019BF45CFCEEBC
:107ED800E77A07EBC70304EB430404F6FC730AEBE9
:107EE800430317EE902ADA809DF82B209DF82A305C
:107EF80043EA022303EB830003EB4000DFF8C08072
:107F0800A8FB0020C0F3CF0004F555730AEBC303A8
:107F1800D88005F031F904F54C730AEBC303D88017
:107F28009DF82D209DF82C300199745C43EA0223BA
:107F380003EB830003EB4000A8FB0030C0F3CF0045
:107F4800FE00F31904EB43030AEBC30303F5D5530F
:107F5800188105F011F9F31904EB43030AEBC30385
:107F680003F5CC53188164E09DF829209DF828304A
:107F7800114901980C5C43EA022303EB830003EBED
:107F880040000F4BA3FB0030C0F3CF00FE0007EB0F
:107F9800C70304EB43030AEBC30303F5D553588126
:107FA80005F0EAF8F31904EB43030AEBC30303F5FE
:107FB800CC5358813DE000BF78450020883E002022
:107FC800CDCCCCCCCDCCCC3D012F00F09680674BEE
:107FD800019A995C029B58186C2202FB07A2024482
:107FE80042F29004135D0133DBB21355FF2B00F00E
:107FF800878007EBC70301EB4304039B03EBC40231
:108008003C320AEB420200209071D0711A460133CB
:1080180003EBC4033C330AEB43039871D871052A78
:1080280007D8931C03EBC4033C330AEB4303987152
:10803800D8710135EDB2112D00F295800195EE0051
:1080480006F10A03DFF828814FF4DE7407FB04F415
:10805800942000FB094408EB0402D15C06F10B03F1
:10806800D35C03EB0123ADF826300DF12600FFF7B2
:108078000FFE0436A019012206214044FFF7C4FA76
:10808800BDF8263083423FF4A1AEBBF1000F9BD070
:10809800BBF1010FCDD1012F36D0344B019A995C39
:1080A800029B58186C2202FB07A2024442F2B40455
:1080B800135D0133DBB21355FF2B28D0B9F1000F44
:1080C80029D107EBC70301EB430303F6FC700AEB66
:1080D800400000228271C27103F54C730AEBC3039E
:1080E8009A71DA7107EBC70301EB43010AEBC1018F
:1080F80001F5CC510A724A729BE71223029366E794
:108108001046FF22025574E712230293C5E7104672
:10811800FF220255D2E7B9F1010F18D0B9F1020FC9
:1081280087D107EBC70301EB43030AEBC30303F54E
:10813800CC5300221A735A7307EBC70301EB4303AE
:1081480003F581530AEB43039A71DA7171E707EB80
:10815800C70301EB43030AEBC30303F5CC53002227
:108168009A72DA7265E70DB0BDE8F08F78450020A5
:10817800883E002038B54FF45E742246002113482B
:1081880005F032FA22460021114805F02DFA114C6B
:1081980042F26A120021204605F026FAD8252A461E
:1081A80000210D4805F020FA2A4600210B4805F069
:1081B8001BFA00210846FFF735FDFFF75BFAFFF7CA
:1081C80079FA012384F84F3038BD00BF00420020FF
:1081D800883E0020C0080020C43C00209C3D0020B0
:1081E80030B501F50053002283F868212E4B5B7DE2
:1081F800012B42D0104645E0012404FA02F50CEBAD
:10820800CC0301EB4303734493F85A4024EA050472
:1082180083F85A400132D2B2072A1BD80CEBCC03A0
:108228000EEB430302EBC3033C3301EB4303DC884F
:10823800B0F84E309C42DFD9012404FA02F50CEB69
:10824800CC0301EB4303734493F85A402C4383F85F
:108258005A40DFE70EF1010E5FFA8EFEBEF1110FF4
:1082680001D80022D8E70CF1010C5FFA8CFCBCF1B4
:10827800010F17D84FF0000EF0E74FF0000CF6E7AB
:108288000130C0B201280DD80023112BF8D800EB1B
:10829800C00201EB42021A44002482F85A4001331A
:1082A800DBB2F2E730BD00BF88A1002010B51B4B40
:1082B800B3F8053013F0800F20D0184901F11803E6
:1082C800174A38311C68D3F804E0D3F808C0D868D6
:1082D8001460C2F804E0C2F808C0D060103310324D
:1082E8008B42EFD11B6813600E4B012283F8682183
:1082F8000C4B93F86831012B05D010BD0A490B4887
:10830800FFF76EFFF4E7084CA178E078FFF726FA4C
:10831800A178E078FFF726FCEFE700BF88A10020EE
:108328001A090020C0280020C0080020E09A002078
:1083380010B584B00D4B93E803000290ADF80C1013
:108348000B4CA178E078FFF709FA0022019200921D
:108358001346A178E078FFF72DFB4FF45872A17807
:10836800E078FFF715FA04B010BD00BF18D6000872
:10837800C008002030B583B005460B4B93E80300D6
:108388000090ADF80410094CA178E078FFF7E6F901
:1083980002AB03EB450333F8083C2A46A178E078A2
:1083A800FFF72EFA03B030BD18D60008C008002029
:1083B80000B583B00246094B93E803000090ADF87E
:1083C8000410074800F5005383F86921002211467C
:1083D800FFF764FC03B05DF804FB00BF18D6000883
:1083E800C008002010B582B0094B93E80300009044
:1083F800ADF80410074CA178E078FFF7AFF94FF417
:10840800A062A178E078FFF7C3F902B010BD00BF01
:1084180020D60008C008002030B583B005460B4BB5
:1084280093E803000090ADF80410094CA178E078B7
:10843800FFF794F902AB03EB450333F8083C2A46EF
:10844800A178E078FFF7DCF903B030BD20D600084A
:10845800C008002000B583B00246094B93E803002A
:108468000090ADF80410074800F5005383F869211F
:1084780000220121FFF712FC03B05DF804FB00BFE6
:1084880020D60008C0080020034B00221A70034BB6
:1084980001221A70704700BF8B4500208A450020D2
:1084A80008B540F696620021014805F09DF808BD20
:1084B8002C2A002010B4394A394BD3F882001060B6
:1084C800B3F8860093F88810908091711988A2F803
:1084D800071099799172197AD172D97A1173B3F810
:1084E8000910A2F80D1019692E48A0FB0101C1F36B
:1084F800CF01A2F80F10196B2B4880FB0140C91758
:10850800C1EB6011A2F81110B3F87A10A2F8131099
:10851800B3F84E10A2F81510B3F85010A2F81710BF
:10852800B3F855105183B3F95C10A2F81D10B3F9D4
:108538005E10A2F81F1093F8601093F8610001EB29
:10854800C1010C01011982F82110B3F9621051849C
:1085580093F8641093F8650001EBC1010C0101194F
:1085680082F82410B3F87C10A2F82510D86E0F4CAE
:10857800A4FB0010C00AC2F82700596CA4FB010133
:10858800C90AC2F82B10B3F87410A2F82F109B6E0A
:10859800C2F833305DF8044B704700BF94450020A3
:1085A800E09A0020CDCCCCCC1F85EB51C5B3A2916D
:1085B80010B582B04B4B1C78621C1A70032C5FD824
:1085C800DFE804F0023E054E474B1B780BB902B0BA
:1085D80010BD454B00221A70444B01221A70FFF758
:1085E80069FF434BB3F878304FF6FF72934214D0CB
:1085F8003F49B1F878203F4BA3FB02031B0A03EB6A
:108608004303D801131A9B013B4A1380B1F8762023
:108618003A4BA3F8312041220CE0A3F5C073344A49
:10862800A2F87830E4E7354B1B5D5340344AD25CFE
:108638000134E4B2362CF6D9304B83F83720C6E73C
:108648002A4B1B78002BC2D0382301932B4B009365
:108658001023294A1288A0212A48FCF785F8B6E792
:10866800224B1B78002BB2D038230193264B009362
:108678001023214A1288A0212248FCF7E7F8A6E730
:108688001A4B1B780BBB174B00221A709FE71B492C
:10869800C81890F83800C95C884200D0012201331C
:1086A800DBB2372BF3D91249B1F878300133A1F88E
:1086B80078306AB18B7913F0400FE4D143F040036E
:1086C8008B71094B01221A70DDE700221346E8E797
:1086D800074A937923F040039371044B00221A70E0
:1086E800D1E700BF8D4500200C0000200A4600207D
:1086F800E09A0020ABAAAAAA904500209445002041
:1087080048D700085C020020CC45002000B583B0A3
:10871800544B1B68544A12689A4207D0524A136055
:10872800524B1B786BB1524B01221A70514A137885
:10873800591C1170042B66D8DFE803F00641655018
:108748005F00FFF7B7FEEEE7494A12782AB1484AB8
:1087580000211170454A01211170444A1278002AFB
:1087680051D0404AB2F876204FF6FF718A4214D0B1
:108778003C4AB2F87610404AA2FB010292097420E2
:1087880000FB121202F5C07292013C4802800131CE
:108798003B4AA2F8311041210BE0743A3149A1F863
:1087A8007620E5E7364AD25C4A403649895C01338F
:1087B800DBB2362BF6D9324B83F8371023E02B4B3C
:1087C8001B7803B3382301932D4B009310232B4AB6
:1087D8001288A0212C48FBF7C7FF14E0234B1B7815
:1087E8008BB138230193294B00931023234A128815
:1087F800A0212548FCF72AF805E01C4B1B7893B903
:108808001C4B00221A7003B05DF804FB0133DBB285
:10881800372B0BD81A4AD11891F83810D25C9142EC
:10882800F4D00120F2E700200346F1E70D4AB2F840
:1088380076300133A2F8763040B90A4A937923F0AA
:1088480040039371094B00221A70D9E7937913F00A
:10885800400FD5D143F040039371054B01221A70A4
:10886800CEE700BFE09A0020044600200946002019
:10887800084600208C45002009CB3D8D8E45002000
:108888009445002048D700085C020020CC45002011
:1088980030B585B01446012803D002283DD005B074
:1088A80030BDB9B93A4BB3F87830B3F5C07F01D3CE
:1088B8004FF4C0732380364BB3F87820013A354B18
:1088C800A3FB02131B0A03EB4303A2EBC313324AB5
:1088D8001380E4E7304B1B884A1E934212D35D1A7B
:1088E8000135AD01ADB232230293382301930094D0
:1088F80010232A46A0212948FBF7C4FD0346002877
:10890800F1D107E05D1A05F28115AD01ADB2EAE7D4
:108918000133DBB2362BFBD9C1E7A1B91C4BB3F845
:108928007630732B00D974232380194BB3F8762043
:10893800013A1B4BA3FB02139B09742101FB132370
:10894800154A1380ABE7144B1B884A1E934213D376
:108958005D1A05F28115AD01ADB2322302933823B9
:108968000193009410232A46A0210C48FBF78AFDA6
:1089780003460028F1D107E05D1A05F2F515AD01AF
:10898800ADB2EAE70133DBB2362BFBD987E700BF8C
:10899800E09A0020ABAAAAAA924500205C02002017
:1089A80009CB3D8D02280BD0032810D0012800D018
:1089B8007047104B002283F8782083F8792070479D
:1089C8000C4B002283F8762083F877207047094BF8
:1089D800002283F8682083F8692083F86A2083F8E6
:1089E8006B2083F8782083F8792083F8762083F841
:1089F8007720DDE7E09A0020F0B58BB000250CE089
:108A0800954B03EB84034FF07E521A60934B03EBB4
:108A18008404002323600135EDB2032D00F2C780E2
:108A2800AEB205F5FA522C468D4B03EB8503920046
:108A380092B2142102910421019100931023A021E4
:108A48008848FBF71FFD0228EAD006F5FA520432DF
:108A5800854B03EB840314210291042101910093B7
:108A680010239200A0217F48FBF70CFD0228ECD0D0
:108A7800A7007B4B03EB84031868F7F705FD00227A
:108A88007A4BF7F759FD02460B46CDE9062300223B
:108A9800764BF7F799FB02460B46CDE90823F7F723
:108AA800E5FF714B3B44D3ED007AFDEEE77A17EE14
:108AB800903A80EAE072A2EBE072049283EAE371F2
:108AC800A1EBE3710591B2F5AF7F05DC42F21072BC
:108AD800914201DC58B953B9614B03EB84034FF061
:108AE8007E521A60604B03EB840300221A6006F57D
:108AF800FA520832584B03EB8403142102910421E3
:108B08000191009310239200A0215648FBF7BAFC6C
:108B18000228ECD006F5FA520C32504B03EB8403D2
:108B28001421029104210191009310239200A021A5
:108B38004C48FBF7A7FC0228ECD0A600464B03EBF9
:108B480084031868F7F7A0FC0022484BF7F7F4FCF9
:108B580002460B46CDE906230022444BF7F734FBC7
:108B680002460B46CDE90823F7F780FF3B4B334419
:108B7800D3ED007AFDEEE77A17EE903A80EAE072DC
:108B8800A2EBE072049283EAE371A1EBE371059131
:108B9800FA2A3FF735AF42F2107291423FF730AFF1
:108BA80000287FF438AF002B7FF435AF28E7142373
:108BB8000293042301932E4B0093102347F640524F
:108BC800A0212848FBF75EFC0228F0D0142302936A
:108BD80004230193274B0093102347F64452A02106
:108BE8002048FBF74FFC0228F0D0214B1868F7F714
:108BF8004BFC00221D4BF7F79FFC02460B46CDE9C4
:108C080006230022194BF7F7DFFA02460B46CDE997
:108C18000823F7F72BFF174BD3ED007AFDEEE77A21
:108C280017EE903A80EAE072A2EBE072049283EACF
:108C3800E371A1EBE3710591FA2A04DCB1F5FA6F4F
:108C480001DC38B933B90A4B4FF07E521A60094B30
:108C580000221A600BB0F0BD50A10020D09A00206D
:108C680040A100205C020020C09A002000408F40F4
:108C78003CA10020BC9A002000B585B014230293C3
:108C880003230193174B009310234FF4FE42A021B6
:108C98001548FBF7F7FB0028F0D1144B93F88A30FE
:108CA8000C2B03D9114B002283F88A200F4B93F821
:108CB8008B301F2B03D90D4B002283F88B201423F4
:108CC8000293022301930A4B0093102347F6037281
:108CD800A0210548FBF7D6FB0028F0D105B05DF8C8
:108CE80004FB00BF699B00205C020020E09A002082
:108CF800609B0020014B00221A7070470B46002031
:108D0800274B1B6913F4805F1ED00123244A126984
:108D180012F4005F1AD00122D3B903B96ABB93B920
:108D28008AB9204A13780133DBB213701D2B05D999
:108D380013461E221A701C4B00221A7000231B4A6D
:108D480013701B4A137070470023DFE70022E3E724
:108D5800002AE2D1154A13780133DBB213701D2BB8
:108D680005D913461E221A700F4B01221A700023D0
:108D78000F4A13700B4A137070470D4A137801336A
:108D8800DBB213701D2B05D913461E221A70064B31
:108D980002221A700023054A1370024A13707047A2
:108DA800000C02400C4600200B4600200D46002017
:108DB8000E46002008B5FFF7A3FF08BD10B5064B07
:108DC80020229A61054C22220021204604F00CFC46
:108DD8000123237210BD00BF00140240104600207A
:108DE80008B5827B0B78437207EE903AF8EE677A03
:108DF8009FED317A77EEC77A17EE903A036191F8D2
:108E080001C08B7843EA0C23438107EE903AF8EED1
:108E1800677A9FED2A7A67EE877A17EE903A436170
:108E2800CB7803F001034370CB78C3F3400383701E
:108E3800CB78C3F38003C370CB78C3F3C00303714B
:108E4800CB78C3F300134371CB78C3F3401383711A
:108E5800CB78C3F38013C3710B79037307EE903A91
:108E6800F8EE677A9FED167A67EE877A17EE903AF2
:108E780083614B79437307EE903AF8EE677AB6EE62
:108E8800007A67EE877A17EE903AC3618B7903F020
:108E98000F038373934208D00023C3730023037224
:108EA800F9F7D0FA074B186008BDC37BFF2BF5D044
:108EB8000133C373F2E700BF00005C420AD7233CCA
:108EC800CDCCCC3D3446002010B50446F9F7BAFAAB
:108ED800054B1B68C31AB3F5FA7F03D3012323722A
:108EE800014B186010BD00BF34460020C37B042B23
:108EF80046D90123C3734378012B44D0028C22F056
:108F0800010202848278012A42D0028C22F00202F5
:108F18000284C278012A40D0028C22F00402028422
:108F28000279012A3ED0028C22F00802028442799A
:108F3800012A3CD0028C22F0100202848279012A94
:108F48003AD0028C22F020020284C279012A38D059
:108F5800028C22F040020284027A012A36D0028C66
:108F680022F080020284012B35D0038C23F0800389
:108F78000384028C40F2EF131A4231D1002070476B
:108F88000023C373B7E7028C42F001020284B9E7F9
:108F9800028C42F002020284BBE7028C42F0040217
:108FA8000284BDE7028C42F008020284BFE7028C0B
:108FB80042F010020284C1E7028C42F020020284CF
:108FC800C3E7028C42F040020284C5E7028C42F0FB
:108FD80080020284C7E7038C43F080030384C8E758
:108FE8000120704710B50A4B5B78012B08D0094C5B
:108FF8002046FFF769FF2046FFF778FF012010BDE4
:10900800034B00225A7004490248FFF7E9FEEEE7D5
:10901800004F002010460020989A0020014B188C21
:10902800704700BF1046002010B5064C1F220021D3
:10903800204604F0D9FA0123A371034B40229A6118
:1090480010BD00BF384600200014024030B589B07A
:1090580000230493059306930793009301930293C7
:109068000393344B5B5CABB9324A01245454324A03
:10907800525C9A421BD9C417304D01EB810203EBB5
:10908800420205EBC20C45F83200CCF8044001332B
:10909800DBB2ECE72A4B5B5CC517284A01EB81047D
:1090A80003EB440302EBC30442F833006560244A2F
:1090B800535C0133DBB25354092B02D91346002207
:1090C8005A541D4A535C0133DBB25354092B02D95D
:1090D80013460A225A54002319E0184801EB81026A
:1090E80003EB420200EBC20450F83250606808AA51
:1090F80002EBC10454F8102C521954F80C5C40EBE4
:10910800050044F8102C44F80C0C0133DBB20A4A71
:10911800525C9A42E1D808AB03EBC104002354E93E
:109128000401F7F73BFD44F8200C44F81C1C09B077
:1091380030BD00BF60460020084700206846002078
:109148000C47002010B50446F9F77CF9054B1B685D
:10915800C31AB3F5FA6F03D30123A371014B186047
:10916800A07910BD58460020014BB3F8190070478C
:1091780038460020054BD3F8073007EE903AF8EE52
:10918800E77A9FED030A27EE800A704738460020E9
:109198006F12833A054BD3F80F3007EE903AF8EE8A
:1091A800E77A9FED030A27EE800A704738460020C9
:1091B8006F12833A10B52DED028B0446FFF7DAFFE4
:1091C800B0EE408AFFF7E6FFB5EEC08AF1EE10FA7E
:1091D8001DD4F0EE487AE378012B29D038EE408A86
:1091E800B5EEC08AF1EE10FA14D49FED147AF4EEBD
:1091F800C77AF1EE10FA10D5DFED117AB4EEE78AEE
:10920800F1EE10FA16DC0120BDEC028B10BDF1EE78
:10921800487AE0E7B1EE488AE7E79FED0A7A67EE19
:10922800877AB4EEE78AF1EE10FA05DC0120EBE765
:109238000020E9E70020E7E70020E5E700005C43BD
:1092480000003042CDCC4C3E10B50446C37D042B03
:109258003FD9012343716379012B3DD0B4F819300C
:1092680023F00103A4F81930A378032B3BD0B4F8FA
:10927800193023F00203A4F81930E378012B39D010
:10928800B4F8193023F00403A4F819302379012B1A
:1092980037D0B4F8193023F00803A4F81930A379AB
:1092A800012B35D0B4F8193043F04003A4F8193035
:1092B8001F48FFF77FFF90BBB4F8193043F0200335
:1092C800A4F81930B4F8193013F06F0F2ED100201C
:1092D80010BD00234371BEE7B4F8193043F0010311
:1092E800A4F81930C0E7B4F8193043F00203A4F821
:1092F8001930C2E7B4F8193043F00403A4F8193060
:10930800C4E7B4F8193043F00803A4F81930C6E7E5
:10931800B4F8193043F04003A4F81930C8E7B4F89A
:10932800193023F02003A4F81930CBE70120CFE748
:1093380038460020014BD3F81B0070473846002000
:109348004FF0000CFF230EE05B00DBB20132072A6E
:1093580007DC13F0800FF7D05B00DBB283F01D034E
:10936800F4E70CF1010C8C4504D210F80C205340A2
:109378000022ECE7DB43D8B27047000070B582B03A
:1093880004463A4B5E786B460868496803C39DF803
:109398000750257607216846FFF7D2FF85421DD082
:1093A80007232370D4F80B2031490B780133DBB243
:1093B8000B700A2B0AD90B46002119702D4B83FB21
:1093C8000213D217C2EBA302C4F81B200023A37117
:1093D800F9F738F8284B186002B070BD9DF80030D6
:1093E8001A096270C3F38102A270C3F34001E170ED
:1093F80003F001032371032A04D069BB23B10323BB
:10940800237001E0012323709DF801309DF80200CC
:10941800000240EA03439DF803001843A0F500004A
:10942800C4F807000021FFF711FEC4F80B009DF8EF
:1094380004309DF8050040EA0320A0F50040C4F878
:109448000F000121FFF702FEC4F813006378B3424E
:1094580005D00023E375A5E702232370D4E7E37D55
:10946800FF2B9FD00133E3759CE700BF38460020EF
:109478005C460020676666665846002010B50A4BB1
:109488001B78012B07D0094C2046FFF75BFE2046CE
:10949800FFF7DAFE10BD044B00221A700449034896
:1094A800FFF76CFFEFE700BF004F002038460020B1
:1094B800909A0020000000002DE9F04F87B00025A9
:1094C8000295039504950595072000F089FDA0F500
:1094D8007F563F3E082000F083FDA0F57F543F3CB7
:1094E8000121304602F00CFB06462946204602F0D0
:1094F80007FB05463046F6F7B5FF02460B46CDE9B1
:1095080002238DA3D3E90023F7F716F802460B468A
:10951800CDE90423F7F7AAFA0446774B18602846E2
:10952800F6F7A0FF02460B46CDE9022370A3D3E964
:109538000023F7F701F802460B46CDE90423F7F7B5
:1095480095FA82466D4B18602046F6F78BFF8046E9
:1095580089466B4F3868F6F797FF02460B46404638
:109568004946F6F731FEF7F781FAF6F77BFF04462E
:109578000D46644E3068F6F787FF02460B462046D4
:109588002946F7F703F9F7F771FA04465E4D2860A4
:10959800B868F6F779FF02460B4640464946F6F7A3
:1095A80013FEF7F763FAF6F75DFF80468946B06861
:1095B800F6F76AFF02460B4640464946F7F7E6F8D3
:1095C800F7F754FA8346A8605046F6F74BFF8046F3
:1095D80089467868F6F758FF02460B4640464946E2
:1095E800F6F7F2FDF7F742FAF6F73CFFCDE900018E
:1095F8007068F6F749FF02460B46DDE90001F7F708
:10960800C5F8F7F733FA82466860F868F6F73CFF62
:1096180002460B4640464946F6F7D6FDF7F726FAC6
:10962800F6F720FF80468946F068F6F72DFF0246D8
:109638000B4640464946F7F7A9F8F7F717FAE860E6
:10964800B4F5617F06DA1BF5617F03DD2F4B00223D
:109658001A6004E02E4B9C4230D82C4B1C602B4BDC
:109668001B68002BB8BF5B422A4A934201DD274B97
:109678001A60294BD3F801301BB9244B1A68274BC1
:109688001A63264B1B6B264A11680B441360254945
:109698000A780132D2B20A70092A0CD9224A82FB0E
:1096A8000312DB17C3EBA2031C4A536300231C4AB3
:1096B80013601C4A137007B0BDE8F08F0BF58A33AE
:1096C80003F25713194A934203D8104BC3F800B05A
:1096D800C5E7174B9A4503DD0C4BC3F800A0BEE75E
:1096E800144B9842BBDA094B1860B8E7AFF3008017
:1096F800D84BEC25F6124340B89A0020B49A0020C3
:10970800C09A002040A100201447002024470020D0
:109718005715010020A1070088A10020E09A002029
:10972800104700200D000020676666665615010088
:10973800870D010079F2FEFFD15CBA0F3DDC1640BF
:10974800084B00221A605A609A601A73064A074941
:109758001160074A88211170064A1A60D8221A72C5
:10976800704700BF28470020384700205C020020CF
:109778000E000020000020C210B5074C2D22002149
:10978800204603F031FFD8232370044BC4F8073078
:10979800012384F8223010BD3C470020000020C27D
:1097A80008B50B7803F0010303770B7813F0030374
:1097B80018BF012343770B78C3F3800383770B78B3
:1097C800C3F3C003C3770B78C3F3001380F82030CA
:1097D8000B78C3F3801380F8213091F801C0ACF105
:1097E800280C4FFA8CFC80F800C091F802E0CB7886
:1097F8004EEA032EA0F801E00B794A7943EA0223E6
:10980800A0F803308A79C97942EA0122A0F8052034
:1098180007EE90CAF8EEE77A17EE90CAC0F807C0CC
:1098280007EE90EAB8EE677A17EE101AC0F80B1038
:1098380007EE903AF8EE677A17EE903AC0F80F30D4
:10984800B4EEE77AF1EE10FA01D8F0EE477A17EEA7
:10985800903AC0F8133007EE902AF8EE677A9FED39
:10986800087A67EE877A17EE903AC0F81730002327
:1098780080F82230F8F7E6FD024B186008BD00BFFB
:10988800CDCCCC3D6C470020037F012B46D0B0F8EF
:109898002B3023F00103A0F82B30437F012B44D059
:1098A800B0F82B3023F00203A0F82B30837F012B74
:1098B80042D0B0F82B3023F00403A0F82B30C37F3C
:1098C800012B40D0B0F82B3023F00803A0F82B3040
:1098D80090F82030012B3DD0B0F82B3023F0100346
:1098E800A0F82B3090F82130012B3AD0B0F82B306B
:1098F80023F04003A0F82B3090F82230012B37D00A
:10990800B0F82B3023F48073A0F82B30B0F82B205C
:1099180040F25F131A4232D100207047B0F82B3062
:1099280043F00103A0F82B30B7E7B0F82B3043F031
:109938000203A0F82B30B9E7B0F82B3043F004034A
:10994800A0F82B30BBE7B0F82B3043F00803A0F8A1
:109958002B30BDE7B0F82B3043F01003A0F82B30C4
:10996800C0E7B0F82B3043F04003A0F82B30C3E732
:10997800B0F82B3043F48073A0F82B30C6E70120F1
:109988007047000010B50446F8F75CFD054B1B68EE
:10999800C31AB3F5FA7F04D3012384F82230014BAC
:1099A800186010BD6C47002010B50A4B9B78012B3E
:1099B80007D0094C2046FFF7E5FF2046FFF764FF74
:1099C80010BD044B00229A7004490348FFF7E8FED3
:1099D800EFE700BF004F00203C470020A09A00207E
:1099E800014BB3F82B0070473C470020030903EBF9
:1099F800830300F00F0000EB4300C0B27047000083
:109A08002DE9F04F85B0047890F80180877890F8B8
:109A180003900679457990F806B06B1EDBB20B2BE4
:109A280018D80022731EDBB21E2B00D9012209F1BF
:109A3800FF33DBB2062B00D90122172F00D90122F0
:109A4800B8F13B0F00D901223B2C00D822B105B058
:109A5800BDE8F08F0122E5E7DFF8E4A00023CAF8AB
:109A68000030CAF803301423029307230193CDF87A
:109A780000A00123DE213048FAF752FC2F4BA3FB4C
:109A88000412D1080A01D2B201EB8101A4EB41040E
:109A9800E4B2144344F080048AF80040A3FB08129F
:109AA800D2081101C9B202EB8202A8EB420841EACE
:109AB80008088AF80180A3FB0712D2081101C9B26D
:109AC80002EB8202A7EB42070F438AF8027049F0C3
:109AD80008098AF80390A3FB0612D2081101C9B23B
:109AE80002EB8202A6EB42060E438AF80460A3FB4F
:109AF8000512D2081101C9B202EB8202A5EB420598
:109B08000D438AF80550A3FB0B23DB081A01D2B2D8
:109B180003EB8303ABEB430313438AF806301423A8
:109B2800029307230193CDF800A001230022DE2130
:109B38000148FAF7F5FB8AE75C020020CDCCCCCCD3
:109B480074470020244A138801339BB21380092BE1
:109B580000D8704730B585B0044600221E4B1A80E5
:109B680014230293072301931C4B00930123DE2146
:109B78001B48FAF787FC58BB1A4B00221A70174D7E
:109B8800287800F07F00FFF731FF2070687800F038
:109B98007F00FFF72BFF6070A87800F01F00FFF729
:109BA80025FFA070EB7803F00703E370287900F035
:109BB8003F00FFF71BFF2071687900F01F00FFF7D7
:109BC80015FF6071A879FFF711FFA07105B030BDCE
:109BD800044B01221A70D2E7A247002074470020E4
:109BE8005C020020A047002030B585B06D4B1C7882
:109BF800032C00F29980DFE804F00225499932230A
:109C080002931C230193684B009301232022DE2139
:109C18006648FAF737FC412206E0634B1B5D534068
:109C2800634AD25C0134E4B21A2CF6D95E4BDB7E6F
:109C3800934203D05B4B01221A7075E0594B022204
:109C48001A7071E0142302931C230193564B00935E
:109C580001233C22DE215548FAF714FC4121002358
:109C680006E0514AD25C4A405149895C0133DBB273
:109C78001A2BF6D94C4BDB7E8B4203D0494B03227F
:109C88001A7051E0474B02221A704DE0464D6B683E
:109C9800484CA366AB68E366EB6823672B8AA4F895
:109CA80074306B8AA4F87630AB8AA4F87830D5F88B
:109CB8001630E36304F18200FFF744FF94F888202C
:109CC80002EB4202930094F8872013443A490B6050
:109CD800C3EB431394F8862013440B6003EB430350
:109CE800DA0094F884301A440A60C2EB0212930036
:109CF80094F8832013440B60C3EB03139A0094F881
:109D0800823013440B602A689B1A0B60B3F5076F07
:109D180002D34FF407620A60274B1A88254BA3F831
:109D28004820204B04221A7005B030BD214B002278
:109D380083F8682083F8692083F86A2083F86B2009
:109D480083F86C20442483F86D406FF06A0083F830
:109D58006E00082183F86F1083F8702083F8714033
:109D680083F8720083F8731083F8742083F87520E1
:109D780083F8762083F8772083F8782083F8792091
:109D8800702083F8480083F8491083F83C2083F852
:109D98003D2083F83E2083F83F20024B04221A70AE
:109DA800C2E700BF714700207C4700205C0200200A
:109DB80048D70008E09A00209C47002000B585B0ED
:109DC800424A13780133DBB213700A2B02D91346C7
:109DD80001221A703D4B1B78013B072B29D8DFE87D
:109DE80003F0042B512828282863837903EB4302C6
:109DF800437903EB820336490B60C3EB43130279C3
:109E080013440B6003EB4303827802EBC3030B603C
:109E1800C3EB0313427802EB83030B60C3EB03131A
:109E2800027802EB83030B602A4AB2F848209B1A97
:109E38000B6005B05DF804FB274B254A12681A60D1
:109E4800244A916E5960D16E9960116FD960B2F849
:109E580074101982B2F876105982B2F87810998283
:109E6800D26BC3F816204121002306E01A4AD25CBF
:109E78004A401A49895C0133DBB21A2BF6D9164BD2
:109E8800D976D6E71648FBF775FB2028D1D13223BF
:109E980002931C230193104B009301232022DE21FF
:109EA8000F48FAF73DFAC4E70D48FBF763FB202893
:109EB800BFD1322302931C230193074B0093012344
:109EC8003C22DE210648FAF72BFAB2E77047002059
:109ED80098470020E09A00207C47002048D70008D7
:109EE8005C02002030B587B000238DF817301423AA
:109EF8000293012301930DF1170200920322DE2140
:109F08002748FAF7BFFA9DF8173013F0080F17D053
:109F1800002414230293012301930DF117020092E8
:109F28000022DE211E48FAF7ADFA9DF817209DF9A8
:109F38001730002B06DB012534B9B5B900242BE016
:109F48000124E6E70025F7E742F008028DF817201C
:109F580014230293012301930DF1170200920322A7
:109F6800DE210F48FAF7DCF9E7E79DF8173063F0D0
:109F78007F038DF8173014230293012301930DF109
:109F8800170200920022DE210548FAF7C9F9D5E741
:109F9800FFF72AFE0134E4B2022CF9D907B030BD2C
:109FA8005C02002008B5042207490848F8F72AFB94
:109FB800032207490748F8F725FB02220649074804
:109FC800F8F720FB08BD00BFBC4700203C0000207C
:109FD800C447002084000020CC470020CC0000208B
:109FE8000C4BDA689AB10C4B5B8D40F6E44101FBEF
:109FF80003F3D208B3FBF2F3064A52F8200003FB3E
:10A0080000F08008054BA3FB00304009704740F67C
:10A01800E443F1E720490020007AFF1F9F00EE0982
:10A0280008B50720FFF7DCFFF6F71CFA05A3D3E90C
:10A038000023F6F781FAF6F741FD014B588108BD78
:10A04800A447002000000000F725F33F00000000AF
:10A0580008B50020FFF7C4FFF6F704FA05A3D3E913
:10A068000023F6F769FAF6F729FD014BD88008BDF9
:10A07800A447002000000000F725F33F000000007F
:10A0880008B50120FFF7ACFFF6F7ECF905A3D3E913
:10A098000023F6F751FAF6F711FD014B988008BD39
:10A0A800A4470020000000408172E43F0000000047
:10A0B80008B50220FFF794FFF6F7D4F905A3D3E912
:10A0C8000023F6F739FAF6F7F9FC014B588008BD7A
:10A0D800A4470020000000A02B72D43F000000001D
:10A0E80008B50320FFF77CFFF6F7BCF905A3D3E911
:10A0F8000023F6F721FAF6F7E1FC014B188008BDBA
:10A10800A447002000000020C1C1D13F000000008A
:10A1180010B50420FFF764FF0446F6F7A3F9F6F735
:10A12800EDFC07EE100ADFED127A27EE277ADFED55
:10A13800116AC7EE267A9FED107A67EE877A9FED4F
:10A148000F7A67EE877A17EE900AF6F79DF906A35D
:10A15800D3E90023F6F7F0F9F6F7B0FC084B98813D
:10A168005C8210BDAFF3008000000040E17A843FBC
:10A1780000404E4500FEFF460080BC436155413F0C
:10A18800A44700200000000010B50520FFF728FFB5
:10A198000446F6F767F9F6F7B1FC07EE100ADFEDAB
:10A1A800127A27EE277ADFED116AC7EE267A9FED3D
:10A1B800107A67EE877A9FED0F7A67EE877A17EE47
:10A1C800900AF6F761F906A3D3E90023F6F7B4F984
:10A1D800F6F774FC084BD8819C8210BDAFF3008061
:10A1E80000000040E17A843F00404E4500FEFF46F3
:10A1F8000080BC43CC463F3FA4470020000000003D
:10A2080010B50620FFF7ECFE0446F6F72BF9F6F733
:10A2180075FC07EE100ADFED127A27EE277ADFEDDC
:10A22800116AC7EE267A9FED107A67EE877A9FED5E
:10A238000F7A67EE877A17EE900AF6F725F906A3E4
:10A24800D3E90023F6F778F9F6F738FC084B1882BB
:10A25800DC8210BDAFF3008000000040E17A843F4B
:10A2680000404E4500FEFF460080BC436155413F1B
:10A27800A44700200368584A93422AD010B4574A8A
:10A2880093423BD0564A934200F08F805DF8044BCE
:10A298007047544A1268544931F8130003EBC3015C
:10A2A8001144524A42F82100514951F823200244EE
:10A2B80041F823200133DBB2032BEAD9494A13685A
:10A2C80001331360082B02D9134600221A600023B9
:10A2D80011E00023F0E703EBC302424909680A448E
:10A2E800424951F82200424951F82320121A41F8F4
:10A2F80023200133DBB2032BEDD970470023022B57
:10A3080014D83C4A12683C4931F8134003EBC301A6
:10A3180011443A4A42F82140181D354951F8202085
:10A32800224441F820200133DBB2E8E7314A1368C0
:10A3380001331360082B02D9134600221A60002348
:10A34800022BA3D8181D03EBC3022A4909680A4443
:10A358002A4951F82240264951F82020121B41F879
:10A3680020200133DBB2EBE7254A1268254931F892
:10A37800134003EBC3011144234A42F82140D81D7E
:10A388001B4951F82020224441F820200133DBB238
:10A39800012BE9D91A4A136801331360082B02D933
:10A3A800134600221A60002312E00023F0E7D81DAC
:10A3B80003EBC302124909680A44134951F82240C1
:10A3C8000B4951F82020121B41F820200133DBB241
:10A3D800012BECD95AE700BF0020014000210140C1
:10A3E8000022014060480020BC470020D0470020E0
:10A3F80020490020D0480020C4470020644800209D
:10A408001C490020CC470020D4480020014B9889E3
:10A41800704700BFA4470020014BD889704700BF90
:10A42800A4470020014B188A704700BFA4470020AA
:10A4380010B5084C4FF4CE720021204603F0D4F832
:10A44800054B4FF480429A61C82221460348FDF724
:10A45800A1F810BD604D00200004024074080020DF
:10A46800014B93F89B017047604D002070B53E4D3D
:10A4780042F2A65302FB03F3EC1804F516542468C1
:10A4880003EB441305EB030C0668EE504368CCF865
:10A4980004308368CCF80830C368CCF80C30036902
:10A4A800CCF81030037D8CF8143000230EE011F83E
:10A4B80003E042F2A65002FB00F000EB441C2A48DD
:10A4C8006044184480F818E00133DBB2072BEED95A
:10A4D8000134254B42F2A65101FB023303F5165312
:10A4E8001C60B4F5967F07D31F4B01FB023303F5BD
:10A4F80016530021198059801B4942F2A65303FBC9
:10A50800021101F516531B6842F2845009588B4218
:10A5180020D25B1A03F59673134942F2A65000FB4A
:10A52800021142F288500B500F4B42F2A65101FB28
:10A53800023342F28C51595842F288501B589942C2
:10A5480007D2094942F2A65000FB021242F28C518E
:10A55800535070BD5B1A044942F2A65000FB021129
:10A5680042F288500B50DFE7044F002003460A4AA6
:10A5780042F2A65101FB002242F28851505848B9D4
:10A58800054A42F2A65101FB032342F290515A5860
:10A5980001325A50704700BF044F002030B5534B6A
:10A5A80042F2A65404FB023342F288541B59002B92
:10A5B80000F098804D4C42F2A65302FB03F304EBE3
:10A5C800030E42F2845C5EF80C5003EB45156559A6
:10A5D80005605EF80C5003EB451525446D68456031
:10A5E8005EF80C5003EB45152544AD6885605EF8B0
:10A5F8000C5003EB45152544ED68C5605EF80C501A
:10A6080003EB451525442D6905615EF80C5003EBF5
:10A61800451323441B7D0375002312E0334842F29F
:10A62800A65C0CFB02FC00EB0C0442F2845E54F8BE
:10A638000EE00CEB4E1C60441844007EC8540133F5
:10A64800DBB2072BEAD9294942F2A65303FB0211D0
:10A6580042F284500B5801330B50B3F5967F08D360
:10A66800224B42F2A65101FB02331C180021195259
:10A6780061801E4942F2A65303FB021101F51653ED
:10A688001B6842F2845009588B4221D25B1A03F5A9
:10A698009673164942F2A65000FB021142F2885006
:10A6A8000B50124B42F2A65101FB023342F28C517D
:10A6B800595842F288501B58994215D20B4942F218
:10A6C800A65000FB021242F28C51535001200AE0BE
:10A6D8005B1A064942F2A65000FB021142F288506A
:10A6E8000B50DEE7002030BD0120FCE7044F0020BE
:10A6F80030B4154C4FEA421C04EB4213056844F889
:10A708000C5044685C6084689C60C468DC600469C0
:10A718001C61007D1875002309E011F803C00A4880
:10A7280000EB4210184480F818C00133DBB2072B45
:10A73800F3D9064B42F2A65101FB023242F294537E
:10A748000021D15430BC7047509A0020044F00209B
:10A75800064B42F2A65202FB003042F29453012209
:10A76800C25442F295530022C2547047044F00204D
:10A77800044B42F2A65202FB003342F29452985C18
:10A78800704700BF044F0020044B42F2A65202FB60
:10A79800003342F29452002199547047044F00202C
:10A7A80000B58BB0002302930393009301930693A3
:10A7B8000793049305930123089369460448F8F71F
:10A7C800ADF910B90BB05DF804FBF7F72FF8F9E70E
:10A7D8003402002008B503210348F8F7A5FB00B9A7
:10A7E80008BDF7F723F8FBE73402002010B544F65C
:10A7F8004C3200210D4802F0F7FE402200210C489F
:10A8080002F0F2FE0B4B00241C605C609C60DC6074
:10A818001C615C61FFF7C4FFFFF7DCFF2046FFF710
:10A8280097FF0548F8F716FA10BD00BF044F00203F
:10A83800509A0020909A00203402002010B58AB067
:10A8480000210191029101AB03AAF8F7C8FA20BBD5
:10A85800079AD3B2072B20D9059BE3B9039BC3F30F
:10A868000A0340F256218B420CD040F2C2318B428F
:10A8780013D1D2B201A9A84802F0A8FEA74B012221
:10A888001A700AE0D2B201A9A54802F09FFEA34BB4
:10A8980001225A7001E0042B01D00AB010BD049CBB
:10A8A80024F060449F4B9C4253D0B4F5E06FF4D140
:10A8B8009DF804406CB99DF805309B4A1370002B35
:10A8C80050D09A4B1B78012B56D0974B00225A71C7
:10A8D8009A71954B1B78012BDFD1012C70D0022C7B
:10A8E80000F08280032C00F0A380042C00F0AC80E0
:10A8F800052C00F0B180062C00F0BF80072C00F07A
:10A90800CA80082C00F0F980092CC6D1864BB3F810
:10A91800052042F40072A3F805209DF8052083F86D
:10A92800AC239DF8062083F8AB239DF8072083F815
:10A93800AA23012283F8A9239DF8082083F8A823D5
:10A948009DF8092083F8A7239DF80A2083F8A623F9
:10A95800A3E7D2B201A9764802F038FE6F4B012274
:10A968009A70A2E740F2AD3200216F4802F03CFE37
:10A978006E4B01221A70ACE700236C4A13700BE08F
:10A9880003F12001684A02EB41026FF0270151717F
:10A998000E21917101339BB2B3F5907FF0D3002360
:10A9A8000BE003F5A071604A02EB41026FF005016C
:10A9B80051710021917101339BB28F2BF1D984E73A
:10A9C800594BB3F8052042F00202A3F805209DF880
:10A9D80005205A749DF80610A3F80F10203203EBD7
:10A9E8004203A3F8051058E74F4AB2F8053043F080
:10A9F8000403A2F805309DF8053013759DF806008C
:10AA080050828F2B12D803F5A07302EB4303A3F8EF
:10AA1800050042E703F5A071434A02EB4102A2F8A0
:10AA2800050001339BB28F2BF4D936E70023FAE7F0
:10AA38003D4BB3F8052042F00802A3F80520DDF8E5
:10AA48000520C3F8012028E7374AB2F8053043F05B
:10AA58001003A2F8053020E7334AB2F8053043F076
:10AA68002003A2F805309DF80530937313F0800F8A
:10AA78007FF413AF2F4A13700FE72B4BB3F8052061
:10AA880042F04002A3F805209DF80620A3F807200D
:10AA9800294B1A6001E7244BB3F8052042F08002E5
:10AAA800A3F805200022DA759A755A759DF80530C5
:10AAB800013BDBB2012B1AD99DF80630013BDBB212
:10AAC800112B01D8184A9375174BD87D997D9DF89D
:10AAD8000720122404FB00330B441A769DF8083033
:10AAE800012B07D0104B0022DA759A75D5E60E4A6D
:10AAF800D375E1E70C4A5375CFE60B4AB2F8053037
:10AB080043F48073A2F805309DF805200B4BDA70EA
:10AB18009DF806209A70C0E6909A0020004F002009
:10AB2800989A00205050FF1888A100200F0000209C
:10AB3800A09A002078AA0020E09A0020C0080020EF
:10AB480010B586B00C4611460020039004220292EC
:10AB58000194082204928DF814001A466846FFF7FB
:10AB680085FC06B010BD000010B58AB0044600236D
:10AB78000393019302931248F8F718F9039018B158
:10AB88002046FFF7F5FD08B90AB010BD2046FFF7CB
:10AB9800EDFC0028F8D0224601A904A8FFF7FEFC26
:10ABA800224601A904A8FFF7A3FD2046FFF7ECFD04
:10ABB80003AB01AA04A90248F8F77AF8E4E700BF52
:10ABC8003402002000B585B00023029303936A463F
:10ABD800009393806421ADF800106E21ADF8021047
:10ABE800ADF8041092E803000290ADF80C1002AA28
:10ABF80010210120FFF7A4FF05B05DF804FB000059
:10AC080000B583B00023009301930D4A10680090AB
:10AC180091889279ADF804108DF80620094AD2ED92
:10AC2800007AFCEEE77A17EE902A8DF807206A463C
:10AC380011210120FFF784FF03B05DF804FB00BF7A
:10AC4800629B00207CA1002000B583B00023009304
:10AC58000193184AB2F87C308DF800301B0A8DF841
:10AC68000130B2F87E308DF802301B0A8DF80330BF
:10AC7800136813B101238DF804300E4B9B882BB158
:10AC88009DF8043043F002038DF804300A4B1B781A
:10AC98008DF80530094B1A788DF806209B788DF8C9
:10ACA800073000236A4612210120FFF749FF03B04D
:10ACB8005DF804FBE09A002088A1002078AA002013
:10ACC80010B582B00023009301931E48026B07EE73
:10ACD800902AF8EEE77A9FED1C7A67EE877AFCEE09
:10ACE800E77A17EE902A8DF80020C2F307228DF834
:10ACF80001200169154CA4FB0121C1F3C7028DF89D
:10AD08000220C1F3C7218DF803104169A4FB01217A
:10AD1800C1F3C7028DF80420C1F3C7218DF80510CF
:10AD2800C269A4FB0212C2F3C7018DF80610C2F370
:10AD3800C7228DF807206A4613210120FFF700FF7C
:10AD480002B010BDE09A00200AD7233CCDCCCCCC71
:10AD580000B583B00023009301930F49B1F8502048
:10AD68008DF80020120A8DF80120B1F855208DF8D1
:10AD78000220120A8DF80320B1F84E208DF8042025
:10AD8800120A8DF805206A4614210120FFF7D8FE23
:10AD980003B05DF804FB00BFE09A002000B583B063
:10ADA8000023009301931049B1F95E208DF800202B
:10ADB800C2F307228DF80120B1F962208DF8022034
:10ADC800C2F307228DF80320B1F95C208DF8042026
:10ADD800C2F307228DF805206A4615210120FFF7E6
:10ADE800AFFE03B05DF804FBE09A002000B583B025
:10ADF800002300930193104A11888DF80010090A66
:10AE08008DF8011051888DF80210090A8DF8031089
:10AE180091888DF80410090A8DF80510D2888DF8EC
:10AE28000620120A8DF807206A4617210120FFF72D
:10AE380087FE03B05DF804FBA447002000B583B08B
:10AE4800002300930193074A9188ADF80010126817
:10AE580001926A4618210120FFF772FE03B05DF8DF
:10AE680004FB00BFE09A002000B583B000230093E4
:10AE7800019302228DF8002012228DF80120082269
:10AE88008DF8022004228DF8032020228DF804205A
:10AE980001208DF8050090228DF806206A461921B8
:10AEA800FFF74EFE03B05DF804FB000000B583B069
:10AEB8000023009301930E4B93F85A36012B0DD0C3
:10AEC8000B4B93F85B36012B0BD000236A462021ED
:10AED8000120FFF735FE03B05DF804FB8DF8003064
:10AEE800EEE79DF8003043F002038DF80030ECE700
:10AEF800E09A002000B583B00023009301931E4B15
:10AF0800B3F8193013F0080F02D001228DF8002091
:10AF180013F0040F05D09DF8002042F002028DF8CE
:10AF2800002013F0020F05D09DF8003043F00C0309
:10AF38008DF80030104BD3F80B20C2F307418DF881
:10AF48000110C2F307218DF802108DF80320D3F801
:10AF58001320C2F307218DF804108DF805201B7EFD
:10AF68008DF8073000236A4621210120FFF7E8FD0C
:10AF780003B05DF804FB00BF3846002000B583B07D
:10AF88000023009301930D494A8A8DF80020120A84
:10AF98008DF801208A8A8DF80220120A8DF8032084
:10AFA800CA8A8DF80420120A8DF805206A462221E3
:10AFB8000120FFF7C5FD03B05DF804FBA44700209E
:10AFC80000B583B00023009301930B46C9B98DF8EF
:10AFD8000000022819D1C0EBC00003EBC30300EB4B
:10AFE80043005830134B1844D0F80230CDF80130E4
:10AFF80000236A4630210120FFF7A2FD03B05DF867
:10B0080004FBC21C8DF80020E3E7C0EBC00003EB93
:10B01800C30300EB43005830064B1844D0F8023005
:10B02800CDF80130C288037AADF805208DF80730D5
:10B03800DEE700BFC008002000B583B000230093FE
:10B0480001930A4671BB8DF8000000EB4000174BD6
:10B058006C2101FB02331A1842F2900C12F80C1002
:10B068008DF8011042F2B401525C8DF80220421CA6
:10B078001A4412F80CE08DF803E0525C8DF80420B5
:10B088000230184410F80C308DF80530435C8DF808
:10B09800063000236A4631210120FFF751FD03B035
:10B0A8005DF804FB831D8DF80030CEE7C008002052
:10B0B80000B583B08446002300930193810001F515
:10B0C8000372094901EB42016A46D1F80200D1F83E
:10B0D800061003C26A460CF580710120FFF730FDA7
:10B0E80003B05DF804FB00BFE09A002000B583B010
:10B0F8008446002300930193810001F5BE7209493B
:10B1080001EB42016A46D1F80200D1F8061003C2E9
:10B118006A460CF500710120FFF712FD03B05DF8D7
:10B1280004FB00BFE09A002000B583B00023009321
:10B138000193104B1B6913F4805F17D0012253B29F
:10B148008DF800200B4A126912F4005F10D001221A
:10B1580043EA42038DF8003000236A464FF4405119
:10B168000120FFF7EDFC03B05DF804FB0022E6E7E1
:10B178000022EDE7000C024000B583B000230093E5
:10B18800019307496A460869496903C26A4643F256
:10B1980001010120FFF7D4FC03B05DF804FB00BFF8
:10B1A800909A002000B583B00023009301930749CB
:10B1B8006A468868C96803C26A4643F202010120E8
:10B1C800FFF7BEFC03B05DF804FB00BF909A0020B7
:10B1D80010B5FFF7F7FCFFF713FDFFF735FDFFF795
:10B1E8006FFDFFF7B5FDFFF7D9FDFFF727FEFFF766
:10B1F8003BFEFFF75BFEFFF7C1FE002404E020469C
:10B20800FFF756FF0134E4B2472CF8D90024232C69
:10B2180005D82046FFF76AFF0134E4B2F7E70024B7
:10B2280009E000212046FFF7CBFE01212046FFF769
:10B23800C7FE0134E4B2022CF3D9002409E000214E
:10B248002046FFF7F9FE01212046FFF7F5FE0134FD
:10B25800E4B2052CF3D9002301E00133DBB2032B60
:10B26800FBD9FFF747FEFFF75FFFFFF7BFFDFFF7CB
:10B2780083FFFFF797FF10BD08B5F7F7E3F8014B19
:10B28800186008BDA89A002008B5F7F7DBF8064B48
:10B298001B68C01A632800D808BD6433024A1360CB
:10B2A800FFF796FFF8E700BFA89A0020114A5369F4
:10B2B80083F480535361104B1B683BB1536983F48B
:10B2C800005353610D4B20229A6170470A4B9B88AB
:10B2D80033B10A4B4FF400129A6110229A617047F9
:10B2E800064B4FF480129A614FF400129A610822BB
:10B2F8009A61704700140240E09A00200010024052
:10B30800034B1B6913F4007F0CBF0120002070471A
:10B31800000C0240064B1B6903F48063002B0CBF32
:10B328000120002003D1034A1378013313707047BA
:10B33800000C0240B09A0020054B1B681BB1054B5E
:10B3480004229A617047034B4FF480229A61704738
:10B35800E09A002000100240164B08229A61164A13
:10B368004FF48041916120229A6140229A618022A3
:10B378009A614FF480729A61A3F580634FF40022BA
:10B388009A614FF480129A614FF400129A614FF457
:10B3980080329A614FF400319961A3F500634FF050
:10B3A800804199614FF00041996103F580639A618A
:10B3B800704700BF0014024000040240164B1B688F
:10B3C8009B0807EE903AF8EE677A144B93ED007AF3
:10B3D800B8EE477AC7EE876A114BC3ED006A93ED62
:10B3E800007AF7EE007AB4EEE77AF1EE10FA01DDB2
:10B3F800C3ED007A0023084A1360084A1360084B1B
:10B4080093ED000AF7EE007A77EEC07A9FED050A11
:10B4180027EE800A704700BF50A5002054A50020E1
:10B4280080A100200000C842094A13680133136054
:10B43800084A1268934206D283F00303064A116849
:10B448000B4413607047024B00221A60704700BF1C
:10B4580064A50020100000205CA5002070B500F055
:10B4680045FCFFF709FF2FE110467D4B1A737D4B12
:10B4780093F84D10FCF7D6FB7B4A536983F0010320
:10B488005361FFF713FFFFF757FFFFF743FF01284B
:10B498001BD00023754A1370754A82F85A36FFF795
:10B4A8002FFF01281DD00023724A1370704A82F8BA
:10B4B8005B3601F031FB704BB3F8053013F4007FB5
:10B4C8001BD16E48FEF73EFB12E1684A1378013340
:10B4D800DBB21370C82BE2D9654B012283F85A26D8
:10B4E800DDE7644A13780133DBB21370C82BE0D967
:10B4F8005F4B012283F85B26DBE75F4823F4007388
:10B50800A0F8053000F2A630FEF77AFAD9E75C4BCE
:10B518001B78012B00F0C180524C0023E370FCF72C
:10B5280007FF0123E370FCF703FFB6E0544B5B7899
:10B53800012B00F0B2804B4D0024EC702046FCF744
:10B5480019FF0123EB702046FCF714FFA5E04C4BD4
:10B558009B78012B00F0A180424C0025E57028461D
:10B56800FCF726FFE5700120FCF704FF0126E670D2
:10B578002846FCF71DFFE6703046FCF7FBFE8CE022
:10B588003F4BDB78012B00F08880364C0025E570B6
:10B598000120FCF70DFFE5700220FCF7EBFE01250A
:10B5A800E5702846FCF704FFE5700220FCF7E2FE90
:10B5B80073E0334B1B79012B6FD02A4C0025E570C3
:10B5C8000220FCF7F5FEE570FCF70CFF0125E5709D
:10B5D8000220FCF7EDFEE570FCF704FF5DE0284B68
:10B5E8005B79012B59D01F4D0024EC702046FCF7E5
:10B5F80013FF0123EB702046FCF70EFF4DE0204BB4
:10B608009B79012B49D0174C0025E5702846FCF79B
:10B6180021FFE5700120FCF7FFFE0126E6702846B1
:10B62800FCF718FFE6703046FCF7F6FE35E0144BE1
:10B63800DB79012B31D00B4C0025E5700120FCF79C
:10B6480009FFE5700220FCF7E7FE0125E5702846B2
:10B65800FCF700FFE5700220FCF7DEFE1DE000BFEE
:10B6680038A50020C0080020000C024084A100205A
:10B67800E09A002061A1002088A10020629B0020A0
:10B6880064A10020B44C0023E3700220FCF7E2FE22
:10B698000123E3700220FCF7DDFEFFF7C5FEAF4B88
:10B6A80001221A70F6F7CEFEAD4B1B68C01AB0F532
:10B6B8007A7F08D3F6F7C6FEA94B1860FFF77EFE1F
:10B6C800A84B83ED000A30BF0020FFF74DFAFFF7C3
:10B6D800DBFDA54B1B78012BF5D1A34B00221A707B
:10B6E800A24B5B7B23B9A24B1B7B012B3FF4BCAE67
:10B6F8009F4BB3F81130013B5C2BCED801A252F816
:10B7080023F000BF17B50008A3B60008A3B60008C9
:10B71800A3B60008A3B60008A3B6000835B500080C
:10B72800A3B60008A3B60008A3B6000857B50008DA
:10B73800A3B60008A3B60008A3B6000889B5000898
:10B74800A3B60008A3B60008A3B60008BBB5000856
:10B75800A3B60008A3B60008A3B60008E7B500081A
:10B76800A3B60008A3B60008A3B6000807B60008E9
:10B77800A3B60008A3B60008A3B6000837B60008A9
:10B78800A3B60008A3B60008A3B600088DB6000843
:10B79800A3B60008A3B6000881B80008A3B600083D
:10B7A800A3B60008A3B60008A3B60008A3B600080D
:10B7B800A3B60008A3B60008A3B60008A3B60008FD
:10B7C800A3B60008A3B60008A3B60008A3B60008ED
:10B7D800A3B60008A3B60008A3B60008A3B60008DD
:10B7E800A3B60008A3B60008A3B60008A3B60008CD
:10B7F800A3B60008A3B60008A3B60008A3B60008BD
:10B80800A3B60008A3B60008A3B60008A3B60008AC
:10B81800A3B60008A3B60008A3B60008A3B600089C
:10B82800A3B60008A3B60008A3B60008A3B600088C
:10B83800A3B60008A3B60008A3B60008A3B600087C
:10B84800C9B80008A3B60008A3B60008A3B6000844
:10B85800A3B60008A3B60008A3B60008F5B8000808
:10B86800A3B60008A3B6000819B90008A3B60008D3
:10B87800A3B600082DB900083C4B1B7A012B3FF4F6
:10B888000CAF3C4B80229A613B4B93F86831002BFC
:10B898007FF403AF394B5B7D002B7FF4FEAE384A53
:10B8A80013780133DBB21370052B7FF6F6AE13461F
:10B8B80005221A70334B01221A70FCF7E5FDECE6FD
:10B8C800304B00221A702B4B4FF400029A61274B21
:10B8D8005B7A012B3FF4E1AE1F4C0023E370FCF7C9
:10B8E800E5FC0123E370FCF7E1FCD6E61F4B9B7AED
:10B8F800012B3FF4D2AE244C204600F01BFA204620
:10B9080000F04EF8204600F077F900F06BF9C4E635
:10B91800164BDB7A012B3FF4C0AE00F073FB00F04E
:10B92800D3F9BAE6114B1B7B012B3FF4B6AE164890
:10B9380000F0B8F900F0C2F9144A13780133DBB209
:10B948001370092B7FF6A9AE1148FEF737FA0F4B93
:10B9580000221A70A1E600BFC008002060A50020E0
:10B9680058A500207CA10020AFAA002064A10020D7
:10B9780038A5002000000240C028002088A100202F
:10B9880060A1002061A50020E09A002078A1002095
:10B99800629B0020014B93F80C04704768A50020B7
:10B9A8002DE9F0410446504BB3F8055015F0020F4D
:10B9B80019D04FF4107203F1450100F21A4001F05A
:10B9C80005FE15F0040F16D04FF49072474904F2A3
:10B9D800FA2001F0FBFD0025284629462B4647F6AC
:10B9E800FF77434E12E04FF41072424900F21A40BA
:10B9F80001F0ECFDE5E74FF490723F4904F2FA20BC
:10BA080001F0E4FDE7E7154401339BB28F2B0ED814
:10BA180003F5BE7204EB4202B2F90220B24201DD24
:10BA280018461646BA42EEDA19461746EBE7A4F866
:10BA38005E60C3B2013384F86130A4F86270CBB29F
:10BA4800013384F865302DB22C4B83FB0523ED17A9
:10BA5800C5EB6313A4F85C30F61BA4F866600025F8
:10BA68002B4647F6FF76AE4602E0154401339BB2FB
:10BA7800B3F5907F12D203F5037204EB4202B2F8D9
:10BA880002C01FFA8CF2724502D90FFA8CFE1846D2
:10BA9800B242EAD20FFA8CF61946E6E71FFA8EF799
:10BAA800A4F850E00130A4F853001FFA86F8A4F86F
:10BAB80055600131A4F85810C4F84A50FEF7A6FCA6
:10BAC8002061FEF7A9FC6061FEF7ACFCE0610B4B5E
:10BAD800A3FB0523C3F38F13A4F84E30A7EB080785
:10BAE800A4F85A70BDE8F08188A100200DA40020B8
:10BAF8000080FFFF3E09002046220020398EE338EF
:10BB080010B487B000230393049305930093019323
:10BB18000293304B5B5C83B92E4A012454542E4A5D
:10BB2800525C9A4212D901EB810203EB82022B4C40
:10BB380044F822000133DBB2F1E7294B5B5C01EBEF
:10BB4800810203EB8203254A42F82300244A535C0E
:10BB58000133DBB25354132B02D9134600225A5433
:10BB68001D4A535C0133DBB25354132B02D91346DD
:10BB780014225A54002310E001EB810203EB8202E5
:10BB8800164850F8224006AA02EB810050F80C2C07
:10BB9800224440F80C2C0133DBB20F4A525C9A4223
:10BBA800EAD86AB906AB03EB810343F8182C06AB55
:10BBB80003EB810151F8180C07B05DF8044B70478E
:10BBC80006AB03EB810050F80C3C93FBF2F340F812
:10BBD800183CECE77CA9002070AA002080A900206E
:10BBE80074AA002008B5FDF7DFFEFDF747FCFDF756
:10BBF800E1F8FDF7F7F908BD10B50446FDF79AFB23
:10BC08006063FDF7B7FAFDEEC07A17EE900A20637D
:10BC1800616C00F0AFFF2368626BB4F84E10606C83
:10BC280001F0AAF8B4F8740000F0C2FF10BD0000DB
:10BC38000B4B1A6B40F6B8339A420BDD094A13884E
:10BC480001339BB213801D2B08D913461E221A807C
:10BC5800012070470020034B188070470020704770
:10BC6800E09A002078A900200B4B1A6B0B4B9A42E4
:10BC78000BDA0B4A138801339BB213801D2B08D9AA
:10BC880013461E221A80012070470020044B18809A
:10BC980070470020704700BFE09A002048F4FFFF7B
:10BCA80076A9002008B5FFF775FEFEF7D9FBFDF76A
:10BCB80097FEFDF7B3F9FDF757FA08BD08B5FCF78D
:10BCC80077FCFCF723FD08BD08B5FEF7C1F9FEF7C0
:10BCD800D7F9FEF7EDF9FEF703FAFEF7A1F9FEF73B
:10BCE80017FAFEF751FAFEF78BFA08BD08B5FEF70A
:10BCF800F9F8FCF7C1FFFCF77FFEFFF72DFBFEF715
:10BD080075FD00F0F7FEFEF793FBFDF719FDFDF753
:10BD18008BF9FDF731FDFDF751F8FCF7EBFFFEF766
:10BD280041F900F0FDFEFCF725FAFCF7B9FB00F03D
:10BD38001FF808BD10B50446FFF77AFF012803D1A4
:10BD48002023A4F8093010BDFFF78EFF012801D089
:10BD58000023F6E71023F4E7C3790133DBB2C3719C
:10BD6800042B01D8002070470023C37101207047BD
:10BD7800034B00221A605A609A60DA601A7470479E
:10BD880078AA0020037813F0010F2BD0244B4FF42E
:10BD980080629A61037813F0020F28D0204B4FF489
:10BDA80000629A61037813F0040F25D01C4B4FF4FE
:10BDB80080529A61037813F0080F22D0184B4FF481
:10BDC80000729A61037813F0100F1FD0144B802271
:10BDD8009A61037813F0200F1DD0114B4FF4807235
:10BDE8009A6170470E4B4FF080629A61D2E70C4B14
:10BDF8004FF000629A61D5E7094B4FF080529A6183
:10BE0800D8E7074B4FF000729A61DBE7044B4FF419
:10BE180000029A61DDE7024B4FF080729A61704729
:10BE2800001002400F4B1B6913F0800F17D000233E
:10BE38000C4A126912F4807F01D143F00403094AC5
:10BE4800126912F0100F01D143F01003054A12696C
:10BE580012F0200F01D143F02003837070470223B2
:10BE6800E6E700BF00180240027883789A420AD0B9
:10BE7800074A13780133DBB213701E2B02D913461D
:10BE880014221A707047024B00221A70704700BFC4
:10BE980089AA0020044B9B792BB9034B01229A7184
:10BEA80000221A701A73704778AA0020034B5B7936
:10BEB80013B9024B01225A71704700BF78AA0020BB
:10BEC80010B50446FFF7E6FF637B012B0DD0A3797D
:10BED800013B0E2B13D8DFE803F00B2C3844121269
:10BEE80012121212121212125000FFF7DFFFEEE7C1
:10BEF800434A13780133DBB21370142B07D86379E4
:10BF0800013B032B4DD8DFE803F043535F6B134627
:10BF180014221A70237843F0040323702046FFF795
:10BF28001BFF0128EBD10223A371354B00221A70A5
:10BF3800E5E7237843F0010323702046FFF70CFF61
:10BF48000128DCD10323A371D9E7237843F0020346
:10BF580023702046FFF700FF0128D0D10423A371E6
:10BF6800CDE7237823F0010323702046FFF7F4FE82
:10BF78000128C4D10F23A371C1E7637B002BBED175
:10BF88002046FFF7E9FE0128B9D101236373B6E71C
:10BF9800237843F0200323702046FFF7DDFE0128B5
:10BFA80003D063790F2B27D010BD02236371F8E704
:10BFB800237843F0080323702046FFF7CDFE0128BD
:10BFC800EFD103236371ECE7237843F01003237068
:10BFD8002046FFF7C1FE0128E3D104236371E0E79F
:10BFE800237823F0080323702046FFF7B5FE0128C5
:10BFF800D7D10F236371D4E701232373D4E700BF9C
:10C0080077AA002010B50A4BB3F8053013F0200FBB
:10C018000AD0084C2046FFF7B5FE2046FFF702FF7E
:10C028002046FFF721FF10BD0248FFF749FFF0E760
:10C0380088A1002078AA002000B501F1020E8379BA
:10C04800234A4FF0010C82F800C0B12B17D0B22B55
:10C0580022D006230B7002234B7003238B72042318
:10C06800CB72002308228A70CB7002790A71427958
:10C078004A7182798A71C279CA711A4623E0154BCE
:10C0880002221A708268144B1A60C268134B1A6035
:10C09800134BAA221A70DCE78268124B5A60828915
:10C0A800A3F80920002303F108020244117A0D4A7B
:10C0B8001A44D1720133DBB2F5E71EF803000244DB
:10C0C80092B20133DBB2052BF7D90A815DF804FB84
:10C0D8001EB400205E4D002044490020AC9A002088
:10C0E800FC4E00204849002010B501F1020C484BD5
:10C0F8001A680A72C2F307244C72C2F307448C729E
:10C10800120ECA729A880A73120A4A73414A12783E
:10C118008A73B3F80920CA731A6B0A611A69C1F8DD
:10C1280034215A69C1F83821B3F87A20A1F83C21A2
:10C13800B3F87C20384CA4FB0242D208A1F83E2177
:10C1480093F8892081F8402193F88A2081F84121C9
:10C1580093F88B2081F84221B3F88030A1F843315D
:10C1680000230EE003F5BE7E294A02EB4E02B2F927
:10C1780002E003F1080201EB4202A2F804E00133F5
:10C188009BB28F2BEED9002308E0214A1A4492F97A
:10C1980082E0CA1882F845E101339BB2062BF4D934
:10C1A8001B4BB3F87C201C4CA4FB0242D208A1F81C
:10C1B8003E2193F8892081F8402193F88A2081F85C
:10C1C800412193F88B2081F84221B3F88030A1F8FF
:10C1D800433106230B7002234B70032381F84E3141
:10C1E800042381F84F3100234C228A700122CA703F
:10C1F80042684A601A4605E01CF80300024492B2FD
:10C2080001339BB2B3F5A67FF6D3A1F84C2110BD3C
:10C21800E09A002078AA0020CDCCCCCCF8B507460F
:10C228000C468E1C45794FF4B8620021204601F077
:10C23800DBF9002211E06B1E40F2C51101FB03235C
:10C2480003F50373214901EB4303598802F19C0369
:10C2580004EB43039980013292B2B2F5907FEAD39E
:10C26800002211E06B1E40F2C51101FB032303F508
:10C27800BE73164901EB4303B3F9021002F10C0334
:10C2880024F81310013292B28F2AEBD906232370B7
:10C2980002236370032384F8BE35042384F8BF3572
:10C2A80000236FF04302A2700522E2707A68626090
:10C2B8001A4604E0F15C0A4492B201339BB240F2A0
:10C2C800B9518B42F6D9A4F8BC25F8BDE09A0020F4
:10C2D80070B506460D468C1C8379C079012B13D0A6
:10C2E800022B1AD006232B7002236B70032385F8C8
:10C2F8004A30042385F84B3000234822AA70EB709B
:10C3080072686A601A4610E0717A337A05F1080299
:10C3180043EA0121FCF7BCFAE4E7FCF743FBE1E759
:10C32800E05C024492B20133DBB2452BF8D9A5F8A0
:10C33800482070BD2DE9F04184B006460D4683794A
:10C34800C2798C1C0189DC2B6FD000F1080012D84F
:10C35800AC2B1FD0BC2B6AD1B368002B5ED1484AE6
:10C368001370484A82F8D03282F8D13282F8D23239
:10C3780082F8D3325BE0EC2B59D1002A6CD0012A29
:10C3880055D1404BB3F874202A72B3F874301B0AA5
:10C398006B724CE09AB1012A49D13A4B93F8892043
:10C3A8002A7293F88A206A7293F88B20AA72B3F8DB
:10C3B8008020EA72B3F880301B0A2B7337E0337A97
:10C3C800632B34D8737A0C2B31D8B37A1F2B2ED821
:10C3D8002D4F4FF01408CDF80880032301930090E7
:10C3E80010234FF4FE42A0213846F7F799FF0A20A0
:10C3F800F6F72EF806F10B03CDF808800222019219
:10C408000093102347F60372A0213846F7F788FFF8
:10C418000A20F6F71DF8FCF72FFC08E0184A01215E
:10C428001170184AC2F8D03201E0012A0FD0062351
:10C438002B7002236B700323AB760423EB76002268
:10C448001823AB70EA7073686B60134611E06423BD
:10C458002B7200236B72EAE742F20F739942E6D817
:10C46800084BA3F87410E2E7E05C024492B201338F
:10C47800DBB2152BF8D92A8304B0BDE8F08100BFE0
:10C488008AAA0020E09A00205C020020837901F14A
:10C49800020CFC2B0FD006230B7002234B700323D6
:10C4A8008B760423CB76002218238B70CA704368DE
:10C4B8004B60134609E0074B01221A70EBE71CF8A2
:10C4C8000300024492B20133DBB2152BF7D90A8379
:10C4D800704700BF8BAA00202DE9F04F93B00546A6
:10C4E80088460B794C790CB1013CE4B2603B0F2BC8
:10C4F8003DD8DFE813F010003C003C003C003C0055
:10C508003C003C003C003C003C003F003C00450037
:10C518003C003C000301221D894B53F82200F3F72D
:10C5280091FF06460F464FEA8408864B03EB8404C6
:10C538002068F3F7A9FF02460B4630463946F3F761
:10C54800FBFF06460F46CDE908677F4B4344186852
:10C55800F3F79AFF02460B4630463946F3F736FEA4
:10C5680002460B46CDE90A23F4F780FAA86013B017
:10C57800BDE8F08F0434724B53F82430AB60F6E713
:10C58800D8F81200F3F76EFF06460F46D8F80A00EF
:10C59800F3F768FFCDE9040102460B4630463946F9
:10C5A800F3F712FE06460F46CDE90867D8F80E9055
:10C5B8004846F3F757FFCDE90601D8F8068040460C
:10C5C800F3F750FF82468B4602460B46DDE906012B
:10C5D800F3F7FAFD02460B46CDE90A233046394601
:10C5E800F4F7D4F802460B46CDE90C23F4F786FAA3
:10C5F8001190F3F749FF06460F4602460B46504690
:10C608005946F3F799FF02460B46CDE90823DDE9C1
:10C618000401F3F7D9FD02460B46CDE90A23F4F7E6
:10C628006DFA10900022494B30463946F3F784FFE3
:10C6380002460B46CDE90823F4F718FAA0F2EE20DB
:10C64800B0F5FA7F01D8C1450CD100233F202872EC
:10C65800422169720F22AA72EB7228736973AA7356
:10C66800EB7384E7A6B204F5FA5308339B009AB239
:10C67800374F4FF03209CDF808904FF00408CDF845
:10C68800048011AB00931023A0213846F7F748FE29
:10C698000A20F5F7DDFE06F5FA530C339AB292003C
:10C6A80092B2CDF80890CDF8048010AB0093102317
:10C6B800A0213846F7F734FE0A20F5F7C9FEFCF743
:10C6C8009BF9A6001F4B03EB84042068F3F7DCFEFC
:10C6D80019A3D3E90023F3F72FFF02460B46CDE950
:10C6E8000823F4F7C3F9A860174B3344D3ED007A55
:10C6F800FDEEE77A17EE903AEB6038E7A600114BAB
:10C7080003EB84042068F3F7BFFE0BA3D3E90023EF
:10C71800F3F712FF02460B46CDE90823F4F7A6F912
:10C72800A860094B3344D3ED007AFDEEE77A17EEA3
:10C73800903AEB601BE700BF0000000080842E41A8
:10C74800E09A002050A10020D09A002000408F409D
:10C758005C020020000000002DE9F04F91B08346F4
:10C7680088460C7991F805A0BAF1000F03D00AF1B8
:10C77800FF3A5FFA8AFAFCF79FFEA4F1C0030F2B79
:10C7880000F2D980DFE813F01000D700D700D700F7
:10C79800D700D700D700D700D700D7002000D70090
:10C7A8003600D700D700DA00BAF1000F07D0BAF187
:10C7B800020F04D0744B1B68CBF80830BBE0734BF6
:10C7C8001B68CBF80830B6E0BAF1000F02D0BAF116
:10C7D800020F03D16D4B1B68CBF80830BAF1010F7B
:10C7E80003D0BAF1030F40F0A680674B1B68CBF863
:10C7F8000830A0E0D8F81200F3F734FE04460D46DE
:10C80800D8F80A00F3F72EFE06460F4602460B46F6
:10C8180020462946F3F7D8FC04460D46CDE90645DF
:10C82800D8F80E00F3F71EFECDE90401D8F806008B
:10C83800F3F718FE8046894602460B46DDE90401F7
:10C84800F3F7C2FC02460B46CDE9082320462946E9
:10C85800F3F79CFF02460B46CDE90A23F4F74EF99D
:10C868000F90F3F711FE04460D4602460B4640466C
:10C878004946F3F761FE02460B46CDE906233046EA
:10C888003946F3F7A1FC02460B46CDE90823F4F735
:10C8980035F90E9000223E4B20462946F3F74CFE10
:10C8A800CDE906011FFA8AF40AF5FA52920092B20B
:10C8B800384D14270297042601960FAB00931023D6
:10C8C800A0212846F7F72CFD0A20F5F7C1FD04F54D
:10C8D800FA5333449AB2920092B2029701960EAB81
:10C8E80000931023A0212846F7F71AFD0A20F5F730
:10C8F800AFFDFCF781F84FEA8A04274B03EB8A0A5D
:10C90800DAF80000F3F7C0FD1DA3D3E90023F3F71D
:10C9180013FE02460B46CDE90623F4F7A7F8CBF839
:10C9280008001E4B2344D3ED007AFDEEE77A17EE9C
:10C93800903ACBF80C3011B0BDE8F08F4FEA8A047A
:10C94800154B03EB8A0ADAF80000F3F79DFD0CA3F8
:10C95800D3E90023F3F7F0FD02460B46CDE90623A1
:10C96800F4F784F8CBF808000C4B2344D3ED007A95
:10C97800FDEEE77A17EE903ACBF80C30DBE700BF14
:10C988000000000080842E41B49A0020B89A00204C
:10C9980000408F405C02002040A10020C09A002087
:10C9A80070B506460D468C1C427983792AB903F086
:10C9B800F003602B11D0C02B14D006232B70022358
:10C9C8006B700323AB760423EB7600231822AA703E
:10C9D800EB7072686A601A460EE0811C0848FFF71F
:10C9E8007BFDEAE7811C0648FFF7B6FEE5E7E05C59
:10C9F800024492B20133DBB2152BF8D92A8370BDF9
:10CA08004CAC002038B52C4B1C799D794FF4FA6258
:10CA180000212A4800F0E8FDA4F10B03132B45D8A8
:10CA2800DFE803F00A444444444410171E444444D5
:10CA38002A4444443644443020491F48FFF7FCFA4E
:10CA48000C2234E01D491C48FFF74EFB4FF4A87236
:10CA58002DE01A491848FFF7E1FB4FF4B86226E0C9
:10CA6800174C2046FCF7CCFF1449A4F10800FFF747
:10CA78003BFB4FF4A8721AE010490F48FFF790FFEC
:10CA88001C2214E00D490C48FFF722FC4C220EE052
:10CA9800FC2D05D009490848FFF74CFC1C2206E08C
:10CAA80006490548FFF7F2FC1C2200E00C22034966
:10CAB8000448FAF751FA38BDB4AB00204CAC00205A
:10CAC800BCAB0020EC07002008B500F07DFC00F0AE
:10CAD800EFFC00B908BDFFF795FF002304E0044A06
:10CAE8000021D15401339BB2972BF8D9F2E700BF4C
:10CAF800B4AB002038B5064C98252A4600212046BC
:10CB080000F072FD2A4621460248FAF743FD38BD77
:10CB18001CAB0020EC07002008B5FFF7D5FF08BDC7
:10CB2800134B0022642183F87E1083F87F206FF076
:10CB38000B0183F87C10012183F87D1083F84820CD
:10CB480083F8492083F840206FF0770C83F841C0C0
:10CB58002A2083F84200112183F8431083F84420E7
:10CB680083F845C083F8460083F84710704700BF34
:10CB7800E09A0020002815DD0B4A136F184410674F
:10CB88000A4BA3FB0131490901EB81010B01B0EB11
:10CB9800011F07D9C01A13461067B2F87420013272
:10CBA800A3F87420704700BFE09A00201F85EB515E
:10CBB800134B1B88834217D0114B188040F6B833AB
:10CBC800984212D90F4B462283F87E20002283F820
:10CBD8007F200C4A136C0C49A1FB03135B09B2F8C4
:10CBE8007E1001FB03F353647047074BA3FB00302F
:10CBF8004009C0F16400034BA3F87E00E9E700BFD9
:10CC080018000020E09A00201F85EB512DE9F04F15
:10CC1800BDB005460E46CA22544909A800F0D6FC04
:10CC280040F63B639D4217D840F6C3539D4205D852
:10CC380040F653539D4207D800241FE040F6FA53AC
:10CC48009D4203D8182419E00C2417E0242415E089
:10CC58003C2413E0542411E040F624739D4205D887
:10CC680040F6BD639D42F3D8302407E040F699733F
:10CC78009D42EFD8482401E00134E4B2642C06D880
:10CC88003CAB03EB440333F8CC3CAB42F4D3632C0A
:10CC980002D814B9002042E06424642C64D03CAB70
:10CCA80003EB440333F8CC0C631E3CAA02EB4303AA
:10CCB80033F8CC7CB84250D0F3F7C4FB80468946A1
:10CCC8002846F3F7BFFB02460B4640464946F3F7B2
:10CCD8007BFA82468B46CDE900AB3846F3F7B2FBC8
:10CCE80002460B4640464946F3F76EFA02460B46A3
:10CCF800CDE9022350465946F3F748FD8046894658
:10CD0800CDE904892046F3F79DFB42464B46F3F7ED
:10CD18005BFA02460B46CDE90623F3F7EFFEF3F77D
:10CD2800B3FB04460D463046F3F78CFB02460B4630
:10CD380020462946F3F700FC02460B46CDE90023BE
:10CD480000220B4BF3F722FD02460B46CDE90223E6
:10CD5800F3F7B4FE3DB0BDE8F08F07EE904AF8EE69
:10CD6800677A17EE900ADAE70248D8E75CD6000837
:10CD7800000059400000C8422DE9F04F2DED028B0C
:10CD88008BB082460846A44C94F800C00CF1010C04
:10CD98005FFA8CFC84F800C0BCF10A0F02D9214666
:10CDA80001240C709C490C78013C072C00F2268168
:10CDB800DFE814F0080024012401490024012101BE
:10CDC800240142019549C96E0A44002A14DD0091E4
:10CDD80000929249CA6613F0020F18D0B0F5486F56
:10CDE80015D28E4B002283F86C2083F86D2083F8CF
:10CDF8006E2083F86F201DE0884A002182F86C10AD
:10CE080082F86D1082F86E1082F86F10E3E7844B99
:10CE18001B78012B08D0814B1A6B824B9A4209DB95
:10CE28007F4B00221A7005E07C4BC3F86CA07C4B4A
:10CE380002221A70794BDB6E534540F2DF80774B44
:10CE4800C3F86CA0DAE0784BB3F90010431A0093EA
:10CE58001D333A2B23D8012445F25553994220D04B
:10CE6800714B1880009202F69F7241F63E739A4207
:10CE780000F2B680002C00F0B3805146FFF7C6FEE2
:10CE88000646664BB3F84830B3F5076F0BD3634BD0
:10CE9800D8660023654A1360654A1370AEE0002423
:10CEA800DAE70124DCE701335C4AA2F84830604A3B
:10CEB80013780133DBB213700E2B40F29F801346B8
:10CEC80000221A70594B1A6802F1010BC3F800B01E
:10CED800524BD86EF3F7B6FA04460D463046F3F7D0
:10CEE800B1FA06460F4602460B4620462946F3F796
:10CEF8006BF98046894600220023F3F78FFD00284E
:10CF08006AD15046F3F79EFA3FA3D3E90023F3F71B
:10CF18003DFC02460B4640464946F3F737FC41ECD8
:10CF2800180BCDE902015846F3F78CFA804689467A
:10CF380002460B4651EC180BF3F7FEFA02460B4675
:10CF480040464946F3F7F8FA02460B46404649463A
:10CF5800F3F7F2FA02460B46CDE90423F3F7AEFDE8
:10CF6800F3F770FA8046894602460B463046394642
:10CF7800F3F7E2FA02460B46CDE9022324A3D3E9EC
:10CF88000023F3F703FC02460B46CDE90423F3F72D
:10CF980095FD064642464B461DA1D1E90001F3F72F
:10CFA80013F902460B46CDE9022320462946F3F73A
:10CFB800C3FA02460B46CDE9042315A3D3E900239F
:10CFC800F3F7E4FB02460B46CDE90623F3F776FDBB
:10CFD8000644124BDE6611E009F10043994690E7DA
:10CFE8000023124A1360124A13700C4A82F8483020
:10CFF80082F8493002E00F4B00221A600BB0BDECFA
:10D00800028BBDE8F08F00BF00000000006AF84006
:10D01800000000E8764837428CAA0020E09A0020F9
:10D02800ACAA002079ECFFFF16000020A8AA002077
:10D03800A4AA002090AA0020484A13780133DBB242
:10D048001370072B02D9134600221A70444BD86E6E
:10D05800444B1C68A04237D9F3F7F4F906460F464B
:10D068002046F3F7EFF904460D4602460B463046D4
:10D078003946F3F7A9F806460F46CDE90267504648
:10D08800F3F7E0F922462B46F3F79EF802460B46E3
:10D09800CDE904230022344BF3F778FB02460B4614
:10D0A800CDE9062330463946F3F770FB02460B46B6
:10D0B800CDE90823294B1C78F3F700FD2B4B23F807
:10D0C800140000231A460CE0244B1A78274B002141
:10D0D80023F81210F5E7254931F813100A440133F3
:10D0E800DBB2072BF7D9D208214B5B8913B91C4B4C
:10D0F800A3F87C201A4BB3F87C30B3F57A7F07D9B4
:10D10800174B6FF0170283F87C20032283F87D20E9
:10D11800134BB3F87C00B0F57A7F07D36FF0170292
:10D1280083F87C20032283F87D2067E7F3F78AF9E8
:10D1380000220D4BF3F700FA02460B46CDE9022315
:10D148000022094BF3F722FB02460B46CDE90423E4
:10D15800F3F7B4FC024BA3F87C004FE7140000205F
:10D16800E09A002090AA002000408F4094AA002056
:10D1780088A100207047000044F6CC0398420FD9DC
:10D1880046F6DE33984205D947F2CE53984225D861
:10D19800112317E045F61843984221D9222311E0BC
:10D1A80042F24443984205D943F22053984219D990
:10D1B800442307E041F62303984215D9662301E08A
:10D1C8000133DBB28D2B04D81D4A32F8132082427A
:10D1D800F6D88D2B0AD853B91A4870470023F1E7BF
:10D1E8003323EFE75523EDE77723EBE78D238D2BEB
:10D1F8001FD0134931F813C0A0EB0C0080B200EB2C
:10D208008000420012B2581E31F81010A1EB0C0138
:10D2180009B203EB8300400080B292FBF1F39BB2AA
:10D22800C01A80B2A0F5FA7000B2B0F5AF6F03DC97
:10D2380070474FF4617070474FF4AF60F8E700BF74
:10D2480048D800080CFEFFFF104BD3F8FC2022F052
:10D258008072C3F8FC20D3F8FC2042F08072C3F837
:10D26800FC20A3F55D431A6822F001021A601A68CF
:10D2780042F001021A6000225A6000BF00BF00BFDE
:10D288005B680BB1104670470120704700ED00E065
:10D2980010B582B00190094B5C68F8F76DFC084A3C
:10D2A800A2FB0032920C019B03FB02F2034B5B686A
:10D2B8001B1B9342FAD302B010BD00BF001000E060
:10D2C80083DE1B4338B51F4B1B68002B38D01E4B21
:10D2D8001B78DBB2012B33D01B4B01221A700024C0
:10D2E80000E00134062C28D804EB440304EB830245
:10D2F800144B13441B79012BF3D1124B1344D3F86D
:10D308000530002BEDD00F491144D1F80920013226
:10D31800C1F809209342E4DC0D46D1F80D30984756
:10D3280000236B72AB72EB722B7328710028D8D173
:10D33800044A1368013B1360D3E7034B00221A70B9
:10D3480038BD00BFB0AA0020ADAA002008B5026809
:10D35800184B9A422AD0184AB2F81330013399B2BE
:10D36800A2F81330632903D913460022DA741A7518
:10D37800124B01221A70124A13780133DBB2137070
:10D38800092B05D9134600221A700B4B01221A7378
:10D39800094AB2F81130013399B2A2F81130632961
:10D3A80003D9134600225A749A7408BDFFF78AFFFE
:10D3B800D1E700BF0000014038A50020AFAA002037
:10D3C800AEAA00207047704738B53148848D836B0A
:10D3D8001B685B689BB2E41AA4B2FAF785F868B9CF
:10D3E8002C4B1B88A3420FD02B4B01221A80294BB0
:10D3F8001C802A4B1B88012B0ED038BD9822284947
:10D408002348FAF7C7F8EBE7234B1B88012BF0D129
:10D41800224B01221A80ECE700231F4A13801F4A7F
:10D428001380204B1A88A242E7D011D2A51AADB2B8
:10D438001D4B1D80002306E0D1181948405C1B498C
:10D44800C85401339BB29D42F6D8164B1C80D4E7D2
:10D45800C2F1980189B2144B1980002308E0D01852
:10D468000F4D15F800C0114800F803C001339BB2F6
:10D478009942F4D8002CE8D0002306E0CA180848DE
:10D48800C55C0A48855401339BB2A342F6D3DCE756
:10D49800EC07002020B4002010AB002012AB0020C5
:10D4A8001CAB00201CB4002014AB0020B4AB00203F
:10D4B800002347E09A1C14F802E02F4AA2F800E083
:10D4C80003F1030C14F80C404EEA042EA2F800E015
:10D4D800BEF1930F43D80EEB0102284CA65C284AF4
:10D4E800168003EB0E077D1C645D46EA0426168051
:10D4F80002224FF0000C07E05418204D2C5DA44484
:10D508001FFA8CFC013292B29645F5D8664526D1B1
:10D51800BA1C1A4CA25C032A21D1FD1C625D042AA4
:10D528001DD1002305E0CC18144A145DD4540133EE
:10D538009BB20EF104029342F5D300E00020F0BD47
:10D5480001339BB28B2B14D819460C4AD05C0128A6
:10D55800F6D1F0B55A1C094CA25C022AAAD00133B4
:10D568009BB28B2BEAD81946044AD05C0128F6D125
:10D57800F0E70020704700BF16AB0020B4AB0020D6
:10D5880018AB002070B50D4D0D4C641BA41000267F
:10D59800A64209D10B4D0C4C00F02EF8641BA410C8
:10D5A8000026A64205D170BD55F8043B98470136C0
:10D5B800EEE755F8043B98470136F2E76CD90008C6
:10D5C8006CD900086CD9000870D900080A44914247
:10D5D80000F1FF3300D1704710B511F8014B03F883
:10D5E800014F9142F9D110BD02440346934200D144
:10D5F800704703F8011BF9E7F8B500BFF8BC08BC91
:10D608009E467047F8B500BFF8BC08BC9E467047F8
:10D6180004000600080000000C000E000D000000C9
:10D628003D1930150110C30EECFF3E258723F92064
:10D638000620000033298E28C02800271900482911
:10D64800BB29FE28DE283200C800F401E803D00711
:10D65800000000001E0C4E0C7F0CAF0CE00C100DEF
:10D66800190D220D2B0D340D3D0D490D540D600D76
:10D678006B0D770D810D8B0D950D9F0DA90DB00DBF
:10D68800B70DBD0DC40DCB0DCF0DD30DD80DDC0DD1
:10D69800E00DE50DE90DEE0DF20DF70DFB0DFF0D9B
:10D6A800030E070E0B0E100E150E190E1E0E230E6E
:10D6B8002B0E330E3C0E440E4C0E580E640E6F0E9D
:10D6C8007B0E870E920E9D0EA80EB30EBE0EC70ED1
:10D6D800CF0ED80EE00EE90EF20EFB0E030F0C0F64
:10D6E800150F1D0F250F2D0F350F3D0F470F510F2C
:10D6F8005C0F660F700F7B0F850F900F9A0FA50FA9
:10D70800AC0FB20FB90FBF0FC60FCD0FD40FDC0F80
:10D71800E30FEA0F001016102D10431059100000E7
:10D7280000000000000000000102030406070809C9
:10D73800000000000102030400061016000610167F
:10D7480000070E091C1B1215383F363124232A2DD9
:10D7580070777E796C6B6265484F464154535A5DC9
:10D76800E0E7EEE9FCFBF2F5D8DFD6D1C4C3CACDB9
:10D7780090979E998C8B8285A8AFA6A1B4B3BABDA9
:10D78800C7C0C9CEDBDCD5D2FFF8F1F6E3E4EDEA99
:10D79800B7B0B9BEABACA5A28F88818693949D9A89
:10D7A8002720292E3B3C35321F18111603040D0A79
:10D7B8005750595E4B4C45426F68616673747D7A69
:10D7C800898E878095929B9CB1B6BFB8ADAAA3A459
:10D7D800F9FEF7F0E5E2EBECC1C6CFC8DDDAD3D449
:10D7E800696E676075727B7C51565F584D4A434439
:10D7F800191E171005020B0C21262F283D3A333429
:10D808004E49404752555C5B7671787F6A6D646318
:10D818003E39303722252C2B0601080F1A1D141308
:10D82800AEA9A0A7B2B5BCBB9691989F8A8D8483F8
:10D83800DED9D0D7C2C5CCCBE6E1E8EFFAFDF4F3E8
:10D84800227BE77AA87A677A247ADD79947947790E
:10D85800F978A8784E780778BA7767770D77AB7636
:10D868004176CE754E75C2742774BF735073DA72E1
:10D878005A72D0713A719870E86F266F526EC46D03
:10D888002C6D8B6CDE6B256B5E6A8869A168A66758
:10D898009466DD651A654C6471638962916188607C
:10D8A8006D5F3D5EF55C185C305B3B5A3A592A580F
:10D8B8000C57DC559B544653D751E050DF4FD24E9E
:10D8C800B94D934C604B1E4ACC486947F445F54422
:10D8D800ED43DC42C1419C406B3F2F3EE63C913B0F
:10D8E8002B3A37393C383A37313620350734E63267
:10D8F800BC318830442F682E872DA12CB72BC72A1E
:10D90800D229D728D627D026BE2503254424832309
:10D91800BE22F6212B215C208A1FB41ECD1D341D8A
:10D92800981CFB1B5C1BBB1A181A7319CC182318FC
:10D938006317E8166C16EF157015F0146F14ED13D5
:10D948006A13E5125112F0118F112D11CA106710C8
:0CD9580003109E0F390FD30E5F0E140E4B
:08D964001033FF7F01000000F9
:04D96C00AD01000801
:04D970008901000821
:10D974000024F400010000001000000001138801DD
:0CD98400606D000007005555FFFF00001B
:04000005080023616B
:00000001FF
